segment_id,road_name,road_type,risk_category,road_risk_score,segment_risk_score,ai_risk_label,ai_risk_probability,prob_low_risk,prob_medium_risk,prob_high_risk,prob_critical_risk,ai_recommended_speed,recommended_safe_speed,road_function_score,infrastructure_score,exposure_score,human_tolerance_limit,operating_speed_score,crash_risk_score,start_km,end_km,start_lat,start_lon,end_lat,end_lon,geometry,posted_speed_limit,pedestrian_exposure_score,blackspot_flag,crash_count,fatal_crashes,schools_count,lighting_quality,roadside_hazards,intersection_density,speed_compliance_rate,speed_violation_score,hotspot_score,hotspot_category,human_segment_id,internal_id,speed_safety_score,original_safe_speed,misalignment_score,misalignment_category,speed_p85,ptw_share_pct,exposure_tier,urban_rural_flag,lane_count,median_presence,land_use_type,top_ai_factors,corridor_base,corridor_seq,congestion_index,congestion_category,congestion_smoothed,operating_speed_mean,final_safe_speed,minor_crashes,major_crashes
507,Anekal-Attibele Rd (SH-82) Seg-1,Highway,Moderate Misalignment,25,25,Moderate Misalignment,0.6669483293373465,0.2416906786973294,0.6669483293373465,0.0911920104277825,0.00016898153754148578,50,50,100.0,0.0,12.2,50,63.7,0,0.0,0.896,12.71,77.695,12.714545454545457,77.70181818181817,"LINESTRING(77.695 12.71, 77.701818 12.714545)",70,0.3,No,0,0,0,Poor,Medium,0.14,1.0,0.0,30.3,Moderate Risk,SEG-00507,SEG_000000507,54.1,50,43.1,Moderate Misalignment,64.1,40.2,Side Impact Potential,Rural,7,False,Residential,Poor Infrastructure | Above Human Tolerance Limit,Anekal-Attibele Rd (SH-82),0,0.233,Light,False,45.8,50,0,0
508,Anekal-Attibele Rd (SH-82) Seg-2,Highway,Aligned,9,9,Aligned,0.918060245707285,0.918060245707285,0.08058167458704087,0.0013534024277776016,4.677277896685233e-06,54,54,100.0,0.0,13.0,80,67.8,0,0.896,1.792,12.714545454545457,77.70181818181817,12.71909090909091,77.70863636363636,"LINESTRING(77.701818 12.714545, 77.708636 12.719091)",60,5.5,No,0,0,0,Good,Low,0.12,1.0,0.0,20.2,Safe,SEG-00508,SEG_000000508,69.6,54,17.4,Aligned,54.4,33.2,Separated Traffic,Rural,5,True,Residential,Poor Infrastructure,Anekal-Attibele Rd (SH-82),1,0.245,Light,False,38.5,54,0,0
509,Anekal-Attibele Rd (SH-82) Seg-3,Highway,Aligned,26,26,Aligned,0.5571559861247333,0.5571559861247333,0.0536566398962727,0.38875189945627153,0.0004354745227224785,80,80,100.0,5.9,16.8,80,68.9,0,1.7920000000000005,2.688,12.71909090909091,77.70863636363636,12.723636363636365,77.71545454545453,"LINESTRING(77.708636 12.719091, 77.715455 12.723636)",90,7.7,No,0,0,0,Poor,Low,0.12,0.68,32.0,38.0,Moderate Risk,SEG-00509,SEG_000000509,44.5,80,61.1,High Misalignment,119.1,42.1,Separated Traffic,Rural,5,True,Commercial,Speed Limit Misaligned | Poor Infrastructure | Above Human Tolerance Limit,Anekal-Attibele Rd (SH-82),2,0.0,,False,110.8,80,0,0
510,Anekal-Attibele Rd (SH-82) Seg-4,Highway,Aligned,10,10,Aligned,0.8446413879644968,0.8446413879644968,0.133672844623725,0.021680509578267476,5.2578335107391604e-06,62,62,100.0,9.4,15.9,80,70.3,0,2.688,2.888,12.723636363636365,77.71545454545453,12.72465,77.71697499999999,"LINESTRING(77.715455 12.723636, 77.716975 12.72465)",70,6.8,No,0,0,0,Poor,Medium,0.16,1.0,0.0,19.9,Safe,SEG-00510,SEG_000000510,71.6,62,17.2,Aligned,61.6,40.0,Separated Traffic,Rural,5,True,Industrial,Poor Infrastructure,Anekal-Attibele Rd (SH-82),3,0.0,,False,50.2,62,0,0
511,Anekal-Attibele Rd (SH-82) Seg-5,Highway,Moderate Misalignment,24,24,Moderate Misalignment,0.5505378239881951,0.3231955330391671,0.5505378239881951,0.1259948483694166,0.0002717946032212677,80,80,100.0,9.4,17.7,80,86.4,0,2.888,3.265,12.72465,77.71697499999999,12.726565,77.7198475,"LINESTRING(77.716975 12.72465, 77.719848 12.726565)",90,9.6,No,0,0,0,Poor,Low,0.17,0.84,16.0,31.7,Moderate Risk,SEG-00511,SEG_000000511,54.5,80,45.6,Moderate Misalignment,104.3,42.2,Separated Traffic,Rural,8,True,Residential,Poor Infrastructure | Above Human Tolerance Limit,Anekal-Attibele Rd (SH-82),4,0.157,Light,False,81.0,80,0,0
512,Anekal-Attibele Rd (SH-82) Seg-6,Highway,Aligned,9,9,Aligned,0.9055894770911386,0.9055894770911386,0.08692214791749474,0.007410938899616478,7.743609175030014e-05,50,50,100.0,10.6,16.5,80,66.4,0,3.265,3.584,12.726565,77.7198475,12.728181818181818,77.72227272727272,"LINESTRING(77.719848 12.726565, 77.722273 12.728182)",60,9.8,No,0,0,0,Poor,Low,0.18,1.0,0.0,20.0,Safe,SEG-00512,SEG_000000512,71.7,50,17.3,Aligned,50.2,37.0,Separated Traffic,Rural,6,True,Residential,Poor Infrastructure,Anekal-Attibele Rd (SH-82),5,0.19,Light,False,37.6,50,0,0
513,Anekal-Attibele Rd (SH-82) Seg-7,Highway,Aligned,25,70,Aligned,0.833832714338521,0.833832714338521,0.14580775287169825,0.020319676545212325,3.9856244568357597e-05,70,61,100.0,0.0,16.6,80,78.2,45,3.5840000000000005,4.48,12.728181818181818,77.72227272727272,12.732727272727272,77.7290909090909,"LINESTRING(77.722273 12.728182, 77.729091 12.732727)",80,5.1,No,1,1,0,Good,Medium,0.15,1.0,0.0,32.9,Moderate Risk,SEG-00513,SEG_000000513,59.8,70,18.7,Aligned,70.4,46.3,Separated Traffic,Rural,6,True,Residential,Poor Infrastructure,Anekal-Attibele Rd (SH-82),6,0.0,,False,65.5,61,0,0
514,Anekal-Attibele Rd (SH-82) Seg-8,Highway,Aligned,13,13,Aligned,0.7590210487522259,0.7590210487522259,0.20798427508962244,0.03296429069719807,3.0385460953639714e-05,51,51,100.0,7.1,16.4,80,55.3,0,4.48,5.376,12.732727272727272,77.7290909090909,12.737272727272728,77.73590909090909,"LINESTRING(77.729091 12.732727, 77.735909 12.737273)",70,5.2,No,0,0,0,Poor,Low,0.18,1.0,0.0,20.5,Safe,SEG-00514,SEG_000000514,70.8,51,17.7,Aligned,51.0,46.0,Separated Traffic,Rural,4,True,Residential,Poor Infrastructure,Anekal-Attibele Rd (SH-82),7,0.146,Light,False,40.2,51,0,0
515,Anekal-Attibele Rd (SH-82) Seg-9,Highway,Moderate Misalignment,28,28,Moderate Misalignment,0.9432244199506535,0.026760167829931965,0.9432244199506535,0.02997715375317412,3.825846624028589e-05,80,80,100.0,0.0,15.1,80,96.7,0,5.376,6.272,12.737272727272728,77.73590909090909,12.741818181818182,77.74272727272727,"LINESTRING(77.735909 12.737273, 77.742727 12.741818)",90,7.7,No,0,0,0,Poor,High,0.14,0.71,29.0,36.9,Moderate Risk,SEG-00515,SEG_000000515,45.3,80,57.9,High Misalignment,115.8,36.9,Separated Traffic,Rural,5,True,Residential,Speed Limit Misaligned | Poor Infrastructure | Above Human Tolerance Limit,Anekal-Attibele Rd (SH-82),8,0.186,Light,False,87.8,80,0,0
516,Anekal-Attibele Rd (SH-82) Seg-10,Highway,Critical Misalignment,70,70,Critical Misalignment,0.9948143080670375,0.00010800385081272641,0.0015205197100427324,0.0035571683721068973,0.9948143080670375,50,50,100.0,0.0,16.7,50,86.6,0,6.272,7.168,12.741818181818182,77.74272727272727,12.746363636363636,77.74954545454545,"LINESTRING(77.742727 12.741818, 77.749545 12.746364)",80,9.5,No,0,0,0,Good,High,0.18,0.76,24.0,45.3,Moderate Risk,SEG-00516,SEG_000000516,33.4,50,77.7,Critical Misalignment,99.4,38.9,Side Impact Potential,Rural,7,False,Industrial,Speed Limit Misaligned | Poor Infrastructure | Above Human Tolerance Limit,Anekal-Attibele Rd (SH-82),9,0.0,,False,88.9,50,0,0
517,Anekal-Attibele Rd (SH-82) Seg-11,Highway,Aligned,13,13,Aligned,0.7560359750750243,0.7560359750750243,0.23546710250467104,0.008478672007504356,1.825041280034828e-05,51,51,100.0,21.2,19.3,80,80.0,0,7.168,8.064,12.746363636363636,77.74954545454545,12.75090909090909,77.75636363636363,"LINESTRING(77.749545 12.746364, 77.756364 12.750909)",60,14.0,No,0,0,0,Good,Low,0.18,1.0,0.0,19.5,Safe,SEG-00517,SEG_000000517,74.1,51,16.9,Aligned,50.9,40.8,Separated Traffic,Rural,7,True,Residential,Poor Infrastructure,Anekal-Attibele Rd (SH-82),10,0.0,,False,46.7,51,0,0
518,Anekal-Attibele Rd (SH-82) Seg-12,Highway,Moderate Misalignment,22,22,Moderate Misalignment,0.6594547598060115,0.3268817553396827,0.6594547598060115,0.013647202977889157,1.6281876416613323e-05,67,67,100.0,10.6,19.1,80,50.7,0,8.064,8.96,12.75090909090909,77.75636363636363,12.755454545454546,77.76318181818182,"LINESTRING(77.756364 12.750909, 77.763182 12.755455)",90,12.5,No,0,0,0,Poor,High,0.14,1.0,0.0,26.2,Moderate Risk,SEG-00518,SEG_000000518,63.5,67,31.1,Moderate Misalignment,66.6,42.2,Separated Traffic,Rural,6,True,Residential,Poor Infrastructure | Above Human Tolerance Limit,Anekal-Attibele Rd (SH-82),11,0.0,,False,57.1,67,0,0
519,Anekal-Attibele Rd (SH-82) Seg-13,Highway,Moderate Misalignment,27,27,Moderate Misalignment,0.9340865619717039,0.06380410314575329,0.9340865619717039,0.002053796871894738,5.553801064803592e-05,80,80,100.0,4.7,12.2,80,94.1,0,8.959999999999999,9.856,12.755454545454546,77.76318181818182,12.76,77.77,"LINESTRING(77.763182 12.755455, 77.77 12.76)",80,3.1,No,0,0,0,Poor,High,0.18,0.89,11.0,22.8,Safe,SEG-00519,SEG_000000519,65.6,80,25.5,Moderate Misalignment,88.6,35.1,Separated Traffic,Rural,8,True,Commercial,Poor Infrastructure,Anekal-Attibele Rd (SH-82),12,0.0,,False,76.1,80,0,0
520,Anekal-Attibele Rd (SH-82) Seg-14,Highway,Moderate Misalignment,31,31,Moderate Misalignment,0.6777943082666555,0.09122403006466483,0.6777943082666555,0.22959609311766158,0.0013855685510180812,50,50,100.0,14.1,19.3,50,82.8,0,9.856000000000002,10.729,12.76,77.77,12.762307692307692,77.7776923076923,"LINESTRING(77.77 12.76, 77.777692 12.762308)",60,11.4,No,0,0,1,Poor,Medium,0.17,1.0,0.0,25.7,Moderate Risk,SEG-00520,SEG_000000520,64.3,50,30.8,Moderate Misalignment,52.7,44.6,Side Impact Potential,Rural,5,False,Residential,Poor Infrastructure | Above Human Tolerance Limit,Anekal-Attibele Rd (SH-82),13,0.0,,False,48.5,50,0,0
521,Anekal-Attibele Rd (SH-82) Seg-15,Highway,Moderate Misalignment,26,26,Moderate Misalignment,0.8519779216537446,0.12680586656032664,0.8519779216537446,0.021174424443780152,4.1787342148586635e-05,71,71,100.0,14.1,18.8,80,92.0,0,10.729,11.602,12.762307692307692,77.7776923076923,12.764615384615384,77.78538461538461,"LINESTRING(77.777692 12.762308, 77.785385 12.764615)",60,9.4,No,0,0,0,Poor,Medium,0.16,0.82,18.0,24.8,Safe,SEG-00521,SEG_000000521,65.5,71,28.9,Moderate Misalignment,70.9,46.5,Separated Traffic,Rural,4,True,Mixed,Poor Infrastructure,Anekal-Attibele Rd (SH-82),14,0.172,Light,False,54.7,71,0,0
522,Anekal-Attibele Rd (SH-82) Seg-16,Highway,Aligned,9,9,Aligned,0.916728184958043,0.916728184958043,0.08222397531507777,0.0010436964307628247,4.143296116476349e-06,65,65,100.0,0.0,13.1,80,71.8,0,11.602,12.475,12.764615384615384,77.78538461538461,12.766923076923076,77.79307692307692,"LINESTRING(77.785385 12.764615, 77.793077 12.766923)",70,4.1,No,0,0,0,Good,Low,0.16,1.0,0.0,20.3,Safe,SEG-00522,SEG_000000522,69.5,65,17.5,Aligned,65.0,36.8,Separated Traffic,Rural,4,True,Residential,Poor Infrastructure,Anekal-Attibele Rd (SH-82),15,0.14,Light,False,51.2,65,0,0
523,Anekal-Attibele Rd (SH-82) Seg-17,Highway,Moderate Misalignment,28,28,Moderate Misalignment,0.994138324138069,0.004580670561108608,0.994138324138069,0.001211740121177402,6.926517964484975e-05,80,80,100.0,10.6,14.4,80,99.8,0,12.475,13.348,12.766923076923076,77.79307692307692,12.769230769230768,77.80076923076923,"LINESTRING(77.793077 12.766923, 77.800769 12.769231)",80,6.9,No,0,0,0,Poor,Low,0.14,0.77,23.0,26.7,Moderate Risk,SEG-00523,SEG_000000523,60.9,80,35.4,Moderate Misalignment,98.2,35.1,Separated Traffic,Rural,4,True,Residential,Poor Infrastructure,Anekal-Attibele Rd (SH-82),16,0.0,,False,79.9,80,0,0
524,Anekal-Attibele Rd (SH-82) Seg-18,Highway,High Misalignment,49,49,High Misalignment,0.8785178310356002,0.0411078346444382,0.08033550031788636,0.8785178310356002,3.883400207535279e-05,50,50,100.0,0.0,13.8,50,59.8,0,13.348,14.221,12.769230769230768,77.80076923076923,12.77153846153846,77.80846153846154,"LINESTRING(77.800769 12.769231, 77.808462 12.771538)",90,3.4,No,0,0,0,Poor,High,0.13,1.0,0.0,41.3,Moderate Risk,SEG-00524,SEG_000000524,38.2,50,69.6,High Misalignment,82.8,39.6,Side Impact Potential,Rural,7,False,Residential,Speed Limit Misaligned | Poor Infrastructure | Above Human Tolerance Limit,Anekal-Attibele Rd (SH-82),17,0.18,Light,False,63.2,50,0,0
525,Anekal-Attibele Rd (SH-82) Seg-19,Highway,Moderate Misalignment,30,30,Moderate Misalignment,0.7979965732927173,0.06397573840918126,0.7979965732927173,0.13789434626294214,0.00013334203515933201,46,46,100.0,18.8,17.5,50,66.7,0,14.221,15.094,12.77153846153846,77.80846153846154,12.773846153846153,77.81615384615385,"LINESTRING(77.808462 12.771538, 77.816154 12.773846)",60,8.7,No,0,0,0,Good,Medium,0.12,1.0,0.0,24.3,Safe,SEG-00525,SEG_000000525,66.1,46,29.5,Moderate Misalignment,46.5,42.4,Side Impact Potential,Rural,8,False,Industrial,Poor Infrastructure | Above Human Tolerance Limit,Anekal-Attibele Rd (SH-82),18,0.0,,False,37.8,46,0,0
526,Anekal-Attibele Rd (SH-82) Seg-20,Highway,Aligned,21,21,Aligned,0.6027900292350235,0.6027900292350235,0.15432749920714678,0.24284745856573606,3.501299209375738e-05,68,68,100.0,9.4,21.8,80,82.6,0,15.094,15.967,12.773846153846153,77.81615384615385,12.776153846153846,77.82384615384615,"LINESTRING(77.816154 12.773846, 77.823846 12.776154)",70,15.1,No,0,0,0,Poor,High,0.14,1.0,0.0,22.2,Safe,SEG-00526,SEG_000000526,70.3,68,19.3,Aligned,67.6,46.8,Separated Traffic,Rural,4,True,Commercial,Poor Infrastructure,Anekal-Attibele Rd (SH-82),19,0.0,,False,58.4,68,0,0
527,Anekal-Attibele Rd (SH-82) Seg-21,Highway,Critical Misalignment,69,69,Critical Misalignment,0.9700967654114794,0.0007011272493228863,0.021474491487685054,0.007727615851512654,0.9700967654114794,50,50,100.0,0.0,16.7,50,89.5,0,15.967,16.84,12.776153846153846,77.82384615384615,12.77846153846154,77.83153846153846,"LINESTRING(77.823846 12.776154, 77.831538 12.778462)",90,9.5,No,0,0,0,Good,Medium,0.14,0.95,5.0,44.4,Moderate Risk,SEG-00527,SEG_000000527,34.7,50,75.5,Critical Misalignment,94.8,39.2,Side Impact Potential,Rural,6,False,Industrial,Speed Limit Misaligned | Poor Infrastructure | Above Human Tolerance Limit,Anekal-Attibele Rd (SH-82),20,0.0,,False,83.0,50,0,0
528,Anekal-Attibele Rd (SH-82) Seg-22,Highway,Moderate Misalignment,30,30,Moderate Misalignment,0.49602615380852494,0.2217412397935447,0.49602615380852494,0.2820900729494659,0.00014253344846460803,80,80,100.0,0.0,16.3,80,86.3,0,16.84,17.713,12.77846153846154,77.83153846153846,12.78076923076923,77.83923076923077,"LINESTRING(77.831538 12.778462, 77.839231 12.780769)",90,4.3,No,0,0,0,Poor,Low,0.1,0.88,12.0,31.2,Moderate Risk,SEG-00528,SEG_000000528,54.3,80,42.8,Moderate Misalignment,100.9,46.4,Separated Traffic,Rural,4,True,Residential,Poor Infrastructure | Above Human Tolerance Limit,Anekal-Attibele Rd (SH-82),21,0.0,,False,80.9,80,0,0
529,Anekal-Attibele Rd (SH-82) Seg-23,Highway,Moderate Misalignment,24,24,Moderate Misalignment,0.8336414842374934,0.1634934182797585,0.8336414842374934,0.0024451442227487767,0.0004199532599993469,80,80,100.0,15.3,12.9,80,88.3,0,17.712999999999997,18.586,12.78076923076923,77.83923076923077,12.783076923076925,77.84692307692308,"LINESTRING(77.839231 12.780769, 77.846923 12.783077)",60,4.7,No,0,0,0,Poor,Low,0.13,0.66,34.0,26.4,Moderate Risk,SEG-00529,SEG_000000529,61.0,80,36.7,Moderate Misalignment,80.5,34.9,Separated Traffic,Rural,8,True,Industrial,Poor Infrastructure,Anekal-Attibele Rd (SH-82),22,0.0,,False,67.8,80,0,0
530,Anekal-Attibele Rd (SH-82) Seg-24,Highway,Moderate Misalignment,28,28,Moderate Misalignment,0.902148106389091,0.052556461825774545,0.902148106389091,0.04521092693152923,8.45048536051488e-05,80,80,100.0,0.0,12.0,80,99.3,0,18.586,19.459,12.783076923076925,77.84692307692308,12.785384615384617,77.85461538461539,"LINESTRING(77.846923 12.783077, 77.854615 12.785385)",80,2.6,No,0,0,0,Poor,Low,0.11,0.66,34.0,31.2,Moderate Risk,SEG-00530,SEG_000000530,52.8,80,45.4,Moderate Misalignment,107.3,35.6,Separated Traffic,Rural,4,True,Residential,Approach to Congestion (Tapered) | Poor Infrastructure,Anekal-Attibele Rd (SH-82),23,0.194,Light,True,80.4,80,0,0
531,Anekal-Attibele Rd (SH-82) Seg-25,Highway,Moderate Misalignment,27,27,Moderate Misalignment,0.9751422255145057,0.021287777730573023,0.9751422255145057,0.003568286916794152,1.709838126883949e-06,80,80,100.0,0.0,14.0,80,0.1,0,19.459,20.332,12.785384615384617,77.85461538461539,12.787692307692309,77.8623076923077,"LINESTRING(77.854615 12.785385, 77.862308 12.787692)",90,0.3,No,0,0,0,Poor,Low,0.1,0.92,8.0,28.8,Moderate Risk,SEG-00531,SEG_000000531,57.0,80,38.3,Moderate Misalignment,97.3,46.1,Separated Traffic,Rural,7,True,Residential,Active Congestion | Poor Infrastructure | Above Human Tolerance Limit,Anekal-Attibele Rd (SH-82),24,0.772,Severe,False,23.4,80,0,0
532,Anekal-Attibele Rd (SH-82) Seg-26,Highway,Moderate Misalignment,27,27,Moderate Misalignment,0.8984512575816785,0.0760011318930825,0.8984512575816785,0.025513717791272265,3.3892733966687375e-05,76,76,100.0,0.0,19.0,80,95.1,0,20.332,21.205,12.787692307692309,77.8623076923077,12.79,77.87,"LINESTRING(77.862308 12.787692, 77.87 12.79)",60,9.3,No,0,0,0,Poor,Medium,0.11,0.74,26.0,29.0,Moderate Risk,SEG-00532,SEG_000000532,58.6,76,35.6,Moderate Misalignment,75.5,46.4,Separated Traffic,Rural,4,True,Residential,Poor Infrastructure,Anekal-Attibele Rd (SH-82),25,0.0,,False,63.2,76,0,0
533,Arterial Rd Zone0-533,Arterial,Aligned,8,8,Aligned,0.976954054211502,0.976954054211502,0.02193847217566742,0.0010927837055272136,1.4689907303203147e-05,35,35,85.5,31.8,26.8,50,79.9,0,0.0,0.274,12.932811864007707,77.61068484861616,12.934365919867057,77.60872217485212,"LINESTRING(77.610685 12.932812, 77.608722 12.934366)",40,18.9,No,0,0,0,Poor,Medium,2.04,1.0,0.0,20.8,Safe,SEG-00533,SEG_000000533,75.5,35,18.1,Aligned,35.3,55.0,Side Impact Potential,Urban,5,True,Residential,Poor Infrastructure,Arterial Rd Zone0-533,0,0.181,Light,False,26.6,35,0,0
534,Arterial Rd Zone0-534,Arterial,Aligned,8,8,Aligned,0.9531886219417787,0.9531886219417787,0.0379866924543695,0.008809746002652817,1.4939601199075866e-05,30,30,88.0,36.5,29.2,50,53.6,0,0.0,0.343,12.980843300799275,77.55345922466337,12.98298328584666,77.55574289898308,"LINESTRING(77.553459 12.980843, 77.555743 12.982983)",40,20.4,No,0,0,0,Good,Medium,1.81,1.0,0.0,21.0,Safe,SEG-00534,SEG_000000534,76.3,30,18.3,Aligned,30.1,62.3,Side Impact Potential,Urban,6,True,Commercial,Active Congestion,Arterial Rd Zone0-534,0,0.701,Severe,False,9.1,30,0,0
535,Arterial Rd Zone0-535,Arterial,Aligned,8,8,Aligned,0.9647002758710052,0.9647002758710052,0.03483039505403687,0.00044216346115948395,2.7165613798483846e-05,39,39,85.5,30.6,44.4,50,71.6,0,0.0,0.389,12.986962786066767,77.56255289414818,12.983680444936748,77.56380360414596,"LINESTRING(77.562553 12.986963, 77.563804 12.98368)",50,43.3,No,0,0,1,Poor,Low,1.81,1.0,0.0,27.8,Moderate Risk,SEG-00535,SEG_000000535,71.5,39,24.3,Aligned,39.3,65.1,Side Impact Potential,Urban,5,True,Residential,Poor Infrastructure,Arterial Rd Zone0-535,0,0.134,Light,False,31.1,39,0,0
536,Arterial Rd Zone0-536,Arterial,Moderate Misalignment,29,29,Moderate Misalignment,0.9134618580851549,0.020570585930881208,0.9134618580851549,0.06582164648901594,0.00014590949494793965,30,30,72.5,45.9,53.2,30,70.7,0,0.0,0.494,12.941318252336012,77.56080745153791,12.941543705966422,77.55625859180302,"LINESTRING(77.560807 12.941318, 77.556259 12.941544)",50,60.0,No,0,0,1,Poor,High,1.65,1.0,0.0,39.2,Moderate Risk,SEG-00536,SEG_000000536,58.4,30,51.3,High Misalignment,42.4,65.4,Significant Pedestrian Interaction,Urban,3,False,Industrial,Speed Limit Misaligned | High Pedestrian Interaction | Above Human Tolerance Limit,Arterial Rd Zone0-536,0,0.231,Light,False,30.5,30,0,0
537,Arterial Rd Zone0-537,Arterial,Aligned,9,9,Aligned,0.9153167222972064,0.9153167222972064,0.0738247822283027,0.010803847867351316,5.464760713945489e-05,38,38,80.0,25.9,33.8,50,42.3,0,0.0,0.289,12.98594215378936,77.63519071539497,12.983399029090144,77.6357444975463,"LINESTRING(77.635191 12.985942, 77.635744 12.983399)",50,26.3,No,0,0,0,Good,Medium,1.84,1.0,0.0,24.4,Safe,SEG-00537,SEG_000000537,72.4,38,21.3,Aligned,37.8,63.4,Side Impact Potential,Urban,6,False,Commercial,Active Congestion | Poor Infrastructure,Arterial Rd Zone0-537,0,0.7,Severe,False,11.6,38,0,0
538,Arterial Rd Zone0-538,Arterial,Aligned,8,8,Aligned,0.9838015188965442,0.9838015188965442,0.014746932669233319,0.0014301313999134074,2.141703430895462e-05,35,35,72.5,49.4,32.9,50,71.4,0,0.0,0.368,13.01102147706345,77.58622500070561,13.009503581386664,77.5892432527395,"LINESTRING(77.586225 13.011021, 77.589243 13.009504)",50,26.1,No,0,0,0,Poor,Low,2.21,1.0,0.0,20.4,Safe,SEG-00538,SEG_000000538,79.1,35,17.9,Aligned,35.1,60.4,Side Impact Potential,Urban,3,False,Residential,Meets Safe System Standards,Arterial Rd Zone0-538,0,0.0,,False,30.9,35,0,0
539,Arterial Rd Zone0-539,Arterial,Aligned,9,9,Aligned,0.9185311304310265,0.9185311304310265,0.07541124283735326,0.006019976906700051,3.764982492004698e-05,39,39,85.5,12.9,25.8,50,85.7,0,0.0,0.36,12.96465888018268,77.59569583672804,12.9651268427378,77.59898253070855,"LINESTRING(77.595696 12.964659, 77.598983 12.965127)",40,13.7,No,0,0,0,Good,Medium,1.78,1.0,0.0,23.2,Safe,SEG-00539,SEG_000000539,70.5,39,20.2,Aligned,38.7,60.2,Side Impact Potential,Urban,5,True,Commercial,Poor Infrastructure,Arterial Rd Zone0-539,0,0.148,Light,False,30.5,39,0,0
540,Arterial Rd Zone0-540,Arterial,Aligned,8,8,Aligned,0.9649420661067781,0.9649420661067781,0.031216167911264962,0.0038181049684128704,2.3661013543978574e-05,35,35,80.0,52.9,35.6,50,67.8,0,0.0,0.347,12.957143910293722,77.63049906031871,12.958688096091002,77.62771115215627,"LINESTRING(77.630499 12.957144, 77.627711 12.958688)",50,36.1,No,0,0,0,Poor,Low,1.99,1.0,0.0,21.0,Safe,SEG-00540,SEG_000000540,79.5,35,18.4,Aligned,34.6,57.8,Side Impact Potential,Urban,6,False,Residential,Meets Safe System Standards,Arterial Rd Zone0-540,0,0.0,,False,28.6,35,0,0
541,Arterial Rd Zone0-541,Arterial,Moderate Misalignment,26,26,Moderate Misalignment,0.8981964440954093,0.10054883972661022,0.8981964440954093,0.001207983668667549,4.673250931291802e-05,50,50,83.0,50.6,43.1,50,92.9,0,0.347,0.768,12.958688096091002,77.62771115215627,12.960128259491963,77.62411429579716,"LINESTRING(77.627711 12.958688, 77.624114 12.960128)",50,45.9,No,0,0,1,Good,Low,2.11,0.8,20.0,28.4,Moderate Risk,SEG-00541,SEG_000000541,71.1,50,31.7,Moderate Misalignment,60.0,61.0,Side Impact Potential,Urban,4,True,Mixed,Meets Safe System Standards,Arterial Rd Zone0-540,1,0.0,,False,54.8,50,0,0
542,Arterial Rd Zone0-542,Arterial,Moderate Misalignment,29,29,Moderate Misalignment,0.8073588659354325,0.09103726241802645,0.8073588659354325,0.10073761555010256,0.0008662560964385232,30,30,85.5,54.1,47.4,30,88.1,0,0.0,0.427,12.98239428939998,77.59511276928876,12.983277315561878,77.59127732593063,"LINESTRING(77.595113 12.982394, 77.591277 12.983277)",60,55.2,No,0,0,2,Good,Medium,1.78,1.0,0.0,40.9,Moderate Risk,SEG-00542,SEG_000000542,54.1,30,61.2,High Misalignment,56.7,60.7,Significant Pedestrian Interaction,Urban,5,True,Mixed,Speed Limit Misaligned | High Pedestrian Interaction | Above Human Tolerance Limit,Arterial Rd Zone0-542,0,0.0,,False,52.1,30,0,0
543,Arterial Rd Zone0-543,Arterial,Aligned,18,18,Aligned,0.5167990763064806,0.5167990763064806,0.478342251245234,0.004768554384514799,9.011806377062976e-05,43,43,80.0,40.0,32.5,50,95.0,0,0.0,0.418,12.9490717915461,77.58394393737125,12.951470707973916,77.58691194940909,"LINESTRING(77.583944 12.949072, 77.586912 12.951471)",40,29.5,No,0,0,0,Good,Medium,1.91,0.94,6.0,22.8,Safe,SEG-00543,SEG_000000543,75.0,43,21.7,Aligned,42.6,56.9,Side Impact Potential,Urban,6,False,Mixed,Meets Safe System Standards,Arterial Rd Zone0-543,0,0.0,,False,36.6,43,0,0
544,Arterial Rd Zone0-544,Arterial,High Misalignment,51,51,High Misalignment,0.9401846534748926,0.005407675404318183,0.05430365991776152,0.9401846534748926,0.00010401120302769958,30,30,78.0,50.6,54.0,30,81.8,0,0.0,0.39,12.97447510144581,77.5633857299528,12.97214809568967,77.56068678518709,"LINESTRING(77.563386 12.974475, 77.560687 12.972148)",50,62.8,No,0,0,1,Good,Low,2.38,1.0,0.0,38.8,Moderate Risk,SEG-00544,SEG_000000544,59.5,30,51.0,High Misalignment,47.6,69.0,Significant Pedestrian Interaction,Urban,2,True,Residential,Speed Limit Misaligned | High Pedestrian Interaction | Above Human Tolerance Limit,Arterial Rd Zone0-544,0,0.141,Light,False,37.9,30,0,0