segment_id,road_name,road_type,risk_category,road_risk_score,segment_risk_score,ai_risk_label,ai_risk_probability,prob_low_risk,prob_medium_risk,prob_high_risk,prob_critical_risk,ai_recommended_speed,recommended_safe_speed,road_function_score,infrastructure_score,exposure_score,human_tolerance_limit,operating_speed_score,crash_risk_score,start_km,end_km,start_lat,start_lon,end_lat,end_lon,geometry,posted_speed_limit,pedestrian_exposure_score,blackspot_flag,crash_count,fatal_crashes,schools_count,lighting_quality,roadside_hazards,intersection_density,speed_compliance_rate,speed_violation_score,hotspot_score,hotspot_category,human_segment_id,internal_id,speed_safety_score,original_safe_speed,misalignment_score,misalignment_category,speed_p85,ptw_share_pct,exposure_tier,urban_rural_flag,lane_count,median_presence,land_use_type,top_ai_factors,corridor_base,corridor_seq,congestion_index,congestion_category,congestion_smoothed,operating_speed_mean,final_safe_speed,minor_crashes,major_crashes
583,Arterial Rd Zone0-583,Arterial,Aligned,8,8,Aligned,0.9484340444787127,0.9484340444787127,0.049169160797623644,0.0020321220104092055,0.0003646727132544419,50,50,80.0,20.0,31.3,50,87.3,0,0.0,0.33,12.969174858023749,77.59299545147641,12.96792302536194,77.59023338796777,"LINESTRING(77.592995 12.969175, 77.590233 12.967923)",50,20.8,No,0,0,0,Poor,Low,2.02,0.94,6.0,25.6,Moderate Risk,SEG-00583,SEG_000000583,69.3,50,24.5,Aligned,53.2,66.9,Side Impact Potential,Urban,6,False,Mixed,Poor Infrastructure,Arterial Rd Zone0-583,0,0.155,Light,False,41.5,50,0,0
584,Arterial Rd Zone0-584,Arterial,Aligned,8,8,Aligned,0.9458409680229107,0.9458409680229107,0.05300917703529744,0.0011366677647392546,1.3187177052649815e-05,36,36,70.0,20.0,29.8,50,65.6,0,0.0,0.31,12.999672175112362,77.55553727791823,13.00235435917231,77.55630841069929,"LINESTRING(77.555537 12.999672, 77.556308 13.002354)",50,20.7,No,0,0,0,Poor,Medium,2.29,1.0,0.0,23.7,Safe,SEG-00584,SEG_000000584,71.6,36,20.7,Aligned,36.5,63.2,Side Impact Potential,Urban,2,False,Commercial,Poor Infrastructure,Arterial Rd Zone0-584,0,0.201,Light,False,27.0,36,0,0
585,Arterial Rd Zone0-585,Arterial,Aligned,7,7,Aligned,0.9863939820515941,0.9863939820515941,0.013090810745308892,0.0004747408389137817,4.046636418319087e-05,32,32,70.0,40.0,31.2,50,76.8,0,0.0,0.382,12.944898651346996,77.6105126575652,12.948167493602448,77.6115852281192,"LINESTRING(77.610513 12.944899, 77.611585 12.948167)",40,26.7,No,0,0,0,Poor,High,2.17,1.0,0.0,21.2,Safe,SEG-00585,SEG_000000585,76.8,32,18.6,Aligned,32.1,59.3,Side Impact Potential,Urban,2,False,Residential,Meets Safe System Standards,Arterial Rd Zone0-585,0,0.184,Light,False,24.5,32,0,0
586,Arterial Rd Zone0-586,Arterial,Aligned,10,10,Aligned,0.8596378397128731,0.8596378397128731,0.13675895778592329,0.003592917418800659,1.0285082402932545e-05,50,50,77.5,17.6,24.3,50,90.9,0,0.0,0.462,13.014271959584082,77.60942723757618,13.017969718409216,77.60748904535282,"LINESTRING(77.609427 13.014272, 77.607489 13.01797)",50,8.4,No,0,0,0,Good,Medium,2.27,0.76,24.0,26.8,Moderate Risk,SEG-00586,SEG_000000586,64.7,50,31.3,Moderate Misalignment,61.8,65.4,Side Impact Potential,Urban,5,False,Residential,Poor Infrastructure,Arterial Rd Zone0-586,0,0.0,,False,56.1,50,0,0
587,Arterial Rd Zone0-587,Arterial,Aligned,7,7,Aligned,0.9883689431609155,0.9883689431609155,0.01000545201834684,0.001614098722549199,1.150609818854915e-05,35,35,75.0,40.0,27.6,50,83.5,0,0.0,0.446,12.9886020436773,77.54314096996276,12.989339909454458,77.53909961911127,"LINESTRING(77.543141 12.988602, 77.5391 12.98934)",40,21.0,No,0,0,0,Poor,Low,1.75,1.0,0.0,19.8,Safe,SEG-00587,SEG_000000587,77.6,35,17.3,Aligned,34.9,56.4,Side Impact Potential,Urban,4,False,Mixed,Meets Safe System Standards,Arterial Rd Zone0-587,0,0.0,,False,29.0,35,0,0
588,Arterial Rd Zone0-588,Arterial,Moderate Misalignment,23,23,Moderate Misalignment,0.7424462789177818,0.2531038939866257,0.7424462789177818,0.0044358563041219795,1.397079147041036e-05,50,50,85.5,14.1,24.4,50,92.7,0,0.0,0.347,12.942738977503662,77.59194622855335,12.94469056971799,77.58944877349447,"LINESTRING(77.591946 12.942739, 77.589449 12.944691)",40,11.5,No,0,0,0,Poor,Medium,2.46,0.69,31.0,27.7,Moderate Risk,SEG-00588,SEG_000000588,63.4,50,32.4,Moderate Misalignment,52.4,62.1,Side Impact Potential,Urban,5,True,Residential,Poor Infrastructure,Arterial Rd Zone0-588,0,0.0,,False,44.8,50,0,0
589,Arterial Rd Zone0-589,Arterial,High Misalignment,48,48,High Misalignment,0.7920535879845554,0.007625563658106089,0.20017417830217757,0.7920535879845554,0.0001466700551609607,30,30,78.0,51.8,50.3,30,69.2,0,0.0,0.309,12.980797226281286,77.60597492823511,12.978047943273973,77.60636963458097,"LINESTRING(77.605975 12.980797, 77.60637 12.978048)",60,60.5,No,0,0,1,Good,Medium,1.81,1.0,0.0,42.4,Moderate Risk,SEG-00589,SEG_000000589,52.9,30,62.5,High Misalignment,47.8,59.5,Significant Pedestrian Interaction,Urban,2,True,Mixed,Speed Limit Misaligned | High Pedestrian Interaction | Above Human Tolerance Limit,Arterial Rd Zone0-589,0,0.0,,False,39.5,30,0,0
590,Arterial Rd Zone0-590,Arterial,Aligned,9,9,Aligned,0.9108315340987594,0.9108315340987594,0.08771325322217911,0.0014367251285897355,1.8487550471745268e-05,41,41,85.5,14.1,26.5,50,70.6,0,0.0,0.325,12.96233313910249,77.61256158790412,12.960210644680124,77.61462078281009,"LINESTRING(77.612562 12.962333, 77.614621 12.960211)",50,15.2,No,0,0,0,Good,High,2.14,1.0,0.0,23.3,Safe,SEG-00590,SEG_000000590,70.6,41,20.3,Aligned,40.7,62.8,Side Impact Potential,Urban,5,True,Residential,Poor Infrastructure,Arterial Rd Zone0-590,0,0.196,Light,False,30.4,41,0,0
591,Arterial Rd Zone0-591,Arterial,Aligned,8,8,Aligned,0.9649280254852213,0.9649280254852213,0.02860276115579437,0.006439886865478623,2.9326493505637777e-05,26,26,75.0,36.5,31.3,50,50.6,0,0.0,0.463,12.922423543575093,77.60068204140948,12.920455471593916,77.60444701386476,"LINESTRING(77.600682 12.922424, 77.604447 12.920455)",40,20.4,No,0,0,0,Good,Low,1.63,1.0,0.0,21.8,Safe,SEG-00591,SEG_000000591,75.9,26,19.0,Aligned,26.2,66.9,Side Impact Potential,Urban,4,False,Commercial,Active Congestion,Arterial Rd Zone0-591,0,0.746,Severe,False,7.1,26,0,0
592,Arterial Rd Zone0-592,Arterial,Aligned,17,42,Aligned,0.8788412381639525,0.8788412381639525,0.11943007918215705,0.0016929800042590458,3.570264963134937e-05,49,44,80.0,20.0,31.0,50,88.2,25,0.0,0.435,12.929035121934843,77.58549076955018,12.926412974026908,77.58251797028545,"LINESTRING(77.585491 12.929035, 77.582518 12.926413)",50,23.9,No,1,0,0,Poor,High,1.73,1.0,0.0,30.4,Moderate Risk,SEG-00592,SEG_000000592,66.3,49,21.1,Aligned,49.3,57.5,Side Impact Potential,Urban,6,False,Commercial,Poor Infrastructure,Arterial Rd Zone0-592,0,0.0,,False,42.2,44,0,1
593,Arterial Rd Zone0-593,Arterial,High Misalignment,52,52,High Misalignment,0.9663866916114539,0.0007800017113045192,0.032832357397285815,0.9663866916114539,9.492799557919686e-07,30,30,85.5,67.1,42.2,30,100.0,0,0.0,0.274,12.995670011061168,77.5650156031577,12.997334497715272,77.56688336753608,"LINESTRING(77.565016 12.99567, 77.566883 12.997334)",50,38.5,No,0,0,0,Good,Medium,2.22,0.73,27.0,37.4,Moderate Risk,SEG-00593,SEG_000000593,58.1,30,58.8,High Misalignment,63.5,67.9,Significant Pedestrian Interaction,Urban,5,True,Residential,Speed Limit Misaligned | High Pedestrian Interaction | Above Human Tolerance Limit,Arterial Rd Zone0-593,0,0.153,Light,False,50.0,30,0,0
594,Arterial Rd Zone0-594,Arterial,Moderate Misalignment,29,29,Moderate Misalignment,0.9033179361557284,0.02312150769552397,0.9033179361557284,0.07318130912602355,0.00037924702272409944,27,27,88.0,54.1,53.1,30,72.4,0,0.0,0.451,12.97580220767302,77.59276407873301,12.978438182238945,77.59592752200118,"LINESTRING(77.592764 12.975802, 77.595928 12.978438)",40,59.1,No,0,0,1,Good,Low,1.83,1.0,0.0,32.8,Moderate Risk,SEG-00594,SEG_000000594,68.4,27,37.3,Moderate Misalignment,27.4,66.5,Significant Pedestrian Interaction,Urban,6,True,Residential,High Pedestrian Interaction | Above Human Tolerance Limit,Arterial Rd Zone0-594,0,0.138,Light,False,21.6,27,0,0
595,Arterial Rd Zone0-595,Arterial,Moderate Misalignment,20,20,Moderate Misalignment,0.6131909745209563,0.38504900428742483,0.6131909745209563,0.0017411316900893398,1.8889501529534917e-05,50,50,85.5,28.2,23.3,50,87.5,0,0.451,0.897,12.978438182238945,77.59592752200118,12.980871878687744,77.59920436920154,"LINESTRING(77.595928 12.978438, 77.599204 12.980872)",50,12.7,No,0,0,0,Poor,High,2.09,0.77,23.0,24.6,Safe,SEG-00595,SEG_000000595,68.2,50,29.1,Moderate Misalignment,61.3,55.6,Side Impact Potential,Urban,5,True,Mixed,Poor Infrastructure,Arterial Rd Zone0-594,1,0.0,,False,58.3,50,0,0
596,Arterial Rd Zone0-596,Arterial,Aligned,8,8,Aligned,0.9458311946584912,0.9458311946584912,0.04733890769083442,0.006825556979743395,4.3406709311438155e-06,30,30,80.0,22.4,23.3,50,54.6,0,0.0,0.405,12.97051300784681,77.6470638451803,12.96744057379254,77.64506084986951,"LINESTRING(77.647064 12.970513, 77.645061 12.967441)",40,11.2,No,0,0,0,Poor,Low,1.68,1.0,0.0,20.8,Safe,SEG-00596,SEG_000000596,73.6,30,18.1,Aligned,30.4,56.4,Side Impact Potential,Urban,6,False,Residential,Active Congestion | Poor Infrastructure,Arterial Rd Zone0-596,0,0.683,Severe,False,9.7,30,0,0
597,Arterial Rd Zone0-597,Arterial,Moderate Misalignment,22,22,Moderate Misalignment,0.7111008695533467,0.28349349423667425,0.7111008695533467,0.005305107403188942,0.00010052880679012479,50,50,70.0,47.1,32.5,50,95.9,0,0.0,0.442,12.944170286904493,77.58082566775545,12.940287874273588,77.58169035750396,"LINESTRING(77.580826 12.94417, 77.58169 12.940288)",50,28.9,No,0,0,0,Poor,High,2.34,0.81,19.0,24.5,Safe,SEG-00597,SEG_000000597,72.8,50,27.7,Moderate Misalignment,59.3,56.5,Side Impact Potential,Urban,2,False,Commercial,Meets Safe System Standards,Arterial Rd Zone0-597,0,0.0,,False,52.7,50,0,0
598,Arterial Rd Zone0-598,Arterial,Aligned,8,8,Aligned,0.9791524203904741,0.9791524203904741,0.02057838326607525,0.0002520112845323701,1.718505891835689e-05,37,37,77.5,37.6,44.0,50,72.2,0,0.0,0.28,12.950037947188497,77.5786102143095,12.952322743420002,77.57752908024095,"LINESTRING(77.57861 12.950038, 77.577529 12.952323)",50,46.6,No,0,0,1,Good,High,1.73,1.0,0.0,26.6,Moderate Risk,SEG-00598,SEG_000000598,73.5,37,23.3,Aligned,37.3,65.9,Side Impact Potential,Urban,5,False,Residential,Meets Safe System Standards,Arterial Rd Zone0-598,0,0.0,,False,31.5,37,0,0
683,Arterial Rd Zone1-683,Arterial,Aligned,10,10,Aligned,0.8968374623426677,0.8968374623426677,0.08176382870994621,0.021378460418726465,2.0248528659732137e-05,41,41,72.5,0.0,25.3,50,45.0,0,0.0,0.35,12.9692679974788,77.6985162134177,12.966854831195684,77.69644732585944,"LINESTRING(77.698516 12.969268, 77.696447 12.966855)",50,12.0,No,0,0,0,Good,Low,1.88,1.0,0.0,25.0,Moderate Risk,SEG-00683,SEG_000000683,67.0,41,21.7,Aligned,41.1,63.5,Side Impact Potential,Urban,3,False,Commercial,Active Congestion | Poor Infrastructure,Arterial Rd Zone1-683,0,0.684,Severe,False,13.4,41,0,0
684,Arterial Rd Zone1-684,Arterial,Moderate Misalignment,29,29,Moderate Misalignment,0.9253429718755911,0.02799344620883064,0.9253429718755911,0.046466288820363966,0.0001972930952144429,26,26,72.5,52.9,51.8,30,74.9,0,0.0,0.356,12.886444813875489,77.55551512434208,12.886613891992864,77.55223944914238,"LINESTRING(77.555515 12.886445, 77.552239 12.886614)",40,58.8,No,0,0,2,Good,Low,1.92,1.0,0.0,32.5,Moderate Risk,SEG-00684,SEG_000000684,68.4,26,37.0,Moderate Misalignment,26.4,64.4,Significant Pedestrian Interaction,Urban,3,False,Industrial,High Pedestrian Interaction | Approach to Congestion (Tapered) | Above Human Tolerance Limit,Arterial Rd Zone1-684,0,0.0,,True,23.3,26,0,0
685,Arterial Rd Zone1-685,Arterial,Moderate Misalignment,29,29,Moderate Misalignment,0.9478990377148477,0.010725662266181211,0.9478990377148477,0.04133144436423336,4.3855654737763876e-05,30,30,83.0,68.2,50.3,30,47.3,0,0.356,0.61,12.886613891992864,77.55223944914238,12.886754427437062,77.54990384500773,"LINESTRING(77.552239 12.886614, 77.549904 12.886754)",50,65.9,No,0,0,2,Good,High,1.35,0.92,8.0,36.4,Moderate Risk,SEG-00685,SEG_000000685,62.7,30,51.5,High Misalignment,53.9,56.8,Significant Pedestrian Interaction,Urban,4,True,Mixed,Speed Limit Misaligned | High Pedestrian Interaction | Active Congestion,Arterial Rd Zone1-684,1,0.733,Severe,False,14.9,30,0,0
686,Arterial Rd Zone1-686,Arterial,Moderate Misalignment,28,28,Moderate Misalignment,0.9851147110902849,0.01361586694540246,0.9851147110902849,0.001250947052668242,1.8474911644316636e-05,45,45,85.5,23.5,32.6,70,98.7,0,0.0,0.349,12.902787352844108,77.6406926305189,12.905396217524345,77.6424893110674,"LINESTRING(77.640693 12.902787, 77.642489 12.905396)",40,23.7,No,0,0,0,Good,Medium,1.57,0.88,12.0,26.2,Moderate Risk,SEG-00686,SEG_000000686,69.1,45,26.0,Moderate Misalignment,44.7,64.6,Separated Traffic,Urban,5,True,Industrial,Poor Infrastructure,Arterial Rd Zone1-686,0,0.0,,False,39.1,45,0,0
687,Arterial Rd Zone1-687,Arterial,Moderate Misalignment,18,18,Moderate Misalignment,0.5124570413265008,0.48285723195278657,0.5124570413265008,0.004650134275077561,3.559244563497713e-05,39,39,80.5,32.9,30.4,50,93.6,0,0.349,0.637,12.905396217524345,77.6424893110674,12.90737511437343,77.64420191635764,"LINESTRING(77.642489 12.905396, 77.644202 12.907375)",40,21.5,No,0,0,0,Poor,Medium,1.66,1.0,0.0,22.0,Safe,SEG-00687,SEG_000000687,75.1,39,19.2,Aligned,39.3,64.0,Side Impact Potential,Urban,3,True,Mixed,Poor Infrastructure,Arterial Rd Zone1-686,1,0.0,,False,35.8,39,0,0
688,Arterial Rd Zone1-688,Arterial,Moderate Misalignment,24,24,Moderate Misalignment,0.8432360220912188,0.1545809488799932,0.8432360220912188,0.0021425303683153363,4.049866047279477e-05,50,50,83.0,28.2,31.3,50,91.2,0,0.0,0.304,12.991458502287673,77.65670993524708,12.993185230162602,77.65453993279789,"LINESTRING(77.65671 12.991459, 77.65454 12.993185)",50,22.5,No,0,0,0,Good,High,1.66,0.78,22.0,27.6,Moderate Risk,SEG-00688,SEG_000000688,66.8,50,31.4,Moderate Misalignment,60.9,61.7,Side Impact Potential,Urban,4,True,Commercial,Poor Infrastructure,Arterial Rd Zone1-688,0,0.0,,False,55.9,50,0,0
689,Arterial Rd Zone1-689,Arterial,Aligned,8,8,Aligned,0.9660197282161799,0.9660197282161799,0.03349589151803031,0.0004564077636833174,2.797250210657715e-05,39,39,77.5,37.6,42.4,50,71.4,0,0.304,0.738,12.993185230162602,77.65453993279789,12.99559942977864,77.65139120316539,"LINESTRING(77.65454 12.993185, 77.651391 12.995599)",50,46.1,No,0,0,1,Good,Low,1.61,1.0,0.0,25.9,Moderate Risk,SEG-00689,SEG_000000689,73.9,39,22.7,Aligned,38.6,59.5,Side Impact Potential,Urban,5,False,Residential,Meets Safe System Standards,Arterial Rd Zone1-688,1,0.0,,False,31.0,39,0,0
690,Arterial Rd Zone1-690,Arterial,Moderate Misalignment,27,27,Moderate Misalignment,0.875209376926427,0.10094833538946352,0.875209376926427,0.023411399590781742,0.0004308880933277723,30,30,70.0,30.6,45.8,30,83.8,0,0.0,0.447,12.8974824230784,77.58643542002197,12.897273512225707,77.5823201665957,"LINESTRING(77.586435 12.897482, 77.58232 12.897274)",40,45.8,No,0,0,1,Good,Medium,2.04,1.0,0.0,33.5,Moderate Risk,SEG-00690,SEG_000000690,63.4,30,37.8,Moderate Misalignment,39.7,68.8,Significant Pedestrian Interaction,Urban,2,False,Mixed,High Pedestrian Interaction | Poor Infrastructure | Above Human Tolerance Limit,Arterial Rd Zone1-690,0,0.204,Light,False,29.2,30,0,0
691,Arterial Rd Zone1-691,Arterial,Aligned,8,8,Aligned,0.959589951775419,0.959589951775419,0.039215822331535956,0.0011815767577159943,1.2649135328823778e-05,36,36,80.0,16.5,28.8,50,71.3,0,0.0,0.275,13.020766560536888,77.5598335400767,13.022411414799995,77.5579327898916,"LINESTRING(77.559834 13.020767, 77.557933 13.022411)",50,22.1,No,0,0,0,Poor,Low,1.51,1.0,0.0,23.9,Safe,SEG-00691,SEG_000000691,70.8,36,20.8,Aligned,36.1,58.8,Side Impact Potential,Urban,6,False,Commercial,Poor Infrastructure,Arterial Rd Zone1-691,0,0.0,,False,30.9,36,0,0
692,Arterial Rd Zone1-692,Arterial,Aligned,8,8,Aligned,0.9728306861057568,0.9728306861057568,0.026276145590603445,0.0008470396996345567,4.612860400506191e-05,50,50,80.0,14.1,36.2,50,79.9,0,0.0,0.431,13.064854247966244,77.60861249448577,13.068693629046384,77.60809525367998,"LINESTRING(77.608612 13.064854, 77.608095 13.068694)",60,35.8,No,0,0,1,Good,High,1.44,1.0,0.0,32.3,Moderate Risk,SEG-00692,SEG_000000692,60.9,50,36.6,Moderate Misalignment,52.1,59.7,Side Impact Potential,Urban,6,False,Residential,Poor Infrastructure | Above Human Tolerance Limit,Arterial Rd Zone1-692,0,0.0,,False,46.6,50,0,0
693,Arterial Rd Zone1-693,Arterial,Aligned,8,8,Aligned,0.9753026555430134,0.9753026555430134,0.022642179829300363,0.0020426452668027804,1.2519360883298585e-05,49,49,80.5,28.2,25.6,50,84.4,0,0.0,0.353,12.939874731748764,77.66477546606575,12.937413399223331,77.66271938628117,"LINESTRING(77.664775 12.939875, 77.662719 12.937413)",50,16.4,No,0,0,0,Poor,High,1.96,1.0,0.0,20.8,Safe,SEG-00693,SEG_000000693,74.8,49,18.1,Aligned,49.1,56.4,Side Impact Potential,Urban,3,True,Mixed,Poor Infrastructure,Arterial Rd Zone1-693,0,0.0,,False,39.6,49,0,0
694,Arterial Rd Zone1-694,Arterial,Moderate Misalignment,27,27,Moderate Misalignment,0.9734988869691427,0.022398693002862374,0.9734988869691427,0.00409169770969812,1.0722318296954747e-05,62,62,88.0,16.5,27.4,70,97.4,0,0.0,0.349,12.869139745053191,77.61627752873459,12.870170940029071,77.6193209100609,"LINESTRING(77.616278 12.86914, 77.619321 12.870171)",50,18.6,No,0,0,0,Good,Low,1.41,0.77,23.0,28.1,Moderate Risk,SEG-00694,SEG_000000694,64.0,62,32.2,Moderate Misalignment,61.5,57.5,Separated Traffic,Urban,6,True,Commercial,Poor Infrastructure,Arterial Rd Zone1-694,0,0.158,Light,False,48.2,62,0,0
695,Arterial Rd Zone1-695,Arterial,Aligned,8,8,Aligned,0.977919365283902,0.977919365283902,0.021256079266914883,0.0008131327916147729,1.1422657568107534e-05,28,28,72.5,28.2,31.1,50,78.0,0,0.0,0.311,12.946477471579424,77.53547189884931,12.944984445835557,77.53790374050146,"LINESTRING(77.535472 12.946477, 77.537904 12.944984)",40,23.4,No,0,0,2,Good,Medium,1.67,1.0,0.0,23.0,Safe,SEG-00695,SEG_000000695,73.6,28,20.0,Aligned,28.2,59.8,Side Impact Potential,Urban,3,False,Commercial,Poor Infrastructure,Arterial Rd Zone1-695,0,0.0,,False,25.3,28,0,0
696,Arterial Rd Zone1-696,Arterial,Aligned,8,8,Aligned,0.9704997950154287,0.9704997950154287,0.02857176973489353,0.0009143317989687311,1.410345070910981e-05,41,41,88.0,42.4,27.3,50,74.5,0,0.311,0.75,12.944984445835557,77.53790374050146,12.943736270492945,77.54174876564912,"LINESTRING(77.537904 12.944984, 77.541749 12.943736)",50,17.9,No,0,0,0,Poor,Medium,2.21,1.0,0.0,19.3,Safe,SEG-00696,SEG_000000696,78.3,41,16.9,Aligned,40.7,58.8,Side Impact Potential,Urban,6,True,Mixed,Meets Safe System Standards,Arterial Rd Zone1-695,1,0.0,,False,33.0,41,0,0
697,Arterial Rd Zone1-697,Arterial,Moderate Misalignment,31,31,Moderate Misalignment,0.8755821030981551,0.010352825145858018,0.8755821030981551,0.11384060339827272,0.00022446835771431508,30,30,77.5,45.9,53.5,30,92.3,0,0.0,0.368,12.992085252840862,77.66230808818901,12.993384091995754,77.66542926267975,"LINESTRING(77.662308 12.992085, 77.665429 12.993384)",40,64.3,No,0,0,1,Good,Medium,2.0,0.73,27.0,38.6,Moderate Risk,SEG-00697,SEG_000000697,59.5,30,49.5,Moderate Misalignment,50.7,60.1,Significant Pedestrian Interaction,Urban,5,False,Industrial,High Pedestrian Interaction | Above Human Tolerance Limit,Arterial Rd Zone1-697,0,0.0,,False,45.2,30,0,0
698,Arterial Rd Zone1-698,Arterial,Moderate Misalignment,28,28,Moderate Misalignment,0.9853508751413929,0.012748880009403322,0.9853508751413929,0.0018931006295163696,7.144219687384918e-06,50,50,80.5,20.0,30.0,50,99.8,0,0.0,0.375,12.91548575435086,77.60132695331546,12.918744649711334,77.6004533295334,"LINESTRING(77.601327 12.915486, 77.600453 12.918745)",50,23.8,No,0,0,0,Good,Medium,1.85,0.81,19.0,27.8,Moderate Risk,SEG-00698,SEG_000000698,65.6,50,30.7,Moderate Misalignment,59.6,56.7,Side Impact Potential,Urban,3,True,Residential,Poor Infrastructure,Arterial Rd Zone1-698,0,0.0,,False,49.9,50,0,0
699,Arterial Rd Zone1-699,Arterial,Aligned,8,8,Aligned,0.9665879801059173,0.9665879801059173,0.03291694801505265,0.0004679288003718434,2.7143078658188437e-05,29,29,70.0,54.1,38.5,50,76.2,0,0.0,0.476,12.952804864340184,77.66134106696056,12.95320266470717,77.65696493089912,"LINESTRING(77.661341 12.952805, 77.656965 12.953203)",40,34.7,No,0,0,0,Good,Low,1.55,1.0,0.0,21.9,Safe,SEG-00699,SEG_000000699,79.3,29,19.2,Aligned,29.4,63.9,Side Impact Potential,Urban,2,False,Mixed,Meets Safe System Standards,Arterial Rd Zone1-699,0,0.0,,False,24.1,29,0,0
700,Arterial Rd Zone1-700,Arterial,Moderate Misalignment,25,25,Moderate Misalignment,0.8417241734894167,0.15443133660513284,0.8417241734894167,0.003773182775745156,7.130712970518886e-05,50,50,80.5,32.9,33.5,50,94.5,0,0.476,0.972,12.95320266470717,77.65696493089912,12.95487430272643,77.65271647112179,"LINESTRING(77.656965 12.953203, 77.652716 12.954874)",40,25.1,No,0,0,1,Poor,Medium,1.67,0.74,26.0,27.6,Moderate Risk,SEG-00700,SEG_000000700,67.8,50,31.3,Moderate Misalignment,50.6,65.0,Side Impact Potential,Urban,3,True,Commercial,Poor Infrastructure,Arterial Rd Zone1-699,1,0.0,,False,43.7,50,0,0
701,Arterial Rd Zone1-701,Arterial,Aligned,8,8,Aligned,0.9541930745692545,0.9541930745692545,0.04466235726054052,0.0011293862280550642,1.5181942149877682e-05,30,30,85.5,21.2,28.2,50,77.4,0,0.0,0.275,13.009145321072475,77.63987993211592,13.008316207709754,77.64226827819168,"LINESTRING(77.63988 13.009145, 77.642268 13.008316)",40,22.4,No,0,0,0,Poor,Medium,2.24,1.0,0.0,22.9,Safe,SEG-00701,SEG_000000701,72.2,30,20.0,Aligned,29.8,55.4,Side Impact Potential,Urban,5,True,Commercial,Poor Infrastructure,Arterial Rd Zone1-701,0,0.0,,False,24.9,30,0,0
702,Arterial Rd Zone1-702,Arterial,Aligned,8,8,Aligned,0.9701365363685331,0.9701365363685331,0.029047246830339688,0.0008066614263598504,9.555374767300051e-06,28,28,72.5,25.9,29.7,50,72.0,0,0.0,0.291,12.887285563621834,77.57100937451317,12.888611446798215,77.57332033512333,"LINESTRING(77.571009 12.887286, 77.57332 12.888611)",40,20.4,No,0,0,0,Good,Medium,1.89,1.0,0.0,22.8,Safe,SEG-00702,SEG_000000702,73.2,28,19.9,Aligned,27.8,62.1,Side Impact Potential,Urban,3,False,Commercial,Poor Infrastructure,Arterial Rd Zone1-702,0,0.165,Light,False,21.3,28,0,0
703,Arterial Rd Zone1-703,Arterial,High Misalignment,53,78,High Misalignment,0.7336628611466115,0.03439783904272188,0.23191113199946672,0.7336628611466115,2.816781119973631e-05,30,25,75.0,64.7,53.0,30,86.3,25,0.0,0.352,12.963610467075071,77.50710688499085,12.962708014901564,77.51021896145909,"LINESTRING(77.507107 12.96361, 77.510219 12.962708)",50,64.7,No,1,0,2,Poor,Medium,1.41,0.97,3.0,43.2,Moderate Risk,SEG-00703,SEG_000000703,57.6,30,50.5,High Misalignment,51.6,67.2,Significant Pedestrian Interaction,Urban,4,False,Mixed,Speed Limit Misaligned | High Pedestrian Interaction | Above Human Tolerance Limit,Arterial Rd Zone1-703,0,0.148,Light,False,40.8,25,0,1
704,Arterial Rd Zone1-704,Arterial,Aligned,20,55,Aligned,0.9115406388012133,0.9115406388012133,0.08716297434922275,0.001283583206914389,1.2803642649550525e-05,37,30,70.0,16.5,26.4,50,65.7,35,0.0,0.475,12.997278132150104,77.68931444194881,13.001263799288171,77.68774065340733,"LINESTRING(77.689314 12.997278, 77.687741 13.001264)",50,18.1,No,2,0,0,Good,Medium,1.78,1.0,0.0,31.7,Moderate Risk,SEG-00704,SEG_000000704,64.4,37,19.9,Aligned,37.4,55.9,Side Impact Potential,Urban,2,False,Industrial,Poor Infrastructure,Arterial Rd Zone1-704,0,0.214,Light,False,27.1,30,1,1
705,Arterial Rd Zone1-705,Arterial,Aligned,8,8,Aligned,0.9710883179215056,0.9710883179215056,0.02814858153461585,0.0007534713591550066,9.62918472329778e-06,40,40,75.0,9.4,25.2,50,75.1,0,0.0,0.363,13.010543897363462,77.53695447112104,13.011943680308274,77.53998194203568,"LINESTRING(77.536954 13.010544, 77.539982 13.011944)",50,13.8,No,0,0,0,Poor,Medium,1.72,1.0,0.0,23.5,Safe,SEG-00705,SEG_000000705,69.6,40,20.4,Aligned,39.5,57.9,Side Impact Potential,Urban,4,False,Mixed,Poor Infrastructure,Arterial Rd Zone1-705,0,0.0,,False,33.4,40,0,0