segment_id,road_name,road_type,risk_category,road_risk_score,segment_risk_score,ai_risk_label,ai_risk_probability,prob_low_risk,prob_medium_risk,prob_high_risk,prob_critical_risk,ai_recommended_speed,recommended_safe_speed,road_function_score,infrastructure_score,exposure_score,human_tolerance_limit,operating_speed_score,crash_risk_score,start_km,end_km,start_lat,start_lon,end_lat,end_lon,geometry,posted_speed_limit,pedestrian_exposure_score,blackspot_flag,crash_count,fatal_crashes,schools_count,lighting_quality,roadside_hazards,intersection_density,speed_compliance_rate,speed_violation_score,hotspot_score,hotspot_category,human_segment_id,internal_id,speed_safety_score,original_safe_speed,misalignment_score,misalignment_category,speed_p85,ptw_share_pct,exposure_tier,urban_rural_flag,lane_count,median_presence,land_use_type,top_ai_factors,corridor_base,corridor_seq,congestion_index,congestion_category,congestion_smoothed,operating_speed_mean,final_safe_speed,minor_crashes,major_crashes
706,Arterial Rd Zone1-706,Arterial,Aligned,8,8,Aligned,0.9660124582533056,0.9660124582533056,0.03312419426672345,0.0008518957448649299,1.1451735106190566e-05,37,37,78.0,17.6,30.5,50,72.2,0,0.0,0.383,13.026563472046774,77.51832165189542,13.028994961240812,77.51581313254107,"LINESTRING(77.518322 13.026563, 77.515813 13.028995)",50,21.1,No,0,0,0,Good,High,1.81,1.0,0.0,24.3,Safe,SEG-00706,SEG_000000706,70.8,37,21.2,Aligned,37.3,62.7,Side Impact Potential,Urban,2,True,Commercial,Poor Infrastructure,Arterial Rd Zone1-706,0,0.0,,False,31.5,37,0,0
707,Arterial Rd Zone1-707,Arterial,Moderate Misalignment,27,27,Moderate Misalignment,0.9618486963116372,0.03679705554998815,0.9618486963116372,0.0013211594965921076,3.3088641782760276e-05,42,42,88.0,24.7,41.6,50,93.9,0,0.0,0.445,13.007205038162745,77.65318912936962,13.0109271653715,77.65167737135214,"LINESTRING(77.653189 13.007205, 77.651677 13.010927)",40,45.0,No,0,0,1,Good,Low,1.67,0.96,4.0,28.2,Moderate Risk,SEG-00707,SEG_000000707,69.5,42,25.8,Moderate Misalignment,41.6,56.9,Side Impact Potential,Urban,6,True,Commercial,Poor Infrastructure,Arterial Rd Zone1-707,0,0.0,,False,35.9,42,0,0
708,Arterial Rd Zone1-708,Arterial,Aligned,8,8,Aligned,0.962830114388268,0.962830114388268,0.03622656781333885,0.0009322744639802128,1.1043334412944582e-05,30,30,75.0,15.3,29.3,50,77.0,0,0.445,0.8180000000000001,13.0109271653715,77.65167737135214,13.014061698883626,77.65044352964486,"LINESTRING(77.651677 13.010927, 77.650444 13.014062)",40,20.6,No,0,0,0,Good,High,1.55,1.0,0.0,24.2,Safe,SEG-00708,SEG_000000708,70.4,30,21.1,Aligned,30.3,58.6,Side Impact Potential,Urban,4,False,Commercial,Poor Infrastructure,Arterial Rd Zone1-707,1,0.0,,False,24.7,30,0,0
709,Arterial Rd Zone1-709,Arterial,Moderate Misalignment,27,27,Moderate Misalignment,0.8542522995060468,0.1114081263455565,0.8542522995060468,0.034242338294936184,9.723585346041649e-05,30,30,80.0,40.0,36.0,30,75.8,0,0.0,0.489,12.895464225161366,77.62866461642024,12.898438627513457,77.63198765227563,"LINESTRING(77.628665 12.895464, 77.631988 12.898439)",50,36.0,No,0,0,1,Poor,Medium,1.39,1.0,0.0,33.4,Moderate Risk,SEG-00709,SEG_000000709,60.3,30,46.1,Moderate Misalignment,38.7,59.9,Significant Pedestrian Interaction,Urban,6,False,Mixed,High Pedestrian Interaction | Above Human Tolerance Limit,Arterial Rd Zone1-709,0,0.0,,False,33.9,30,0,0
710,Arterial Rd Zone1-710,Arterial,Aligned,8,8,Aligned,0.9765744035457683,0.9765744035457683,0.022789689013230894,0.0006128745834409851,2.303285755971895e-05,45,45,78.0,38.8,35.2,70,78.5,0,0.0,0.314,13.026154349570596,77.68735888622442,13.023495237964315,77.68638776257721,"LINESTRING(77.687359 13.026154, 77.686388 13.023495)",50,29.5,No,0,0,0,Good,Medium,1.45,1.0,0.0,23.0,Safe,SEG-00710,SEG_000000710,75.7,45,20.1,Aligned,44.9,64.4,Separated Traffic,Urban,2,True,Commercial,Meets Safe System Standards,Arterial Rd Zone1-710,0,0.143,Light,False,35.7,45,0,0
711,Arterial Rd Zone1-711,Arterial,Aligned,16,16,Aligned,0.5824398959376013,0.5824398959376013,0.3916262928295519,0.025841486955646073,9.232427720080579e-05,36,36,70.0,24.7,34.0,50,44.0,0,0.0,0.367,13.02401514778385,77.56362747851132,13.022581562946987,77.56667718272611,"LINESTRING(77.563627 13.024015, 77.566677 13.022582)",50,25.8,No,0,0,1,Good,Low,2.13,1.0,0.0,24.6,Safe,SEG-00711,SEG_000000711,72.0,36,21.5,Aligned,35.5,64.3,Side Impact Potential,Urban,2,False,Residential,Active Congestion | Poor Infrastructure,Arterial Rd Zone1-711,0,0.645,Severe,False,12.6,36,0,0
712,Arterial Rd Zone1-712,Arterial,Aligned,8,8,Aligned,0.9796421779186002,0.9796421779186002,0.018687163492025337,0.0016461485557117646,2.4510033662690596e-05,44,44,78.0,43.5,35.7,50,81.8,0,0.0,0.436,13.003413408708123,77.67305141174914,13.007325912802726,77.67276343294759,"LINESTRING(77.673051 13.003413, 77.672763 13.007326)",50,36.5,No,0,0,1,Good,Medium,1.99,1.0,0.0,22.5,Safe,SEG-00712,SEG_000000712,76.9,44,19.7,Aligned,44.5,57.9,Side Impact Potential,Urban,2,True,Commercial,Meets Safe System Standards,Arterial Rd Zone1-712,0,0.0,,False,37.9,44,0,0
713,Arterial Rd Zone1-713,Arterial,Aligned,8,8,Aligned,0.9557713820992294,0.9557713820992294,0.043623487111490784,0.0005666788435740572,3.845194570546254e-05,31,31,83.0,35.3,39.1,50,77.9,0,0.436,0.725,13.007325912802726,77.67276343294759,13.009911892457724,77.6725230214885,"LINESTRING(77.672763 13.007326, 77.672523 13.009912)",40,38.6,No,0,0,1,Good,High,1.84,1.0,0.0,25.0,Moderate Risk,SEG-00713,SEG_000000713,73.9,31,21.9,Aligned,30.9,65.9,Side Impact Potential,Urban,4,True,Commercial,Meets Safe System Standards,Arterial Rd Zone1-712,1,0.0,,False,25.2,31,0,0
714,Arterial Rd Zone1-714,Arterial,Aligned,8,8,Aligned,0.9327148187919191,0.9327148187919191,0.06633902093262736,0.0009042476384972353,4.191263695638242e-05,34,34,80.0,45.9,40.9,50,67.0,0,0.0,0.406,13.04054360845954,77.61764019552359,13.03853891673256,77.62077609956177,"LINESTRING(77.61764 13.040544, 77.620776 13.038539)",50,39.2,No,0,0,2,Good,Low,1.97,1.0,0.0,24.1,Safe,SEG-00714,SEG_000000714,76.5,34,21.1,Aligned,34.1,62.4,Side Impact Potential,Urban,6,False,Mixed,Meets Safe System Standards,Arterial Rd Zone1-714,0,0.0,,False,28.0,34,0,0
715,Arterial Rd Zone1-715,Arterial,Aligned,7,7,Aligned,0.9877953680853251,0.9877953680853251,0.010891627464578134,0.0013051316739563074,7.872776140590017e-06,50,50,77.5,32.9,28.5,50,81.4,0,0.0,0.41,12.994556214192134,77.69126302542433,12.997832432388478,77.68951749367724,"LINESTRING(77.691263 12.994556, 77.689517 12.997832)",50,20.3,No,0,0,0,Good,Medium,1.44,0.97,3.0,22.0,Safe,SEG-00715,SEG_000000715,74.4,50,20.3,Aligned,51.7,60.4,Side Impact Potential,Urban,5,False,Residential,Poor Infrastructure,Arterial Rd Zone1-715,0,0.217,Light,False,37.6,50,0,0
716,Arterial Rd Zone1-716,Arterial,Moderate Misalignment,32,42,Moderate Misalignment,0.9583361214057702,0.010609267589207425,0.9583361214057702,0.030950706375341974,0.00010390462968049766,30,28,75.0,58.8,53.8,30,94.1,10,0.0,0.283,12.950813938636175,77.70309433144524,12.953165897810134,77.70408630303251,"LINESTRING(77.703094 12.950814, 77.704086 12.953166)",40,58.9,No,1,0,1,Good,Medium,1.48,0.9,10.0,36.5,Moderate Risk,SEG-00716,SEG_000000716,65.2,30,41.0,Moderate Misalignment,44.0,67.5,Significant Pedestrian Interaction,Urban,4,False,Commercial,High Pedestrian Interaction | Above Human Tolerance Limit,Arterial Rd Zone1-716,0,0.0,,False,36.0,28,1,0
717,Arterial Rd Zone1-717,Arterial,Moderate Misalignment,27,27,Moderate Misalignment,0.9746938280383911,0.024816991924586855,0.9746938280383911,0.00046800917839408284,2.1170858628221283e-05,45,45,80.0,57.6,41.6,50,98.6,0,0.0,0.432,12.902593558348183,77.65102076575931,12.906022026039286,77.6491395819178,"LINESTRING(77.651021 12.902594, 77.64914 12.906022)",40,46.1,No,0,0,1,Good,Low,1.96,0.87,13.0,24.8,Safe,SEG-00717,SEG_000000717,76.3,45,25.3,Moderate Misalignment,45.2,57.1,Side Impact Potential,Urban,6,False,Commercial,Meets Safe System Standards,Arterial Rd Zone1-717,0,0.0,,False,40.9,45,0,0
718,Arterial Rd Zone1-718,Arterial,Aligned,8,8,Aligned,0.984569222922243,0.984569222922243,0.014111226418224418,0.0013096992851492036,9.851374383370301e-06,30,30,78.0,48.2,27.0,50,78.6,0,0.0,0.336,12.898908434691728,77.54062132238906,12.8959284132417,77.54114941825983,"LINESTRING(77.540621 12.898908, 77.541149 12.895928)",40,19.8,No,0,0,0,Good,High,2.01,1.0,0.0,18.3,Safe,SEG-00718,SEG_000000718,80.0,30,16.0,Aligned,29.9,57.1,Side Impact Potential,Urban,2,True,Commercial,Meets Safe System Standards,Arterial Rd Zone1-718,0,0.0,,False,25.7,30,0,0
719,Arterial Rd Zone1-719,Arterial,Moderate Misalignment,24,24,Moderate Misalignment,0.8269107131916028,0.1718742457203062,0.8269107131916028,0.0011595619403880967,5.547914770287806e-05,50,50,70.0,34.1,44.7,50,95.5,0,0.336,0.756,12.8959284132417,77.54114941825983,12.89239744504045,77.54253260872734,"LINESTRING(77.541149 12.895928, 77.542533 12.892397)",40,48.8,No,0,0,1,Good,Medium,1.63,0.68,32.0,32.8,Moderate Risk,SEG-00719,SEG_000000719,64.3,50,37.5,Moderate Misalignment,53.0,64.9,Side Impact Potential,Urban,2,False,Mixed,Poor Infrastructure,Arterial Rd Zone1-718,1,0.0,,False,43.0,50,0,0
720,Arterial Rd Zone1-720,Arterial,Moderate Misalignment,24,24,Moderate Misalignment,0.8331827583311876,0.16237958722830326,0.8331827583311876,0.0044246622446487225,1.2992195860369448e-05,50,50,85.5,11.8,24.1,50,95.4,0,0.0,0.499,12.918162401101316,77.61255763173526,12.921663236634105,77.6096790312729,"LINESTRING(77.612558 12.918162, 77.609679 12.921663)",40,13.5,No,0,0,0,Good,Low,2.1,0.66,34.0,28.4,Moderate Risk,SEG-00720,SEG_000000720,62.0,50,33.9,Moderate Misalignment,53.6,57.2,Side Impact Potential,Urban,5,True,Residential,Poor Infrastructure,Arterial Rd Zone1-720,0,0.0,,False,43.1,50,0,0
721,Arterial Rd Zone1-721,Arterial,Aligned,8,8,Aligned,0.9735524588834609,0.9735524588834609,0.025516185515146537,0.000917207788907565,1.4147812484985909e-05,29,29,88.0,36.5,29.1,50,79.0,0,0.0,0.435,12.942545570650514,77.68171850313334,12.946250312658815,77.680417820643,"LINESTRING(77.681719 12.942546, 77.680418 12.94625)",40,21.7,No,0,0,0,Good,High,1.97,1.0,0.0,20.9,Safe,SEG-00721,SEG_000000721,76.3,29,18.3,Aligned,29.0,57.4,Side Impact Potential,Urban,6,True,Industrial,Meets Safe System Standards,Arterial Rd Zone1-721,0,0.0,,False,26.0,29,0,0
722,Arterial Rd Zone1-722,Arterial,Aligned,8,8,Aligned,0.9583899781558645,0.9583899781558645,0.040550177113076145,0.0010457865894706326,1.4058141588819626e-05,30,30,80.5,21.2,30.1,50,72.8,0,0.0,0.355,12.955667479039285,77.50952337223363,12.952475890359604,77.50933932764924,"LINESTRING(77.509523 12.955667, 77.509339 12.952476)",40,20.9,No,0,0,0,Good,Low,2.05,1.0,0.0,23.6,Safe,SEG-00722,SEG_000000722,71.9,30,20.6,Aligned,29.8,61.1,Side Impact Potential,Urban,3,True,Commercial,Poor Infrastructure,Arterial Rd Zone1-722,0,0.216,Light,False,21.9,30,0,0
723,Arterial Rd Zone1-723,Arterial,Moderate Misalignment,28,28,Moderate Misalignment,0.9874529105536891,0.007963522252633711,0.9874529105536891,0.0036483016462932356,0.0009352655473840628,30,30,80.5,83.5,56.0,30,92.2,0,0.355,0.6910000000000001,12.952475890359604,77.50933932764924,12.94948400761055,77.50889294795158,"LINESTRING(77.509339 12.952476, 77.508893 12.949484)",40,69.7,No,0,0,3,Good,High,1.57,1.0,0.0,29.4,Moderate Risk,SEG-00723,SEG_000000723,76.1,30,34.4,Moderate Misalignment,37.7,56.5,Significant Pedestrian Interaction,Urban,3,True,Residential,High Pedestrian Interaction | Above Human Tolerance Limit,Arterial Rd Zone1-722,1,0.0,,False,34.8,30,0,0
724,Arterial Rd Zone1-724,Arterial,Moderate Misalignment,29,29,Moderate Misalignment,0.9220396353977846,0.02573117051409444,0.9220396353977846,0.05188197885898264,0.00034721522913835895,30,30,83.0,69.4,50.6,30,95.4,0,0.0,0.415,13.02636177546608,77.65136861873238,13.02948815141384,77.65345371218598,"LINESTRING(77.651369 13.026362, 77.653454 13.029488)",40,56.2,No,0,0,1,Good,Medium,1.86,0.87,13.0,31.7,Moderate Risk,SEG-00724,SEG_000000724,69.9,30,39.9,Moderate Misalignment,45.3,63.6,Significant Pedestrian Interaction,Urban,4,True,Commercial,High Pedestrian Interaction | Above Human Tolerance Limit,Arterial Rd Zone1-724,0,0.0,,False,37.0,30,0,0
725,Arterial Rd Zone1-725,Arterial,Moderate Misalignment,27,27,Moderate Misalignment,0.9304537606411103,0.05868312538933355,0.9304537606411103,0.010833915440952484,2.9198528603618126e-05,30,30,85.5,78.8,41.9,30,89.1,0,0.0,0.466,12.94609874448076,77.64474870157531,12.947448434628123,77.64881990167112,"LINESTRING(77.644749 12.946099, 77.64882 12.947448)",50,43.4,No,0,0,0,Good,Low,1.81,0.88,12.0,32.2,Moderate Risk,SEG-00725,SEG_000000725,66.3,30,49.1,Moderate Misalignment,55.8,63.7,Significant Pedestrian Interaction,Urban,5,True,Residential,High Pedestrian Interaction | Above Human Tolerance Limit,Arterial Rd Zone1-725,0,0.171,Light,False,42.8,30,0,0
726,Arterial Rd Zone1-726,Arterial,Moderate Misalignment,22,22,Moderate Misalignment,0.7038441480259678,0.29329012270537363,0.7038441480259678,0.0028486904058603255,1.7038862797982804e-05,50,50,80.5,10.6,19.5,50,91.5,0,0.0,0.321,13.03357728629057,77.66178633352305,13.033122327493642,77.66471587840927,"LINESTRING(77.661786 13.033577, 77.664716 13.033122)",50,5.1,No,0,0,0,Good,Low,1.66,0.75,25.0,26.3,Moderate Risk,SEG-00726,SEG_000000726,63.4,50,31.2,Moderate Misalignment,62.4,56.5,Side Impact Potential,Urban,3,True,Commercial,Poor Infrastructure,Arterial Rd Zone1-726,0,0.0,,False,55.7,50,0,0
727,Arterial Rd Zone1-727,Arterial,Aligned,8,8,Aligned,0.9572832844465209,0.9572832844465209,0.04010045497128903,0.002556562438964187,5.9698143225960175e-05,34,34,88.0,57.6,36.9,50,82.5,0,0.0,0.489,13.001948976726048,77.69588498037326,12.997703340925366,77.6947054678426,"LINESTRING(77.695885 13.001949, 77.694705 12.997703)",40,36.8,No,0,0,0,Good,Low,1.57,1.0,0.0,20.7,Safe,SEG-00727,SEG_000000727,80.6,34,18.2,Aligned,33.9,56.2,Side Impact Potential,Urban,6,True,Commercial,Meets Safe System Standards,Arterial Rd Zone1-727,0,0.0,,False,28.3,34,0,0
728,Arterial Rd Zone1-728,Arterial,Aligned,11,11,Aligned,0.7900469291414665,0.7900469291414665,0.20648035387510685,0.003436556288920724,3.6160694505995166e-05,41,41,83.0,14.1,24.3,50,88.0,0,0.0,0.351,12.923771660669582,77.5452233881222,12.922420627661824,77.5481462169543,"LINESTRING(77.545223 12.923772, 77.548146 12.922421)",40,12.2,No,0,0,0,Poor,Medium,1.66,0.98,2.0,22.9,Safe,SEG-00728,SEG_000000728,70.5,41,20.5,Aligned,40.9,58.4,Side Impact Potential,Urban,4,True,Residential,Poor Infrastructure,Arterial Rd Zone1-728,0,0.156,Light,False,32.0,41,0,0
729,Arterial Rd Zone1-729,Arterial,Aligned,8,8,Aligned,0.9793567673128672,0.9793567673128672,0.019689191016084726,0.000925351311435702,2.8690359612141777e-05,34,34,77.5,29.4,41.6,50,81.2,0,0.351,0.607,12.922420627661824,77.5481462169543,12.921207886314818,77.55015719901262,"LINESTRING(77.548146 12.922421, 77.550157 12.921208)",40,44.8,No,0,0,1,Good,High,1.47,1.0,0.0,26.9,Moderate Risk,SEG-00729,SEG_000000729,71.8,34,23.5,Aligned,33.8,56.3,Side Impact Potential,Urban,5,False,Industrial,Poor Infrastructure,Arterial Rd Zone1-728,1,0.0,,False,27.4,34,0,0
730,Arterial Rd Zone1-730,Arterial,Aligned,8,8,Aligned,0.9714439480339768,0.9714439480339768,0.02611110811686433,0.0024255899847721355,1.9353864386796914e-05,33,33,77.5,5.9,28.5,50,81.9,0,0.0,0.464,12.89359536828304,77.5281861843927,12.889676069863572,77.52966441827941,"LINESTRING(77.528186 12.893595, 77.529664 12.889676)",40,14.0,No,0,0,0,Good,Low,1.78,1.0,0.0,25.3,Moderate Risk,SEG-00730,SEG_000000730,68.0,33,22.0,Aligned,33.1,68.9,Side Impact Potential,Urban,5,False,Commercial,Poor Infrastructure,Arterial Rd Zone1-730,0,0.0,,False,27.9,33,0,0
731,Arterial Rd Zone1-731,Arterial,Aligned,8,8,Aligned,0.9671113038117963,0.9671113038117963,0.03005388351000662,0.0028216898094837084,1.3122868713251668e-05,32,32,83.0,18.8,28.5,50,81.3,0,0.4639999999999999,0.851,12.889676069863572,77.52966441827941,12.886557245060612,77.53124566969284,"LINESTRING(77.529664 12.889676, 77.531246 12.886557)",40,16.5,No,0,0,0,Good,Medium,1.72,1.0,0.0,23.4,Safe,SEG-00731,SEG_000000731,71.5,32,20.4,Aligned,32.1,64.6,Side Impact Potential,Urban,4,True,Commercial,Poor Infrastructure,Arterial Rd Zone1-730,1,0.0,,False,27.5,32,0,0
732,Arterial Rd Zone1-732,Arterial,Aligned,12,12,Aligned,0.7862543806342411,0.7862543806342411,0.19779135080974133,0.015921657891964716,3.2610664052855734e-05,37,37,75.0,31.8,28.6,50,38.8,0,0.0,0.482,12.927113477689366,77.67278561271154,12.927271213772762,77.67722918493186,"LINESTRING(77.672786 12.927113, 77.677229 12.927271)",50,16.8,No,0,0,0,Good,Medium,1.92,1.0,0.0,21.5,Safe,SEG-00732,SEG_000000732,75.1,37,18.7,Aligned,36.9,64.3,Side Impact Potential,Urban,4,False,Commercial,Active Congestion | Poor Infrastructure,Arterial Rd Zone1-732,0,0.771,Severe,False,9.2,37,0,0
733,Arterial Rd Zone1-733,Arterial,Aligned,18,18,Aligned,0.5125165757075942,0.5125165757075942,0.48465960378969136,0.0028004123929310856,2.3408109783309654e-05,42,42,80.0,11.8,28.0,50,95.5,0,0.482,0.978,12.927271213772762,77.67722918493186,12.926519268740082,77.68173568808926,"LINESTRING(77.677229 12.927271, 77.681736 12.926519)",40,13.8,No,0,0,0,Good,High,1.44,0.95,5.0,25.1,Moderate Risk,SEG-00733,SEG_000000733,68.4,42,23.2,Aligned,42.0,67.1,Side Impact Potential,Urban,6,False,Residential,Poor Infrastructure,Arterial Rd Zone1-732,1,0.0,,False,37.0,42,0,0
734,Arterial Rd Zone1-734,Arterial,Aligned,8,8,Aligned,0.980052004250515,0.980052004250515,0.01922526105976222,0.0007119010470577803,1.083364266524506e-05,32,32,80.5,36.5,29.7,70,77.9,0,0.0,0.311,12.979137838320014,77.49702080157111,12.976365245512843,77.4973692030322,"LINESTRING(77.497021 12.979138, 77.497369 12.976365)",40,18.7,No,0,0,0,Good,Low,1.47,1.0,0.0,21.2,Safe,SEG-00734,SEG_000000734,76.2,32,18.5,Aligned,31.7,65.1,Separated Traffic,Urban,3,True,Commercial,Meets Safe System Standards,Arterial Rd Zone1-734,0,0.138,Light,False,25.2,32,0,0
735,Arterial Rd Zone1-735,Arterial,Aligned,8,8,Aligned,0.9766601672821607,0.9766601672821607,0.02123484429414189,0.0019642723487275577,0.0001407160749698386,35,35,80.0,30.6,34.0,50,87.4,0,0.0,0.305,12.968182116498348,77.66603196018177,12.965827715198582,77.66458333955401,"LINESTRING(77.666032 12.968182, 77.664583 12.965828)",40,28.8,No,0,0,1,Good,Low,1.88,1.0,0.0,23.7,Safe,SEG-00735,SEG_000000735,73.7,35,20.7,Aligned,35.0,63.8,Side Impact Potential,Urban,6,False,Residential,Poor Infrastructure,Arterial Rd Zone1-735,0,0.0,,False,31.6,35,0,0
736,Arterial Rd Zone1-736,Arterial,Aligned,8,8,Aligned,0.9769083772221123,0.9769083772221123,0.022144539508995083,0.0009328866876917657,1.4196581200977461e-05,43,43,85.5,40.0,30.8,50,78.0,0,0.0,0.45,13.021319391070596,77.68431113769019,13.02536333618438,77.68450702310615,"LINESTRING(77.684311 13.021319, 77.684507 13.025363)",50,25.2,No,0,0,0,Good,Medium,1.9,1.0,0.0,21.1,Safe,SEG-00736,SEG_000000736,77.0,43,18.4,Aligned,42.7,57.2,Side Impact Potential,Urban,5,True,Residential,Meets Safe System Standards,Arterial Rd Zone1-736,0,0.0,,False,35.3,43,0,0
737,Arterial Rd Zone1-737,Arterial,Aligned,13,13,Aligned,0.7273562029625485,0.7273562029625485,0.27161584672544564,0.0009836858457496949,4.4264466256141736e-05,49,49,70.0,31.8,37.2,50,91.1,0,0.0,0.501,12.980971945166038,77.53219410809587,12.984335271068154,77.53526417291597,"LINESTRING(77.532194 12.980972, 77.535264 12.984335)",50,31.7,No,0,0,1,Good,High,1.84,1.0,0.0,24.8,Safe,SEG-00737,SEG_000000737,73.3,49,21.7,Aligned,49.3,64.5,Side Impact Potential,Urban,2,False,Residential,Poor Infrastructure,Arterial Rd Zone1-737,0,0.0,,False,44.0,49,0,0
738,Arterial Rd Zone1-738,Arterial,Aligned,8,8,Aligned,0.9815082382623026,0.9815082382623026,0.017636026500157668,0.0008282396994225914,2.749553811706674e-05,37,37,80.0,31.8,35.1,50,73.9,0,0.0,0.496,12.91641889235326,77.62444531370164,12.913160384640952,77.62131832121423,"LINESTRING(77.624445 12.916419, 77.621318 12.91316)",50,28.6,No,0,0,0,Good,Low,1.63,1.0,0.0,24.0,Safe,SEG-00738,SEG_000000738,73.8,37,21.0,Aligned,36.8,65.6,Side Impact Potential,Urban,6,False,Mixed,Poor Infrastructure,Arterial Rd Zone1-738,0,0.0,,False,32.6,37,0,0
739,Arterial Rd Zone1-739,Arterial,Aligned,9,9,Aligned,0.9103739164653343,0.9103739164653343,0.08144707990618658,0.008071737726923031,0.00010726590155618597,50,50,80.5,31.8,33.4,50,86.3,0,0.4959999999999999,0.7809999999999999,12.913160384640952,77.62131832121423,12.91090337382992,77.62007195162889,"LINESTRING(77.621318 12.91316, 77.620072 12.910903)",50,29.7,No,0,0,1,Poor,High,1.91,0.89,11.0,25.5,Moderate Risk,SEG-00739,SEG_000000739,70.8,50,25.9,Moderate Misalignment,55.3,57.3,Side Impact Potential,Urban,3,True,Residential,Poor Infrastructure,Arterial Rd Zone1-738,1,0.205,Light,False,40.9,50,0,0
740,Arterial Rd Zone1-740,Arterial,Aligned,8,8,Aligned,0.9661048968487047,0.9661048968487047,0.032796124312699,0.0010810976178288328,1.7881220767285828e-05,50,50,70.0,63.5,34.2,50,87.8,0,0.0,0.459,13.023076643228132,77.54793969310093,13.020941241667112,77.54431523156566,"LINESTRING(77.54794 13.023077, 77.544315 13.020941)",50,31.3,No,0,0,0,Good,Low,2.14,0.87,13.0,21.5,Safe,SEG-00740,SEG_000000740,78.7,50,23.3,Aligned,56.5,56.2,Side Impact Potential,Urban,2,False,Mixed,Meets Safe System Standards,Arterial Rd Zone1-740,0,0.197,Light,False,41.9,50,0,0
741,Arterial Rd Zone1-741,Arterial,Aligned,7,7,Aligned,0.9890151138525987,0.9890151138525987,0.010389193094839771,0.0005878105549890936,7.882497572461872e-06,41,41,72.5,35.3,28.3,50,76.4,0,0.0,0.414,12.898753604358877,77.56917120430172,12.89503138006637,77.56915281668378,"LINESTRING(77.569171 12.898754, 77.569153 12.895031)",50,22.0,No,0,0,0,Poor,High,2.02,1.0,0.0,20.8,Safe,SEG-00741,SEG_000000741,76.1,41,18.2,Aligned,41.4,57.2,Side Impact Potential,Urban,3,False,Commercial,Meets Safe System Standards,Arterial Rd Zone1-741,0,0.0,,False,34.3,41,0,0
742,Arterial Rd Zone1-742,Arterial,Aligned,8,8,Aligned,0.9829635985837213,0.9829635985837213,0.015940614274477634,0.001085339924357859,1.044721744318688e-05,35,35,70.0,24.7,26.9,50,84.4,0,0.0,0.495,12.864100575557613,77.5831507072017,12.867779560624,77.5857233256181,"LINESTRING(77.583151 12.864101, 77.585723 12.86778)",40,13.9,No,0,0,0,Good,Medium,1.82,1.0,0.0,21.9,Safe,SEG-00742,SEG_000000742,73.5,35,19.1,Aligned,35.0,64.5,Side Impact Potential,Urban,2,False,Commercial,Poor Infrastructure,Arterial Rd Zone1-742,0,0.0,,False,29.6,35,0,0
743,Arterial Rd Zone1-743,Arterial,Aligned,7,7,Aligned,0.9869590569230872,0.9869590569230872,0.01134449586679788,0.0016677173185649066,2.8729891550084707e-05,35,35,72.5,41.2,32.0,50,82.0,0,0.0,0.339,12.901274834026248,77.63149830141452,12.904165195435876,77.63249135533138,"LINESTRING(77.631498 12.901275, 77.632491 12.904165)",40,26.9,No,0,0,0,Poor,High,1.69,1.0,0.0,21.4,Safe,SEG-00743,SEG_000000743,77.0,35,18.7,Aligned,34.8,61.3,Side Impact Potential,Urban,3,False,Mixed,Meets Safe System Standards,Arterial Rd Zone1-743,0,0.0,,False,28.0,35,0,0
744,Arterial Rd Zone1-744,Arterial,Aligned,8,8,Aligned,0.9731741045920537,0.9731741045920537,0.026048338427611097,0.0005448101348709553,0.00023274684546434877,46,46,70.0,44.7,38.2,50,87.3,0,0.0,0.438,13.01445811678879,77.50298261110731,13.01104703672493,77.50500359068117,"LINESTRING(77.502983 13.014458, 77.505004 13.011047)",50,37.2,No,0,0,1,Good,Medium,1.47,1.0,0.0,23.2,Safe,SEG-00744,SEG_000000744,76.7,46,20.4,Aligned,46.2,62.6,Side Impact Potential,Urban,2,False,Residential,Meets Safe System Standards,Arterial Rd Zone1-744,0,0.0,,False,41.6,46,0,0
745,Arterial Rd Zone1-745,Arterial,Moderate Misalignment,20,20,Moderate Misalignment,0.5796773880367936,0.41603534545295867,0.5796773880367936,0.00418431545323167,0.0001029510570159522,50,50,83.0,31.8,35.4,50,89.4,0,0.0,0.274,13.034677141206055,77.543095989662,13.036203554019131,77.54508701935755,"LINESTRING(77.543096 13.034677, 77.545087 13.036204)",40,28.1,No,0,0,0,Good,Medium,2.0,0.73,27.0,28.6,Moderate Risk,SEG-00745,SEG_000000745,67.0,50,32.2,Moderate Misalignment,50.7,65.7,Side Impact Potential,Urban,4,True,Commercial,Poor Infrastructure,Arterial Rd Zone1-745,0,0.0,,False,47.1,50,0,0