segment_id,road_name,road_type,risk_category,road_risk_score,segment_risk_score,ai_risk_label,ai_risk_probability,prob_low_risk,prob_medium_risk,prob_high_risk,prob_critical_risk,ai_recommended_speed,recommended_safe_speed,road_function_score,infrastructure_score,exposure_score,human_tolerance_limit,operating_speed_score,crash_risk_score,start_km,end_km,start_lat,start_lon,end_lat,end_lon,geometry,posted_speed_limit,pedestrian_exposure_score,blackspot_flag,crash_count,fatal_crashes,schools_count,lighting_quality,roadside_hazards,intersection_density,speed_compliance_rate,speed_violation_score,hotspot_score,hotspot_category,human_segment_id,internal_id,speed_safety_score,original_safe_speed,misalignment_score,misalignment_category,speed_p85,ptw_share_pct,exposure_tier,urban_rural_flag,lane_count,median_presence,land_use_type,top_ai_factors,corridor_base,corridor_seq,congestion_index,congestion_category,congestion_smoothed,operating_speed_mean,final_safe_speed,minor_crashes,major_crashes
746,Arterial Rd Zone1-746,Arterial,Moderate Misalignment,29,29,Moderate Misalignment,0.8363875175470079,0.07692824936375796,0.8363875175470079,0.08655233158628274,0.00013190150295136762,30,30,80.0,34.1,43.2,30,81.5,0,0.274,0.658,13.036203554019131,77.54508701935755,13.03885394499414,77.54736081676256,"LINESTRING(77.545087 13.036204, 77.547361 13.038854)",40,40.3,No,0,0,2,Poor,Medium,1.94,1.0,0.0,32.0,Moderate Risk,SEG-00746,SEG_000000746,65.0,30,36.4,Moderate Misalignment,35.8,68.0,Significant Pedestrian Interaction,Urban,6,False,Commercial,High Pedestrian Interaction | Poor Infrastructure | Above Human Tolerance Limit,Arterial Rd Zone1-745,1,0.164,Light,False,27.7,30,0,0
747,Arterial Rd Zone1-747,Arterial,Moderate Misalignment,27,27,Moderate Misalignment,0.904357091296791,0.08210435674475743,0.904357091296791,0.013451500266905,8.705169154653808e-05,50,50,88.0,31.8,31.6,50,97.6,0,0.0,0.259,13.02850818968516,77.59479034252524,13.026361579011668,77.5957220299357,"LINESTRING(77.59479 13.028508, 77.595722 13.026362)",50,23.7,No,0,0,0,Poor,Low,2.15,0.81,19.0,26.6,Moderate Risk,SEG-00747,SEG_000000747,68.5,50,29.8,Moderate Misalignment,59.7,64.8,Side Impact Potential,Urban,6,True,Residential,Poor Infrastructure,Arterial Rd Zone1-747,0,0.0,,False,51.6,50,0,0
748,Arterial Rd Zone1-748,Arterial,Aligned,8,8,Aligned,0.96645340805937,0.96645340805937,0.0321840419216852,0.0013205753185972528,4.197470034749132e-05,38,38,80.0,36.5,38.6,50,83.3,0,0.0,0.457,13.020156552312502,77.68260026445327,13.022635067125822,77.68595972504696,"LINESTRING(77.6826 13.020157, 77.68596 13.022635)",40,37.0,No,0,0,1,Good,Low,1.56,1.0,0.0,24.6,Safe,SEG-00748,SEG_000000748,74.3,38,21.6,Aligned,37.7,61.5,Side Impact Potential,Urban,6,False,Mixed,Meets Safe System Standards,Arterial Rd Zone1-748,0,0.17,Light,False,28.9,38,0,0
749,Arterial Rd Zone1-749,Arterial,Aligned,10,10,Aligned,0.8257624841998465,0.8257624841998465,0.17058749585908453,0.003582319816535981,6.770012453286269e-05,44,44,72.5,34.1,33.8,50,93.9,0,0.457,0.913,13.022635067125822,77.68595972504696,13.025031251927896,77.68937033238493,"LINESTRING(77.68596 13.022635, 77.68937 13.025031)",40,29.4,No,0,0,0,Poor,Low,1.46,0.91,9.0,24.6,Safe,SEG-00749,SEG_000000749,72.5,44,23.8,Aligned,43.5,62.9,Side Impact Potential,Urban,3,False,Mixed,Poor Infrastructure,Arterial Rd Zone1-748,1,0.0,,False,35.9,44,0,0
599,Collector Rd Zone0-599,Collector,Aligned,8,8,Aligned,0.9765835199434927,0.9765835199434927,0.0218202587271964,0.0015680158276225604,2.8205501688380345e-05,27,27,52.5,50.6,32.3,50,70.9,0,0.0,0.301,12.940589369113765,77.61245880532873,12.9410008422237,77.60971723139937,"LINESTRING(77.612459 12.940589, 77.609717 12.941001)",40,25.1,No,0,0,0,Good,Medium,2.97,1.0,0.0,20.1,Safe,SEG-00599,SEG_000000599,79.6,27,17.6,Aligned,26.7,64.8,Side Impact Potential,Urban,3,False,Residential,Meets Safe System Standards,Collector Rd Zone0-599,0,0.175,Light,False,20.6,27,0,0
600,Collector Rd Zone0-600,Collector,Aligned,9,9,Aligned,0.9114500614023522,0.9114500614023522,0.08753978972715723,0.000976432471586615,3.371639890388818e-05,27,27,52.5,21.2,28.3,50,87.7,0,0.0,0.274,12.9662966033987,77.63654573804375,12.964675719125417,77.63845183609267,"LINESTRING(77.636546 12.966297, 77.638452 12.964676)",30,14.5,No,0,0,0,Good,Low,3.56,1.0,0.0,23.0,Safe,SEG-00600,SEG_000000600,72.2,27,20.0,Aligned,26.7,67.7,Side Impact Potential,Urban,3,False,Commercial,Poor Infrastructure,Collector Rd Zone0-600,0,0.0,,False,21.8,27,0,0
601,Collector Rd Zone0-601,Collector,Moderate Misalignment,20,20,Moderate Misalignment,0.6355034114658866,0.36183266425308275,0.6355034114658866,0.0026524155335945635,1.1508747435953752e-05,47,47,50.0,20.0,24.2,50,58.0,0,0.0,0.334,12.92480131572158,77.61434958777313,12.92257239334734,77.61640942520017,"LINESTRING(77.61435 12.924801, 77.616409 12.922572)",40,8.6,No,0,0,0,Good,Low,3.25,0.82,18.0,24.5,Safe,SEG-00601,SEG_000000601,68.3,47,26.2,Moderate Misalignment,47.2,65.0,Side Impact Potential,Urban,2,False,Mixed,Active Congestion | Poor Infrastructure,Collector Rd Zone0-601,0,0.76,Severe,False,12.0,47,0,0
602,Collector Rd Zone0-602,Collector,Moderate Misalignment,27,27,Moderate Misalignment,0.9393853046678929,0.046332515422208335,0.9393853046678929,0.014134058947898718,0.00014812096199994586,30,30,52.5,55.3,53.5,30,81.4,0,0.0,0.358,12.929775398909168,77.60019485083258,12.927477581824576,77.60251289754856,"LINESTRING(77.600195 12.929775, 77.602513 12.927478)",40,64.7,No,0,0,1,Good,Medium,3.36,1.0,0.0,32.7,Moderate Risk,SEG-00602,SEG_000000602,68.7,30,37.2,Moderate Misalignment,35.8,67.4,Significant Pedestrian Interaction,Urban,3,False,Mixed,High Pedestrian Interaction | Above Human Tolerance Limit,Collector Rd Zone0-602,0,0.168,Light,False,27.6,30,0,0
603,Collector Rd Zone0-603,Collector,Aligned,8,8,Aligned,0.9322042366815563,0.9322042366815563,0.06699530861106996,0.0007903587321856666,1.0095975188256641e-05,28,28,50.0,9.4,22.3,50,88.3,0,0.358,0.626,12.927477581824576,77.60251289754856,12.925367678647902,77.6037130456371,"LINESTRING(77.602513 12.927478, 77.603713 12.925368)",30,7.1,No,0,0,0,Good,Medium,3.69,1.0,0.0,22.4,Safe,SEG-00603,SEG_000000603,70.2,28,19.4,Aligned,28.1,61.6,Side Impact Potential,Urban,2,False,Residential,Poor Infrastructure,Collector Rd Zone0-602,1,0.142,Light,False,22.2,28,0,0
604,Collector Rd Zone0-604,Collector,Aligned,15,15,Aligned,0.6148081963840327,0.6148081963840327,0.3818843871503943,0.003241963405901473,6.545305967159332e-05,30,30,50.0,42.4,37.2,30,95.3,0,0.0,0.252,12.996416620536486,77.61909993410126,12.994487752424412,77.6178739638286,"LINESTRING(77.6191 12.996417, 77.617874 12.994488)",30,37.4,No,0,0,1,Good,Low,2.58,0.96,4.0,23.7,Safe,SEG-00604,SEG_000000604,75.5,30,21.6,Aligned,31.2,61.5,Significant Pedestrian Interaction,Urban,2,False,Industrial,High Pedestrian Interaction,Collector Rd Zone0-604,0,0.0,,False,26.9,30,0,0
605,Collector Rd Zone0-605,Collector,Moderate Misalignment,27,27,Moderate Misalignment,0.9616439639566449,0.03717870755913604,0.9616439639566449,0.0011710869066719892,6.241577547030491e-06,37,37,55.0,21.2,26.1,50,99.8,0,0.0,0.296,12.959055861688643,77.63853768302768,12.956485318993211,77.63924068123745,"LINESTRING(77.638538 12.959056, 77.639241 12.956485)",30,14.0,No,0,0,0,Good,Medium,3.29,0.77,23.0,25.0,Moderate Risk,SEG-00605,SEG_000000605,68.3,37,26.5,Moderate Misalignment,37.0,62.8,Side Impact Potential,Urban,4,False,Commercial,Poor Infrastructure,Collector Rd Zone0-605,0,0.0,,False,30.1,37,0,0
606,Collector Rd Zone0-606,Collector,Aligned,8,8,Aligned,0.9685079617081692,0.9685079617081692,0.03089026563390832,0.0005977914090704689,3.9812488520633156e-06,28,28,55.0,4.7,20.2,50,71.0,0,0.0,0.293,13.00404065296176,77.62234796877895,13.006676107758164,77.6222975738386,"LINESTRING(77.622348 13.004041, 77.622298 13.006676)",40,5.3,No,0,0,0,Poor,Low,3.41,1.0,0.0,22.3,Safe,SEG-00606,SEG_000000606,69.4,28,19.3,Aligned,28.0,58.3,Side Impact Potential,Urban,4,False,Mixed,Poor Infrastructure,Collector Rd Zone0-606,0,0.198,Light,False,20.7,28,0,0
607,Collector Rd Zone0-607,Collector,Moderate Misalignment,27,27,Moderate Misalignment,0.963960461829592,0.0325898531936254,0.963960461829592,0.002642086417402768,0.0008075985593796115,30,30,52.5,52.9,55.8,30,95.8,0,0.2929999999999999,0.5589999999999999,13.006676107758164,77.6222975738386,13.00903194016064,77.62274625207309,"LINESTRING(77.622298 13.006676, 77.622746 13.009032)",30,67.4,No,0,0,2,Poor,Medium,3.39,0.89,11.0,30.2,Moderate Risk,SEG-00607,SEG_000000607,73.2,30,28.9,Moderate Misalignment,33.4,57.6,Significant Pedestrian Interaction,Urban,3,False,Residential,High Pedestrian Interaction,Collector Rd Zone0-606,1,0.0,,False,27.2,30,0,0
608,Collector Rd Zone0-608,Collector,Moderate Misalignment,23,23,Moderate Misalignment,0.7413243379660163,0.2537763306402169,0.7413243379660163,0.004831992263146788,6.733913062011568e-05,50,50,55.0,40.0,34.7,50,97.3,0,0.0,0.255,12.95047262049427,77.56470981621403,12.952403940483787,77.56597527718348,"LINESTRING(77.56471 12.950473, 77.565975 12.952404)",40,31.4,No,0,0,0,Good,High,3.44,0.75,25.0,26.8,Moderate Risk,SEG-00608,SEG_000000608,69.9,50,30.2,Moderate Misalignment,50.1,62.1,Side Impact Potential,Urban,4,False,Commercial,Meets Safe System Standards,Collector Rd Zone0-608,0,0.0,,False,41.8,50,0,0
609,Collector Rd Zone0-609,Collector,Aligned,9,9,Aligned,0.9006856229573564,0.9006856229573564,0.09807561609449135,0.0011887030500364558,5.0057898115788443e-05,37,37,58.0,20.0,38.2,50,89.8,0,0.255,0.527,12.952403940483787,77.56597527718348,12.954644090602702,77.56698194512079,"LINESTRING(77.565975 12.952404, 77.566982 12.954644)",40,34.5,No,0,0,1,Good,Medium,2.64,1.0,0.0,27.0,Moderate Risk,SEG-00609,SEG_000000609,69.8,37,23.6,Aligned,36.9,68.9,Side Impact Potential,Urban,2,True,Mixed,Poor Infrastructure,Collector Rd Zone0-608,1,0.0,,False,33.2,37,0,0
610,Collector Rd Zone0-610,Collector,Aligned,8,8,Aligned,0.9768158763522298,0.9768158763522298,0.022533509506443564,0.0006460032511581593,4.610890168341362e-06,21,21,55.0,62.4,37.6,50,77.6,0,0.0,0.251,12.980668859589665,77.58874623131597,12.97941372348432,77.58681809766368,"LINESTRING(77.588746 12.980669, 77.586818 12.979414)",30,38.9,No,0,0,0,Good,Medium,2.85,1.0,0.0,20.3,Safe,SEG-00610,SEG_000000610,81.7,21,17.9,Aligned,20.9,60.0,Side Impact Potential,Urban,4,False,Commercial,Meets Safe System Standards,Collector Rd Zone0-610,0,0.235,Light,False,15.1,21,0,0
611,Collector Rd Zone0-611,Collector,Aligned,8,8,Aligned,0.9787446529748614,0.9787446529748614,0.020451343000301853,0.0007913461785446842,1.26578462922086e-05,20,20,50.0,30.6,30.1,50,79.6,0,0.0,0.259,12.98201072070789,77.5627326935764,12.982178131651503,77.56511711005388,"LINESTRING(77.562733 12.982011, 77.565117 12.982178)",30,18.3,No,0,0,0,Good,Low,3.55,1.0,0.0,22.2,Safe,SEG-00611,SEG_000000611,74.5,20,19.4,Aligned,20.0,65.8,Side Impact Potential,Urban,2,False,Commercial,Poor Infrastructure,Collector Rd Zone0-611,0,0.0,,False,16.4,20,0,0
612,Collector Rd Zone0-612,Collector,Aligned,8,8,Aligned,0.9541792646483126,0.9541792646483126,0.04524244021201541,0.0005748261979129042,3.4689417591211887e-06,48,48,52.5,12.9,22.1,50,89.3,0,0.259,0.649,12.982178131651503,77.56511711005388,12.981797938115578,77.56869373517567,"LINESTRING(77.565117 12.982178, 77.568694 12.981798)",50,5.6,No,0,0,0,Good,Medium,3.36,1.0,0.0,21.8,Safe,SEG-00612,SEG_000000612,71.2,48,18.9,Aligned,47.9,63.2,Side Impact Potential,Urban,3,False,Commercial,Poor Infrastructure,Collector Rd Zone0-611,1,0.0,,False,42.8,48,0,0
613,Collector Rd Zone0-613,Collector,Aligned,9,9,Aligned,0.9047319535077251,0.9047319535077251,0.09419878063001375,0.0010526772411673549,1.658862109387789e-05,26,26,50.0,9.4,30.5,50,89.2,0,0.0,0.269,12.99141413412656,77.5616431788543,12.99375856642019,77.56226332829809,"LINESTRING(77.561643 12.991414, 77.562263 12.993759)",30,18.8,No,0,0,0,Good,High,2.85,1.0,0.0,25.6,Moderate Risk,SEG-00613,SEG_000000613,68.5,26,22.3,Aligned,25.9,68.3,Side Impact Potential,Urban,2,False,Commercial,Poor Infrastructure,Collector Rd Zone0-613,0,0.0,,False,22.8,26,0,0
614,Collector Rd Zone0-614,Collector,Aligned,8,8,Aligned,0.9616295799670433,0.9616295799670433,0.03801688034782933,0.0003237582754866439,2.9781409640830264e-05,20,20,52.5,45.9,41.4,50,79.0,0,0.0,0.361,12.944028327137278,77.56446578996494,12.945954289623174,77.56178577466147,"LINESTRING(77.564466 12.944028, 77.561786 12.945954)",30,41.6,No,0,0,1,Good,High,2.51,1.0,0.0,24.3,Safe,SEG-00614,SEG_000000614,76.4,20,21.3,Aligned,20.5,63.4,Side Impact Potential,Urban,3,False,Commercial,Meets Safe System Standards,Collector Rd Zone0-614,0,0.159,Light,False,16.0,20,0,0
615,Collector Rd Zone0-615,Collector,Moderate Misalignment,20,20,Moderate Misalignment,0.6047030517565686,0.3914586766240216,0.6047030517565686,0.003825359556673823,1.2912062736001062e-05,35,35,60.5,20.0,22.2,50,97.0,0,0.0,0.259,12.967951784369324,77.58005521657027,12.970259718448776,77.57975911719096,"LINESTRING(77.580055 12.967952, 77.579759 12.97026)",30,9.9,No,0,0,0,Good,High,3.42,0.84,16.0,22.8,Safe,SEG-00615,SEG_000000615,70.2,35,23.0,Aligned,34.8,56.9,Side Impact Potential,Urban,3,True,Residential,Poor Infrastructure,Collector Rd Zone0-615,0,0.0,,False,28.0,35,0,0
616,Collector Rd Zone0-616,Collector,Aligned,8,8,Aligned,0.9525399709472512,0.9525399709472512,0.04665111474091509,0.0007781751513304761,3.073916050331348e-05,27,27,52.5,24.7,31.4,50,72.6,0,0.0,0.264,12.973309017792769,77.59303703232416,12.972711984636202,77.59067683039885,"LINESTRING(77.593037 12.973309, 77.590677 12.972712)",40,21.9,No,0,0,1,Poor,Low,2.92,1.0,0.0,23.6,Safe,SEG-00616,SEG_000000616,72.6,27,20.6,Aligned,26.8,67.2,Side Impact Potential,Urban,3,False,Mixed,Poor Infrastructure,Collector Rd Zone0-616,0,0.0,,False,21.7,27,0,0
617,Collector Rd Zone0-617,Collector,Aligned,7,7,Aligned,0.9873273860286788,0.9873273860286788,0.012068351622147921,0.0006012372749824162,3.0250741907738343e-06,26,26,60.5,27.1,24.0,50,89.0,0,0.0,0.337,12.920411088296207,77.60859482688815,12.92105407980671,77.60556072587488,"LINESTRING(77.608595 12.920411, 77.605561 12.921054)",30,11.3,No,0,0,0,Good,Low,3.3,1.0,0.0,20.4,Safe,SEG-00617,SEG_000000617,74.8,26,17.7,Aligned,26.1,59.1,Side Impact Potential,Urban,3,True,Industrial,Poor Infrastructure,Collector Rd Zone0-617,0,0.0,,False,22.7,26,0,0
618,Collector Rd Zone0-618,Collector,Aligned,11,11,Aligned,0.803260808968388,0.803260808968388,0.19566763438865492,0.00102541444881622,4.614219414084709e-05,40,40,50.0,32.9,37.4,50,93.5,0,0.0,0.348,12.9553882589261,77.6443686494552,12.952627204648204,77.6428566544915,"LINESTRING(77.644369 12.955388, 77.642857 12.952627)",30,32.1,No,0,0,1,Good,Low,2.83,0.66,34.0,28.9,Moderate Risk,SEG-00618,SEG_000000618,67.3,40,32.2,Moderate Misalignment,40.2,64.4,Side Impact Potential,Urban,2,False,Mixed,Poor Infrastructure,Collector Rd Zone0-618,0,0.0,,False,34.4,40,0,0
619,Collector Rd Zone0-619,Collector,Aligned,7,7,Aligned,0.9852621809741533,0.9852621809741533,0.014282799705220754,0.00043342349305281396,2.159582757305783e-05,36,36,52.5,49.4,44.0,50,84.0,0,0.0,0.268,12.963587318316977,77.59416807130869,12.961599544366813,77.59557250338878,"LINESTRING(77.594168 12.963587, 77.595573 12.9616)",40,50.4,No,0,0,2,Poor,Low,3.86,1.0,0.0,24.8,Safe,SEG-00619,SEG_000000619,76.8,36,21.8,Aligned,36.0,56.3,Side Impact Potential,Urban,3,False,Residential,Meets Safe System Standards,Collector Rd Zone0-619,0,0.0,,False,29.4,36,0,0
620,Collector Rd Zone0-620,Collector,Aligned,8,8,Aligned,0.9787559180699125,0.9787559180699125,0.020537960332549465,0.0007004303022043057,5.691295333725871e-06,27,27,55.0,70.6,35.2,50,77.8,0,0.0,0.346,12.966534650479783,77.60912250192038,12.963738453997706,77.6105192131357,"LINESTRING(77.609123 12.966535, 77.610519 12.963738)",40,34.0,No,0,0,0,Good,Medium,2.83,1.0,0.0,18.1,Safe,SEG-00620,SEG_000000620,84.5,27,16.0,Aligned,27.3,60.5,Side Impact Potential,Urban,4,False,Industrial,Meets Safe System Standards,Collector Rd Zone0-620,0,0.0,,False,25.2,27,0,0
621,Collector Rd Zone0-621,Collector,Aligned,13,13,Aligned,0.6999914686305118,0.6999914686305118,0.29714491265458426,0.002834822576103809,2.8796138800124348e-05,42,42,60.5,0.0,25.8,50,95.5,0,0.0,0.256,12.976063391207886,77.61680760086321,12.974107597307926,77.61556367481685,"LINESTRING(77.616808 12.976063, 77.615564 12.974108)",40,12.2,No,0,0,0,Poor,Low,3.3,0.94,6.0,26.2,Moderate Risk,SEG-00621,SEG_000000621,65.3,42,24.5,Aligned,42.5,64.3,Side Impact Potential,Urban,3,True,Residential,Poor Infrastructure,Collector Rd Zone0-621,0,0.0,,False,37.0,42,0,0
622,Collector Rd Zone0-622,Collector,Aligned,15,40,Aligned,0.9545075298868679,0.9545075298868679,0.04396027698740691,0.001489428528682635,4.276459704247671e-05,39,34,52.5,56.5,36.1,50,85.7,25,0.0,0.356,12.975514904516896,77.62059127921195,12.972640032486389,77.61914697961454,"LINESTRING(77.620591 12.975515, 77.619147 12.97264)",40,30.9,No,1,0,0,Good,High,2.75,1.0,0.0,26.9,Moderate Risk,SEG-00622,SEG_000000622,75.4,39,18.1,Aligned,39.2,61.3,Side Impact Potential,Urban,3,False,Commercial,Meets Safe System Standards,Collector Rd Zone0-622,0,0.153,Light,False,30.4,34,0,1
623,Collector Rd Zone0-623,Collector,Aligned,12,12,Aligned,0.766430912415479,0.766430912415479,0.23125700390141546,0.002288264884347289,2.3818798758111304e-05,30,30,50.0,10.6,24.9,50,93.7,0,0.0,0.315,12.957347420779064,77.6277030860746,12.95800812257996,77.62487369074807,"LINESTRING(77.627703 12.957347, 77.624874 12.958008)",30,12.5,No,0,0,0,Good,Low,3.53,1.0,0.0,23.2,Safe,SEG-00623,SEG_000000623,70.0,30,20.2,Aligned,29.8,60.4,Side Impact Potential,Urban,2,False,Mixed,Poor Infrastructure,Collector Rd Zone0-623,0,0.0,,False,25.8,30,0,0
624,Collector Rd Zone0-624,Collector,Moderate Misalignment,26,26,Moderate Misalignment,0.8967269695186298,0.1014653767771754,0.8967269695186298,0.0017951896154878957,1.246408870702978e-05,50,50,60.5,17.6,24.9,50,99.4,0,0.0,0.389,12.952167426718706,77.5930004082158,12.951875666030569,77.58942442266597,"LINESTRING(77.593 12.952167, 77.589424 12.951876)",40,11.6,No,0,0,0,Poor,High,3.41,0.69,31.0,27.3,Moderate Risk,SEG-00624,SEG_000000624,64.3,50,32.0,Moderate Misalignment,52.3,62.0,Side Impact Potential,Urban,3,True,Mixed,Poor Infrastructure,Collector Rd Zone0-624,0,0.188,Light,False,39.6,50,0,0
625,Collector Rd Zone0-625,Collector,Aligned,7,7,Aligned,0.9864791631537966,0.9864791631537966,0.012527767737026393,0.000971593783436486,2.147532574053227e-05,30,30,55.0,48.2,34.1,50,75.2,0,0.3889999999999999,0.718,12.951875666030569,77.58942442266597,12.951635512728949,77.58640173505185,"LINESTRING(77.589424 12.951876, 77.586402 12.951636)",40,30.7,No,0,0,0,Good,Medium,2.97,1.0,0.0,21.1,Safe,SEG-00625,SEG_000000625,78.5,30,18.5,Aligned,30.4,60.1,Side Impact Potential,Urban,4,False,Commercial,Meets Safe System Standards,Collector Rd Zone0-624,1,0.166,Light,False,23.5,30,0,0
626,Collector Rd Zone0-626,Collector,Moderate Misalignment,24,24,Moderate Misalignment,0.828657188060031,0.16648423870686976,0.828657188060031,0.0046805257728541,0.00017804746024506607,30,30,52.5,57.6,48.1,30,93.7,0,0.0,0.261,12.9804703684978,77.57972114245074,12.978122330609883,77.5798098750435,"LINESTRING(77.579721 12.98047, 77.57981 12.978122)",40,52.0,No,0,0,1,Good,Low,3.97,1.0,0.0,30.3,Moderate Risk,SEG-00626,SEG_000000626,70.5,30,35.1,Moderate Misalignment,39.7,68.4,Significant Pedestrian Interaction,Urban,3,False,Mixed,High Pedestrian Interaction | Above Human Tolerance Limit,Collector Rd Zone0-626,0,0.0,,False,35.8,30,0,0
627,Collector Rd Zone0-627,Collector,Aligned,16,16,Aligned,0.5668822166399637,0.5668822166399637,0.4300187500818805,0.003062824702462328,3.620857569340826e-05,50,50,50.0,7.1,27.4,50,93.5,0,0.0,0.298,12.971025837317406,77.5976254899989,12.969676035019488,77.59999714170381,"LINESTRING(77.597625 12.971026, 77.599997 12.969676)",40,14.5,No,0,0,0,Poor,Medium,3.75,0.7,30.0,29.7,Moderate Risk,SEG-00627,SEG_000000627,61.1,50,33.9,Moderate Misalignment,52.0,64.9,Side Impact Potential,Urban,2,False,Industrial,Poor Infrastructure,Collector Rd Zone0-627,0,0.0,,False,44.3,50,0,0
628,Collector Rd Zone0-628,Collector,Aligned,8,8,Aligned,0.9699325461018635,0.9699325461018635,0.027820344521710623,0.002218998671325154,2.8110705100484818e-05,27,27,55.0,0.0,22.5,50,86.6,0,0.0,0.274,12.971969940514636,77.59387943586458,12.97349642547846,77.59190002740182,"LINESTRING(77.593879 12.97197, 77.5919 12.973496)",30,3.9,No,0,0,0,Good,High,3.28,1.0,0.0,23.9,Safe,SEG-00628,SEG_000000628,67.6,27,20.7,Aligned,27.0,67.6,Side Impact Potential,Urban,4,False,Industrial,Poor Infrastructure,Collector Rd Zone0-628,0,0.158,Light,False,21.1,27,0,0
629,Collector Rd Zone0-629,Collector,Aligned,15,15,Aligned,0.6074397614346668,0.6074397614346668,0.39143868398703124,0.0010668072543970199,5.474732390484971e-05,26,26,55.0,43.5,42.9,50,91.2,0,0.0,0.366,12.967324573597322,77.5995815986254,12.970508427829431,77.59870825574741,"LINESTRING(77.599582 12.967325, 77.598708 12.970508)",30,40.5,No,0,0,1,Good,Low,3.95,1.0,0.0,25.2,Moderate Risk,SEG-00629,SEG_000000629,75.4,26,22.1,Aligned,26.4,66.7,Side Impact Potential,Urban,4,False,Mixed,Meets Safe System Standards,Collector Rd Zone0-629,0,0.0,,False,24.1,26,0,0
630,Collector Rd Zone0-630,Collector,Aligned,8,8,Aligned,0.9788101561552978,0.9788101561552978,0.02058523799536995,0.0005787262324565883,2.5879616875715332e-05,29,29,52.5,34.1,34.0,50,73.4,0,0.366,0.72,12.970508427829431,77.59870825574741,12.973469307442302,77.5975135870298,"LINESTRING(77.598708 12.970508, 77.597514 12.973469)",40,25.8,No,0,0,0,Good,Medium,3.31,1.0,0.0,23.2,Safe,SEG-00630,SEG_000000630,74.6,29,20.3,Aligned,28.9,68.5,Side Impact Potential,Urban,3,False,Industrial,Poor Infrastructure,Collector Rd Zone0-629,1,0.169,Light,False,22.3,29,0,0
631,Collector Rd Zone0-631,Collector,Aligned,13,13,Aligned,0.7171677080956994,0.7171677080956994,0.2798027001694106,0.0030023083853628852,2.7283349527130684e-05,40,40,50.0,20.0,30.9,50,90.5,0,0.0,0.329,12.958327177741111,77.57794732698711,12.961282283129448,77.57815203840347,"LINESTRING(77.577947 12.958327, 77.578152 12.961282)",30,18.9,No,0,0,0,Good,Low,3.9,0.68,32.0,28.1,Moderate Risk,SEG-00631,SEG_000000631,65.4,40,31.0,Moderate Misalignment,39.6,68.1,Side Impact Potential,Urban,2,False,Mixed,Poor Infrastructure,Collector Rd Zone0-631,0,0.0,,False,36.4,40,0,0
632,Collector Rd Zone0-632,Collector,Aligned,16,16,Aligned,0.5746015808826461,0.5746015808826461,0.42407586523700075,0.0012810048925807449,4.154898777228147e-05,48,48,55.0,42.4,32.6,50,61.0,0,0.0,0.377,12.9762281569058,77.58671743640309,12.97960639704946,77.58648036344958,"LINESTRING(77.586717 12.976228, 77.58648 12.979606)",40,25.3,No,0,0,0,Good,High,3.15,0.81,19.0,24.6,Safe,SEG-00632,SEG_000000632,72.5,48,26.6,Moderate Misalignment,47.6,65.6,Side Impact Potential,Urban,4,False,Residential,Active Congestion,Collector Rd Zone0-632,0,0.717,Severe,False,14.0,48,0,0
633,Collector Rd Zone0-633,Collector,Moderate Misalignment,19,19,Moderate Misalignment,0.5436409446661519,0.4525791667056333,0.5436409446661519,0.0037436115089236723,3.6277119291145455e-05,50,50,50.0,0.0,24.8,50,93.9,0,0.0,0.364,12.964347286621464,77.59710929220186,12.961792027617191,77.59920808269138,"LINESTRING(77.597109 12.964347, 77.599208 12.961792)",40,15.2,No,0,0,0,Poor,Medium,4.11,0.7,30.0,29.9,Moderate Risk,SEG-00633,SEG_000000633,59.5,50,34.2,Moderate Misalignment,52.2,56.8,Side Impact Potential,Urban,2,False,Commercial,Poor Infrastructure,Collector Rd Zone0-633,0,0.0,,False,44.1,50,0,0