segment_id,road_name,road_type,risk_category,road_risk_score,segment_risk_score,ai_risk_label,ai_risk_probability,prob_low_risk,prob_medium_risk,prob_high_risk,prob_critical_risk,ai_recommended_speed,recommended_safe_speed,road_function_score,infrastructure_score,exposure_score,human_tolerance_limit,operating_speed_score,crash_risk_score,start_km,end_km,start_lat,start_lon,end_lat,end_lon,geometry,posted_speed_limit,pedestrian_exposure_score,blackspot_flag,crash_count,fatal_crashes,schools_count,lighting_quality,roadside_hazards,intersection_density,speed_compliance_rate,speed_violation_score,hotspot_score,hotspot_category,human_segment_id,internal_id,speed_safety_score,original_safe_speed,misalignment_score,misalignment_category,speed_p85,ptw_share_pct,exposure_tier,urban_rural_flag,lane_count,median_presence,land_use_type,top_ai_factors,corridor_base,corridor_seq,congestion_index,congestion_category,congestion_smoothed,operating_speed_mean,final_safe_speed,minor_crashes,major_crashes
634,Collector Rd Zone0-634,Collector,Aligned,21,66,Aligned,0.9571265561625161,0.9571265561625161,0.04009776307353646,0.0027528013369338927,2.287942701341451e-05,24,20,55.0,4.7,29.6,50,86.3,45,0.0,0.257,12.986424620860724,77.61572594317626,12.987397073506358,77.61787907850396,"LINESTRING(77.615726 12.986425, 77.617879 12.987397)",30,17.3,No,1,1,0,Poor,Medium,2.7,1.0,0.0,37.2,Moderate Risk,SEG-00634,SEG_000000634,58.4,24,22.6,Aligned,23.5,66.7,Side Impact Potential,Urban,4,False,Commercial,Recent Severe Crash History | Poor Infrastructure,Collector Rd Zone0-634,0,0.0,,False,20.8,20,0,0
635,Collector Rd Zone0-635,Collector,Aligned,8,8,Aligned,0.9815120302877562,0.9815120302877562,0.0174168828806923,0.0010667618853113436,4.324946240046718e-06,21,21,60.5,0.0,20.8,50,81.2,0,0.2569999999999999,0.5509999999999999,12.987397073506358,77.61787907850396,12.988879140952184,77.62012961138575,"LINESTRING(77.617879 12.987397, 77.62013 12.988879)",30,2.5,No,0,0,0,Poor,Medium,3.55,1.0,0.0,23.2,Safe,SEG-00635,SEG_000000635,67.9,21,20.1,Aligned,21.0,65.0,Side Impact Potential,Urban,3,True,Commercial,Poor Infrastructure,Collector Rd Zone0-634,1,0.0,,False,17.5,21,0,0
636,Collector Rd Zone0-636,Collector,Moderate Misalignment,27,27,Moderate Misalignment,0.9656697844984408,0.02959558029378698,0.9656697844984408,0.004454323644550088,0.0002803115632221996,30,30,52.5,61.2,51.6,30,98.8,0,0.0,0.377,12.939928429777671,77.59597106295607,12.942857823575622,77.59772638865027,"LINESTRING(77.595971 12.939928, 77.597726 12.942858)",30,59.8,No,0,0,2,Good,High,2.94,0.86,14.0,27.7,Moderate Risk,SEG-00636,SEG_000000636,75.9,30,27.3,Moderate Misalignment,34.3,67.1,Significant Pedestrian Interaction,Urban,3,False,Residential,High Pedestrian Interaction,Collector Rd Zone0-636,0,0.0,,False,29.2,30,0,0
637,Collector Rd Zone0-637,Collector,Aligned,8,8,Aligned,0.9452311535162636,0.9452311535162636,0.054156389606893306,0.0005365863900417859,7.587048680133319e-05,30,30,55.0,48.2,44.8,50,88.3,0,0.0,0.306,12.95473496177203,77.56302381222348,12.954957477015586,77.56021345173086,"LINESTRING(77.563024 12.954735, 77.560213 12.954957)",30,47.6,No,0,0,1,Good,High,3.08,1.0,0.0,25.3,Moderate Risk,SEG-00637,SEG_000000637,76.3,30,22.2,Aligned,29.9,68.0,Side Impact Potential,Urban,4,False,Commercial,Meets Safe System Standards,Collector Rd Zone0-637,0,0.203,Light,False,22.2,30,0,0
638,Collector Rd Zone0-638,Collector,Moderate Misalignment,23,23,Moderate Misalignment,0.744841713476681,0.24407475296125478,0.744841713476681,0.011017863644407275,6.566991765696254e-05,30,30,50.0,35.3,46.0,30,99.4,0,0.0,0.378,12.981833684208564,77.57903789417925,12.9784504444693,77.57941958752438,"LINESTRING(77.579038 12.981834, 77.57942 12.97845)",30,51.4,No,0,0,1,Good,Medium,3.52,0.77,23.0,30.5,Moderate Risk,SEG-00638,SEG_000000638,68.3,30,31.3,Moderate Misalignment,36.8,55.2,Significant Pedestrian Interaction,Urban,2,False,Commercial,High Pedestrian Interaction,Collector Rd Zone0-638,0,0.0,,False,29.6,30,0,0
639,Collector Rd Zone0-639,Collector,Aligned,10,10,Aligned,0.8694105040599044,0.8694105040599044,0.12644819650464856,0.0041281290949730315,1.3170340474073576e-05,32,32,50.0,34.1,30.6,50,51.7,0,0.0,0.325,12.92961937677806,77.56834038025448,12.931343507612365,77.56591397993273,"LINESTRING(77.56834 12.929619, 77.565914 12.931344)",40,20.0,No,0,0,0,Good,Medium,2.49,1.0,0.0,21.9,Safe,SEG-00639,SEG_000000639,75.4,32,19.1,Aligned,31.5,63.7,Side Impact Potential,Urban,2,False,Mixed,Active Congestion | Poor Infrastructure,Collector Rd Zone0-639,0,0.759,Severe,False,7.8,32,0,0
640,Collector Rd Zone0-640,Collector,Aligned,8,8,Aligned,0.9792130526235666,0.9792130526235666,0.020418779624947495,0.0003610988742845828,7.068877201273759e-06,37,37,55.0,12.9,20.2,50,88.0,0,0.0,0.277,12.967039693744306,77.59806548257083,12.969203172452652,77.59679613805304,"LINESTRING(77.598065 12.96704, 77.596796 12.969203)",40,5.6,No,0,0,0,Poor,High,3.08,1.0,0.0,21.1,Safe,SEG-00640,SEG_000000640,71.6,37,18.3,Aligned,37.2,56.7,Side Impact Potential,Urban,4,False,Commercial,Poor Infrastructure,Collector Rd Zone0-640,0,0.0,,False,32.0,37,0,0
641,Collector Rd Zone0-641,Collector,Aligned,8,8,Aligned,0.9688022984173438,0.9688022984173438,0.03020144603349751,0.0009649574597236767,3.129808943512971e-05,20,20,55.0,35.3,31.4,50,63.7,0,0.0,0.297,12.981831202757766,77.59625093985206,12.984226705141754,77.5950459065584,"LINESTRING(77.596251 12.981831, 77.595046 12.984227)",30,28.3,No,0,0,0,Good,Medium,2.88,1.0,0.0,22.0,Safe,SEG-00641,SEG_000000641,75.5,20,19.2,Aligned,20.4,56.3,Side Impact Potential,Urban,4,False,Residential,Active Congestion,Collector Rd Zone0-641,0,0.722,Severe,False,5.8,20,0,0
642,Collector Rd Zone0-642,Collector,Aligned,8,8,Aligned,0.9697926145615143,0.9697926145615143,0.029844871331112195,0.00034002033259250834,2.2493774780800175e-05,21,21,55.0,54.1,40.8,50,76.8,0,0.0,0.398,12.971530746010943,77.59499945707469,12.970489842619026,77.59148547771898,"LINESTRING(77.594999 12.971531, 77.591485 12.97049)",30,40.9,No,0,0,1,Poor,Medium,3.85,1.0,0.0,22.8,Safe,SEG-00642,SEG_000000642,78.8,21,20.0,Aligned,20.8,62.2,Side Impact Potential,Urban,4,False,Commercial,Meets Safe System Standards,Collector Rd Zone0-642,0,0.248,Light,False,14.6,21,0,0
643,Collector Rd Zone0-643,Collector,Aligned,10,10,Aligned,0.8830840181584734,0.8830840181584734,0.11429308735600639,0.00257675352965078,4.614095586938018e-05,32,32,58.0,60.0,33.5,50,93.3,0,0.0,0.395,12.97345249443972,77.56818126754155,12.976370698014154,77.56609979863529,"LINESTRING(77.568181 12.973452, 77.5661 12.976371)",30,30.3,No,0,0,0,Good,High,2.9,0.94,6.0,19.8,Safe,SEG-00643,SEG_000000643,80.8,32,18.6,Aligned,31.8,55.5,Side Impact Potential,Urban,2,True,Mixed,Meets Safe System Standards,Collector Rd Zone0-643,0,0.0,,False,25.6,32,0,0
644,Collector Rd Zone0-644,Collector,Aligned,8,8,Aligned,0.9751318587856732,0.9751318587856732,0.024209504670591103,0.000630444190930869,2.8192352804804096e-05,21,21,50.0,40.0,35.2,50,79.6,0,0.0,0.334,13.00691966967329,77.62619306693887,13.0065888804094,77.62313359850594,"LINESTRING(77.626193 13.00692, 77.623134 13.006589)",30,33.0,No,0,0,1,Poor,High,3.06,1.0,0.0,22.8,Safe,SEG-00644,SEG_000000644,76.1,21,19.9,Aligned,20.9,57.8,Side Impact Potential,Urban,2,False,Industrial,Meets Safe System Standards,Collector Rd Zone0-644,0,0.157,Light,False,16.4,21,0,0
645,Collector Rd Zone0-645,Collector,Aligned,10,20,Aligned,0.987073450554851,0.987073450554851,0.012430237388144891,0.00047506785981326114,2.1244197191036264e-05,35,33,60.5,38.8,31.9,50,77.9,10,0.0,0.363,13.023776524355908,77.58939546322773,13.02299962951439,77.59265051662513,"LINESTRING(77.589395 13.023777, 77.592651 13.023)",40,24.6,No,1,0,0,Good,Low,2.8,1.0,0.0,24.2,Safe,SEG-00645,SEG_000000645,74.4,35,19.0,Aligned,34.6,62.5,Side Impact Potential,Urban,3,True,Residential,Meets Safe System Standards,Collector Rd Zone0-645,0,0.209,Light,False,25.3,33,1,0
646,Collector Rd Zone0-646,Collector,Aligned,8,8,Aligned,0.9439147681909592,0.9439147681909592,0.05529048167734962,0.000765776732643786,2.8973399047356423e-05,28,28,55.0,10.6,29.4,50,88.1,0,0.0,0.399,12.97807528470425,77.59634831568825,12.978688009122845,77.59272454241207,"LINESTRING(77.596348 12.978075, 77.592725 12.978688)",30,19.0,No,0,0,0,Good,Medium,3.09,1.0,0.0,25.0,Moderate Risk,SEG-00646,SEG_000000646,69.1,28,21.7,Aligned,28.1,65.6,Side Impact Potential,Urban,4,False,Commercial,Poor Infrastructure,Collector Rd Zone0-646,0,0.153,Light,False,22.1,28,0,0
647,Collector Rd Zone0-647,Collector,Aligned,12,12,Aligned,0.7830438844187074,0.7830438844187074,0.1917374838531091,0.024132232998416662,0.0010863987297666485,25,25,55.0,74.1,54.1,30,84.0,0,0.0,0.334,12.92669022689065,77.62321077562576,12.927504096784396,77.62024460203632,"LINESTRING(77.623211 12.92669, 77.620245 12.927504)",30,70.7,No,0,0,2,Good,Low,3.53,1.0,0.0,24.9,Safe,SEG-00647,SEG_000000647,81.6,25,22.0,Aligned,25.4,57.7,Significant Pedestrian Interaction,Urban,4,False,Residential,High Pedestrian Interaction,Collector Rd Zone0-647,0,0.173,Light,False,19.3,25,0,0
648,Collector Rd Zone0-648,Collector,Moderate Misalignment,26,26,Moderate Misalignment,0.8682739104100092,0.11270659435825037,0.8682739104100092,0.017481542460458025,0.0015379527712824222,30,30,55.0,67.1,61.8,30,97.5,0,0.0,0.258,12.993613295264105,77.54854944584827,12.99586909515922,77.54909706207405,"LINESTRING(77.548549 12.993613, 77.549097 12.995869)",40,75.5,No,0,0,2,Good,High,3.04,0.8,20.0,37.6,Moderate Risk,SEG-00648,SEG_000000648,65.2,30,47.1,Moderate Misalignment,48.2,63.6,Significant Pedestrian Interaction,Urban,4,False,Industrial,High Pedestrian Interaction | Above Human Tolerance Limit,Collector Rd Zone0-648,0,0.0,,False,41.7,30,0,0
649,Collector Rd Zone0-649,Collector,Moderate Misalignment,18,18,Moderate Misalignment,0.5365104391089643,0.4617882448927884,0.5365104391089643,0.0016839120170211682,1.7403981226169208e-05,46,46,52.5,16.5,26.6,50,93.2,0,0.0,0.362,12.963247729782744,77.55813484367118,12.963730543524058,77.55483520405714,"LINESTRING(77.558135 12.963248, 77.554835 12.963731)",40,14.4,No,0,0,0,Good,Low,3.35,0.85,15.0,25.4,Moderate Risk,SEG-00649,SEG_000000649,67.6,46,26.1,Moderate Misalignment,45.9,63.6,Side Impact Potential,Urban,3,False,Mixed,Poor Infrastructure,Collector Rd Zone0-649,0,0.161,Light,False,35.5,46,0,0
650,Collector Rd Zone0-650,Collector,Moderate Misalignment,27,27,Moderate Misalignment,0.9757086971060308,0.02163927637579862,0.9757086971060308,0.002463776525378997,0.00018824999279146124,30,30,55.0,52.9,51.8,30,96.7,0,0.362,0.62,12.963730543524058,77.55483520405714,12.964480855695102,77.55258410938701,"LINESTRING(77.554835 12.963731, 77.552584 12.964481)",30,64.7,No,0,0,2,Poor,Low,3.39,0.72,28.0,30.7,Moderate Risk,SEG-00650,SEG_000000650,71.0,30,32.7,Moderate Misalignment,38.4,55.3,Significant Pedestrian Interaction,Urban,4,False,Commercial,High Pedestrian Interaction,Collector Rd Zone0-649,1,0.223,Light,False,27.8,30,0,0
651,Collector Rd Zone0-651,Collector,Moderate Misalignment,23,33,Moderate Misalignment,0.5919373168893762,0.4052196170857549,0.5919373168893762,0.0028090647250073267,3.4001299861562876e-05,40,38,50.0,14.1,28.4,50,94.7,10,0.0,0.352,12.992721129493432,77.56776291386885,12.995887368890058,77.56785480854923,"LINESTRING(77.567763 12.992721, 77.567855 12.995887)",30,20.2,No,1,0,0,Poor,Medium,3.6,0.67,33.0,30.7,Moderate Risk,SEG-00651,SEG_000000651,62.1,40,31.2,Moderate Misalignment,39.9,60.3,Side Impact Potential,Urban,2,False,Commercial,Poor Infrastructure,Collector Rd Zone0-651,0,0.0,,False,33.5,38,1,0
652,Collector Rd Zone0-652,Collector,Aligned,8,8,Aligned,0.9653511513487965,0.9653511513487965,0.03326120670239285,0.0013764940594119125,1.1147889398842531e-05,35,35,58.0,21.2,26.5,50,82.6,0,0.0,0.379,12.988795236077443,77.58102512228798,12.987185346490136,77.57794656877869,"LINESTRING(77.581025 12.988795, 77.577947 12.987185)",40,17.7,No,0,0,0,Poor,Low,2.99,1.0,0.0,22.3,Safe,SEG-00652,SEG_000000652,72.6,35,19.4,Aligned,35.2,56.1,Side Impact Potential,Urban,2,True,Commercial,Poor Infrastructure,Collector Rd Zone0-652,0,0.0,,False,28.4,35,0,0
653,Collector Rd Zone0-653,Collector,Moderate Misalignment,24,24,Moderate Misalignment,0.83905262597473,0.1561154607067999,0.83905262597473,0.004769321146208167,6.259217226176644e-05,30,30,52.5,37.6,45.1,30,95.4,0,0.0,0.292,12.957637535381222,77.63971402000686,12.955425158268776,77.63826681971314,"LINESTRING(77.639714 12.957638, 77.638267 12.955425)",30,51.5,No,0,0,2,Poor,Low,2.55,0.76,24.0,29.9,Moderate Risk,SEG-00653,SEG_000000653,68.9,30,31.0,Moderate Misalignment,37.1,57.5,Significant Pedestrian Interaction,Urban,3,False,Mixed,High Pedestrian Interaction,Collector Rd Zone0-653,0,0.0,,False,33.1,30,0,0
654,Collector Rd Zone0-654,Collector,Aligned,8,8,Aligned,0.9653462339262295,0.9653462339262295,0.03297321240731706,0.0016670526142415541,1.3501052211991371e-05,34,34,50.0,32.9,26.2,50,82.2,0,0.0,0.372,12.980334199898452,77.59988634514744,12.978508683764206,77.60276070412782,"LINESTRING(77.599886 12.980334, 77.602761 12.978509)",40,17.7,No,0,0,0,Good,Low,3.38,1.0,0.0,20.3,Safe,SEG-00654,SEG_000000654,76.0,34,17.7,Aligned,34.3,57.2,Side Impact Potential,Urban,2,False,Commercial,Poor Infrastructure,Collector Rd Zone0-654,0,0.0,,False,28.1,34,0,0
655,Collector Rd Zone0-655,Collector,Aligned,8,8,Aligned,0.9772929178706831,0.9772929178706831,0.02214148825644696,0.0005566894394525647,8.904433417553229e-06,31,31,55.0,28.2,27.3,50,77.7,0,0.0,0.4,12.958186353782637,77.60358723708832,12.960536237058683,77.60638638597177,"LINESTRING(77.603587 12.958186, 77.606386 12.960536)",40,18.5,No,0,0,0,Good,Low,2.92,1.0,0.0,21.5,Safe,SEG-00655,SEG_000000655,74.4,31,18.7,Aligned,30.6,56.3,Side Impact Potential,Urban,4,False,Industrial,Poor Infrastructure,Collector Rd Zone0-655,0,0.0,,False,25.1,31,0,0
656,Collector Rd Zone0-656,Collector,Aligned,8,8,Aligned,0.9804548212920521,0.9804548212920521,0.018998960571960224,0.0005385457810357487,7.67235495200376e-06,26,26,63.0,65.9,37.7,50,83.0,0,0.0,0.271,12.946507246378069,77.61526431848517,12.948604467390645,77.61399699298457,"LINESTRING(77.615264 12.946507, 77.613997 12.948604)",30,36.5,No,0,0,0,Poor,High,2.59,1.0,0.0,19.8,Safe,SEG-00656,SEG_000000656,82.7,26,17.4,Aligned,25.9,58.4,Side Impact Potential,Urban,4,True,Mixed,Meets Safe System Standards,Collector Rd Zone0-656,0,0.22,Light,False,18.7,26,0,0
657,Collector Rd Zone0-657,Collector,Aligned,19,29,Aligned,0.6239554899940986,0.6239554899940986,0.34100296200163543,0.03494775483271689,9.379317154917381e-05,30,28,50.0,62.4,47.6,30,97.7,10,0.0,0.346,12.972678904897643,77.59815739815636,12.97576950051912,77.59851094289901,"LINESTRING(77.598157 12.972679, 77.598511 12.97577)",30,54.4,No,1,0,2,Good,Low,4.07,0.92,8.0,27.6,Moderate Risk,SEG-00657,SEG_000000657,76.3,30,23.7,Aligned,32.3,59.0,Significant Pedestrian Interaction,Urban,2,False,Mixed,High Pedestrian Interaction,Collector Rd Zone0-657,0,0.0,,False,28.5,28,1,0
658,Collector Rd Zone0-658,Collector,Aligned,8,8,Aligned,0.978971136975323,0.978971136975323,0.01959352084619816,0.0014070388270594678,2.8303351419261414e-05,32,32,50.0,38.8,32.7,50,81.5,0,0.0,0.293,12.993581095896436,77.58868881141214,12.993613618686666,77.58598320180386,"LINESTRING(77.588689 12.993581, 77.585983 12.993614)",40,25.3,No,0,0,0,Poor,Medium,3.46,1.0,0.0,22.0,Safe,SEG-00658,SEG_000000658,76.2,32,19.2,Aligned,31.8,64.5,Side Impact Potential,Urban,2,False,Mixed,Meets Safe System Standards,Collector Rd Zone0-658,0,0.0,,False,27.7,32,0,0
659,Collector Rd Zone0-659,Collector,Aligned,8,8,Aligned,0.9798510006882933,0.9798510006882933,0.018818177311666556,0.0012977767017842224,3.30452982556848e-05,37,37,50.0,48.2,35.7,50,84.3,0,0.0,0.362,12.96580634068661,77.60620660200087,12.968544655894595,77.60440005884274,"LINESTRING(77.606207 12.965806, 77.6044 12.968545)",40,34.2,No,0,0,0,Good,High,3.28,1.0,0.0,21.7,Safe,SEG-00659,SEG_000000659,78.2,37,19.0,Aligned,37.4,61.3,Side Impact Potential,Urban,2,False,Residential,Meets Safe System Standards,Collector Rd Zone0-659,0,0.146,Light,False,29.6,37,0,0
660,Collector Rd Zone0-660,Collector,Moderate Misalignment,27,27,Moderate Misalignment,0.8941064981431802,0.08532172948852848,0.8941064981431802,0.020153542532509797,0.0004182298357814486,30,30,50.0,63.5,55.3,30,90.2,0,0.0,0.274,12.960815447120186,77.62911512099052,12.960948865791966,77.63163819740737,"LINESTRING(77.629115 12.960815, 77.631638 12.960949)",30,71.0,No,0,0,2,Good,High,2.71,0.92,8.0,28.0,Moderate Risk,SEG-00660,SEG_000000660,77.0,30,26.2,Moderate Misalignment,32.3,63.2,Significant Pedestrian Interaction,Urban,2,False,Commercial,High Pedestrian Interaction,Collector Rd Zone0-660,0,0.225,Light,False,23.5,30,0,0
661,Collector Rd Zone0-661,Collector,Aligned,8,8,Aligned,0.9717852405568042,0.9717852405568042,0.026639910590429843,0.001557289946530086,1.7558906235857624e-05,26,26,52.5,9.4,27.5,50,84.1,0,0.0,0.316,12.957417889400524,77.5886797300517,12.95815945509598,77.58586150540259,"LINESTRING(77.58868 12.957418, 77.585862 12.958159)",30,15.0,No,0,0,0,Good,Low,3.72,1.0,0.0,24.4,Safe,SEG-00661,SEG_000000661,69.2,26,21.2,Aligned,26.3,65.7,Side Impact Potential,Urban,3,False,Commercial,Poor Infrastructure,Collector Rd Zone0-661,0,0.2,Light,False,19.4,26,0,0
662,Collector Rd Zone0-662,Collector,Aligned,15,15,Aligned,0.6622667488225477,0.6622667488225477,0.2854841003570489,0.05223243404979748,1.671677060592327e-05,48,48,52.5,15.3,20.6,50,97.7,0,0.0,0.369,12.947068906681062,77.54550163214643,12.94837915455729,77.54237507156915,"LINESTRING(77.545502 12.947069, 77.542375 12.948379)",40,6.4,No,0,0,0,Poor,High,3.03,0.81,19.0,24.0,Safe,SEG-00662,SEG_000000662,67.5,48,26.0,Moderate Misalignment,47.6,56.7,Side Impact Potential,Urban,3,False,Residential,Approach to Congestion (Tapered) | Poor Infrastructure,Collector Rd Zone0-662,0,0.0,,True,41.6,48,0,0
663,Collector Rd Zone0-663,Collector,Aligned,8,8,Aligned,0.9291551180179278,0.9291551180179278,0.0683283271949665,0.002496882126101801,1.967266100382372e-05,28,28,55.0,34.1,31.5,50,51.6,0,0.3689999999999999,0.704,12.94837915455729,77.54237507156915,12.949028343125551,77.53935690433269,"LINESTRING(77.542375 12.948379, 77.539357 12.949028)",40,28.1,No,0,0,1,Poor,Low,2.59,1.0,0.0,22.2,Safe,SEG-00663,SEG_000000663,75.2,28,19.4,Aligned,28.2,57.9,Side Impact Potential,Urban,4,False,Mixed,Active Congestion | Poor Infrastructure,Collector Rd Zone0-662,1,0.733,Severe,False,7.7,28,0,0
664,Collector Rd Zone0-664,Collector,Aligned,8,8,Aligned,0.9683737514243622,0.9683737514243622,0.031460176498708525,0.00015660681202298986,9.465264906233768e-06,28,28,60.5,65.9,43.7,50,87.7,0,0.0,0.256,13.005513265893033,77.58457207802144,13.003219935384893,77.58438340943417,"LINESTRING(77.584572 13.005513, 77.584383 13.00322)",30,51.8,No,0,0,1,Good,High,3.79,1.0,0.0,22.1,Safe,SEG-00664,SEG_000000664,81.5,28,19.5,Aligned,28.5,57.0,Side Impact Potential,Urban,3,True,Commercial,Meets Safe System Standards,Collector Rd Zone0-664,0,0.17,Light,False,21.8,28,0,0
665,Collector Rd Zone0-665,Collector,Aligned,8,8,Aligned,0.9523387914999504,0.9523387914999504,0.04597244508872158,0.0016726627674208308,1.6100643907213704e-05,22,22,55.0,16.5,26.7,50,83.9,0,0.0,0.319,12.97698328082678,77.59605838141589,12.977054136080032,77.59899984403793,"LINESTRING(77.596058 12.976983, 77.599 12.977054)",30,19.4,No,0,0,0,Good,High,4.09,1.0,0.0,23.0,Safe,SEG-00665,SEG_000000665,71.3,22,20.0,Aligned,22.1,55.7,Side Impact Potential,Urban,4,False,Industrial,Poor Infrastructure,Collector Rd Zone0-665,0,0.0,,False,19.2,22,0,0
666,Collector Rd Zone0-666,Collector,Aligned,9,9,Aligned,0.8867870577604176,0.8867870577604176,0.1111490815925728,0.0020124935476646933,5.136709934495239e-05,31,31,63.0,29.4,31.6,50,93.4,0,0.0,0.26,12.987636938946585,77.60005718699126,12.989420302537049,77.60160240483148,"LINESTRING(77.600057 12.987637, 77.601602 12.98942)",30,23.4,No,0,0,0,Good,Medium,3.93,0.95,5.0,23.6,Safe,SEG-00666,SEG_000000666,73.0,31,21.5,Aligned,31.4,62.0,Side Impact Potential,Urban,4,True,Mixed,Poor Infrastructure,Collector Rd Zone0-666,0,0.0,,False,25.6,31,0,0
667,Collector Rd Zone0-667,Collector,Aligned,8,8,Aligned,0.9816102018356093,0.9816102018356093,0.018007360483704944,0.00036459147333261566,1.784620735304199e-05,23,23,55.0,32.9,44.4,50,84.7,0,0.0,0.251,12.96800377938451,77.60547419127414,12.966229994625746,77.6069021927563,"LINESTRING(77.605474 12.968004, 77.606902 12.96623)",30,47.2,No,0,0,1,Good,Low,3.86,1.0,0.0,27.4,Moderate Risk,SEG-00667,SEG_000000667,72.2,23,24.0,Aligned,23.1,68.3,Side Impact Potential,Urban,4,False,Commercial,Poor Infrastructure,Collector Rd Zone0-667,0,0.0,,False,19.8,23,0,0
668,Collector Rd Zone0-668,Collector,Aligned,8,8,Aligned,0.9620423955919736,0.9620423955919736,0.03611450972122392,0.0018358233051777848,7.271381624746842e-06,35,35,50.0,10.6,24.7,50,83.4,0,0.0,0.3,13.018234522717984,77.59497077258376,13.015535700711396,77.59482852546603,"LINESTRING(77.594971 13.018235, 77.594829 13.015536)",40,9.0,No,0,0,0,Poor,High,3.1,1.0,0.0,23.2,Safe,SEG-00668,SEG_000000668,70.1,35,20.1,Aligned,34.6,66.0,Side Impact Potential,Urban,2,False,Mixed,Poor Infrastructure,Collector Rd Zone0-668,0,0.0,,False,28.9,35,0,0
669,Collector Rd Zone0-669,Collector,Aligned,8,8,Aligned,0.9670019192055144,0.9670019192055144,0.03116444087905488,0.0017919553193375122,4.1684596093321035e-05,49,49,52.5,24.7,31.3,50,82.5,0,0.0,0.287,12.994477236268771,77.55821838767925,12.994309602598806,77.56086028501511,"LINESTRING(77.558218 12.994477, 77.56086 12.99431)",50,21.6,No,0,0,0,Good,Medium,2.86,1.0,0.0,23.6,Safe,SEG-00669,SEG_000000669,72.6,49,20.6,Aligned,49.1,67.8,Side Impact Potential,Urban,3,False,Commercial,Poor Infrastructure,Collector Rd Zone0-669,0,0.161,Light,False,38.3,49,0,0
670,Collector Rd Zone0-670,Collector,Aligned,8,8,Aligned,0.936894421709362,0.936894421709362,0.06134795360713124,0.0017406513885493706,1.697329495748182e-05,28,28,55.0,50.6,27.5,50,92.6,0,0.0,0.258,12.976630864878535,77.63214677605627,12.975504836797436,77.6342258260223,"LINESTRING(77.632147 12.976631, 77.634226 12.975505)",30,21.2,No,0,0,0,Poor,High,3.35,1.0,0.0,18.2,Safe,SEG-00670,SEG_000000670,80.6,28,15.9,Aligned,28.1,56.1,Side Impact Potential,Urban,4,False,Industrial,Meets Safe System Standards,Collector Rd Zone0-670,0,0.0,,False,25.1,28,0,0
671,Collector Rd Zone0-671,Collector,Aligned,9,9,Aligned,0.90438130229895,0.90438130229895,0.0946911628600832,0.0005937549093707305,0.00033377993159618185,25,25,55.0,32.9,44.9,50,87.7,0,0.258,0.615,12.975504836797436,77.6342258260223,12.974010113696712,77.63714539937372,"LINESTRING(77.634226 12.975505, 77.637145 12.97401)",30,43.9,No,0,0,2,Good,Medium,2.7,1.0,0.0,27.6,Moderate Risk,SEG-00671,SEG_000000671,72.1,25,24.2,Aligned,24.6,65.9,Side Impact Potential,Urban,4,False,Commercial,Poor Infrastructure,Collector Rd Zone0-670,1,0.0,,False,21.8,25,0,0
672,Collector Rd Zone0-672,Collector,Aligned,8,8,Aligned,0.9601629447256368,0.9601629447256368,0.038909015694058545,0.0009134289788677966,1.4610601436934548e-05,22,22,50.0,16.5,28.3,50,80.6,0,0.0,0.279,12.973254432853318,77.59660575098539,12.975442117783851,77.59534986136308,"LINESTRING(77.596606 12.973254, 77.59535 12.975442)",30,22.3,No,0,0,0,Poor,High,3.66,1.0,0.0,23.7,Safe,SEG-00672,SEG_000000672,70.9,22,20.6,Aligned,21.5,55.9,Side Impact Potential,Urban,2,False,Mixed,Poor Infrastructure,Collector Rd Zone0-672,0,0.148,Light,False,17.1,22,0,0
673,Collector Rd Zone0-673,Collector,Aligned,8,8,Aligned,0.9679834402471043,0.9679834402471043,0.031003875194532467,0.000985607193558596,2.7077364804785133e-05,26,26,55.0,38.8,35.7,50,84.6,0,0.0,0.339,12.967244630257486,77.59039503630113,12.96740477634868,77.59352039701535,"LINESTRING(77.590395 12.967245, 77.59352 12.967405)",30,29.6,No,0,0,2,Poor,Low,2.86,1.0,0.0,23.2,Safe,SEG-00673,SEG_000000673,75.6,26,20.3,Aligned,26.0,66.1,Side Impact Potential,Urban,4,False,Residential,Meets Safe System Standards,Collector Rd Zone0-673,0,0.184,Light,False,19.7,26,0,0