segment_id,road_name,road_type,risk_category,road_risk_score,segment_risk_score,ai_risk_label,ai_risk_probability,prob_low_risk,prob_medium_risk,prob_high_risk,prob_critical_risk,ai_recommended_speed,recommended_safe_speed,road_function_score,infrastructure_score,exposure_score,human_tolerance_limit,operating_speed_score,crash_risk_score,start_km,end_km,start_lat,start_lon,end_lat,end_lon,geometry,posted_speed_limit,pedestrian_exposure_score,blackspot_flag,crash_count,fatal_crashes,schools_count,lighting_quality,roadside_hazards,intersection_density,speed_compliance_rate,speed_violation_score,hotspot_score,hotspot_category,human_segment_id,internal_id,speed_safety_score,original_safe_speed,misalignment_score,misalignment_category,speed_p85,ptw_share_pct,exposure_tier,urban_rural_flag,lane_count,median_presence,land_use_type,top_ai_factors,corridor_base,corridor_seq,congestion_index,congestion_category,congestion_smoothed,operating_speed_mean,final_safe_speed,minor_crashes,major_crashes
674,Collector Rd Zone0-674,Collector,Aligned,9,9,Aligned,0.8912406141670507,0.8912406141670507,0.10602089381251288,0.002662216872179816,7.62751482566949e-05,34,34,55.0,21.2,33.5,50,60.0,0,0.0,0.367,12.971754999953223,77.59439054636968,12.96933930938769,77.59208834474579,"LINESTRING(77.594391 12.971755, 77.592088 12.969339)",40,31.3,No,0,0,1,Good,High,2.83,1.0,0.0,25.0,Moderate Risk,SEG-00674,SEG_000000674,71.2,34,21.8,Aligned,34.2,56.9,Side Impact Potential,Urban,4,False,Commercial,Active Congestion | Poor Infrastructure,Collector Rd Zone0-674,0,0.594,Severe,False,13.4,34,0,0
675,Collector Rd Zone0-675,Collector,Moderate Misalignment,27,27,Moderate Misalignment,0.965189249600462,0.028519900916405685,0.965189249600462,0.006276372436403041,1.4477046729355546e-05,27,27,50.0,54.1,56.2,30,75.7,0,0.0,0.398,12.983593403452868,77.58771192088153,12.980156233518224,77.5887497132321,"LINESTRING(77.587712 12.983593, 77.58875 12.980156)",40,70.1,No,0,0,1,Good,Low,3.68,1.0,0.0,34.0,Moderate Risk,SEG-00675,SEG_000000675,67.8,27,38.3,Moderate Misalignment,26.9,58.6,Significant Pedestrian Interaction,Urban,2,False,Residential,High Pedestrian Interaction | Above Human Tolerance Limit,Collector Rd Zone0-675,0,0.0,,False,23.8,27,0,0
676,Collector Rd Zone0-676,Collector,Moderate Misalignment,27,27,Moderate Misalignment,0.9501955162478718,0.04402467186319805,0.9501955162478718,0.004773826469889212,0.001005985419040817,30,30,50.0,49.4,55.8,30,96.9,0,0.0,0.283,12.95328604381222,77.63560386530038,12.95406040752956,77.63311645193697,"LINESTRING(77.635604 12.953286, 77.633116 12.95406)",30,65.4,No,0,0,2,Good,High,2.9,0.88,12.0,30.8,Moderate Risk,SEG-00676,SEG_000000676,72.2,30,29.5,Moderate Misalignment,33.5,64.3,Significant Pedestrian Interaction,Urban,2,False,Commercial,High Pedestrian Interaction,Collector Rd Zone0-676,0,0.0,,False,27.9,30,0,0
677,Collector Rd Zone0-677,Collector,Moderate Misalignment,27,27,Moderate Misalignment,0.9188098212848496,0.07895393344304803,0.9188098212848496,0.002184799197202233,5.144607490035392e-05,33,33,58.0,42.4,45.4,50,97.6,0,0.0,0.253,12.986742986079223,77.60290396854377,12.988981052905972,77.60333961204712,"LINESTRING(77.602904 12.986743, 77.60334 12.988981)",30,51.7,No,0,0,1,Good,Low,3.62,0.9,10.0,27.7,Moderate Risk,SEG-00677,SEG_000000677,72.6,33,26.4,Moderate Misalignment,33.1,58.4,Side Impact Potential,Urban,2,True,Commercial,Meets Safe System Standards,Collector Rd Zone0-677,0,0.0,,False,28.4,33,0,0
678,Collector Rd Zone0-678,Collector,Aligned,8,8,Aligned,0.9277298899083476,0.9277298899083476,0.07071200145194691,0.0014014417453282664,0.0001566668943772825,25,25,52.5,56.5,47.0,50,87.3,0,0.0,0.384,12.961396942805363,77.55576093835512,12.961149255207827,77.55222460479109,"LINESTRING(77.555761 12.961397, 77.552225 12.961149)",30,54.6,No,0,0,1,Good,Low,3.49,1.0,0.0,24.9,Safe,SEG-00678,SEG_000000678,78.2,25,21.9,Aligned,25.0,59.1,Side Impact Potential,Urban,3,False,Residential,Meets Safe System Standards,Collector Rd Zone0-678,0,0.0,,False,21.5,25,0,0
679,Collector Rd Zone0-679,Collector,Aligned,8,8,Aligned,0.984340543187121,0.984340543187121,0.014101903166072233,0.0015427039547388241,1.484969206781592e-05,21,21,50.0,29.4,30.9,50,84.3,0,0.0,0.327,12.975818466595328,77.60008900414236,12.974790322724642,77.59726494091133,"LINESTRING(77.600089 12.975818, 77.597265 12.97479)",30,27.9,No,0,0,1,Poor,Medium,3.92,1.0,0.0,22.7,Safe,SEG-00679,SEG_000000679,74.0,21,19.8,Aligned,21.4,55.5,Side Impact Potential,Urban,2,False,Mixed,Poor Infrastructure,Collector Rd Zone0-679,0,0.0,,False,19.6,21,0,0
680,Collector Rd Zone0-680,Collector,Aligned,8,8,Aligned,0.979086542156421,0.979086542156421,0.020231797339173015,0.0006368727300567438,4.478777434932024e-05,35,35,58.0,42.4,31.4,50,88.5,0,0.0,0.27,12.97181545290253,77.59462311601612,12.974236917487858,77.59451507807772,"LINESTRING(77.594623 12.971815, 77.594515 12.974237)",40,19.8,No,0,0,0,Poor,Low,3.68,1.0,0.0,20.9,Safe,SEG-00680,SEG_000000680,77.5,35,18.3,Aligned,35.0,67.2,Side Impact Potential,Urban,2,True,Residential,Meets Safe System Standards,Collector Rd Zone0-680,0,0.0,,False,32.3,35,0,0
681,Collector Rd Zone0-681,Collector,Aligned,11,11,Aligned,0.8074436454891454,0.8074436454891454,0.18603016031173933,0.006393279729685096,0.00013291446943012559,33,33,50.0,58.8,31.8,50,99.2,0,0.0,0.258,12.92523757009692,77.58358797461356,12.9235639751669,77.58193842828283,"LINESTRING(77.583588 12.925238, 77.581938 12.923564)",30,27.3,No,0,0,0,Good,Medium,3.48,0.91,9.0,19.7,Safe,SEG-00681,SEG_000000681,80.3,33,19.1,Aligned,32.7,56.6,Side Impact Potential,Urban,2,False,Residential,Meets Safe System Standards,Collector Rd Zone0-681,0,0.0,,False,29.5,33,0,0
682,Collector Rd Zone0-682,Collector,Moderate Misalignment,24,24,Moderate Misalignment,0.8139277995070908,0.1832956148326798,0.8139277995070908,0.0027569615590017473,1.9624101227669138e-05,50,50,50.0,15.3,26.0,50,96.5,0,0.0,0.34,12.963371074325602,77.58059955740029,12.964947892150317,77.57791170192101,"LINESTRING(77.5806 12.963371, 77.577912 12.964948)",40,13.3,No,0,0,0,Good,Medium,3.58,0.76,24.0,27.0,Moderate Risk,SEG-00682,SEG_000000682,65.1,50,30.0,Moderate Misalignment,49.7,63.7,Side Impact Potential,Urban,2,False,Commercial,Poor Infrastructure,Collector Rd Zone0-682,0,0.181,Light,False,37.7,50,0,0
750,Collector Rd Zone1-750,Collector,Aligned,15,15,Aligned,0.6076890707730721,0.6076890707730721,0.38752182386818385,0.004695465876504521,9.363948223950834e-05,46,46,50.0,30.6,32.0,50,99.4,0,0.0,0.326,12.965826460365845,77.51747596464618,12.96568915459258,77.52048306102844,"LINESTRING(77.517476 12.965826, 77.520483 12.965689)",40,26.1,No,0,0,1,Good,Low,2.49,0.84,16.0,25.6,Moderate Risk,SEG-00750,SEG_000000750,70.2,46,26.6,Moderate Misalignment,46.3,58.2,Side Impact Potential,Urban,2,False,Mixed,Poor Infrastructure,Collector Rd Zone1-750,0,0.0,,False,40.4,46,0,0
751,Collector Rd Zone1-751,Collector,Aligned,16,16,Aligned,0.5733705262288316,0.5733705262288316,0.4252924179942712,0.0012794809509276016,5.7574825969512093e-05,33,33,63.0,31.8,38.2,50,91.0,0,0.0,0.363,12.918167742176117,77.65455231661527,12.918796407340784,77.65784302884201,"LINESTRING(77.654552 12.918168, 77.657843 12.918796)",30,37.0,No,0,0,1,Good,Low,3.15,0.89,11.0,26.6,Moderate Risk,SEG-00751,SEG_000000751,71.1,33,25.5,Moderate Misalignment,33.3,63.1,Side Impact Potential,Urban,4,True,Mixed,Poor Infrastructure,Collector Rd Zone1-751,0,0.223,Light,False,24.0,33,0,0
752,Collector Rd Zone1-752,Collector,Aligned,8,8,Aligned,0.9821078239908143,0.9821078239908143,0.017328334176924417,0.00040808276369661673,0.0001557590685647978,28,28,55.0,47.1,37.2,50,87.1,0,0.0,0.31,12.997824777847462,77.64849343476095,12.999086346245576,77.65104797396297,"LINESTRING(77.648493 12.997825, 77.651048 12.999086)",30,34.0,No,0,0,0,Good,Low,3.44,1.0,0.0,22.5,Safe,SEG-00752,SEG_000000752,77.6,28,19.7,Aligned,27.6,65.4,Side Impact Potential,Urban,4,False,Residential,Meets Safe System Standards,Collector Rd Zone1-752,0,0.156,Light,False,21.4,28,0,0
753,Collector Rd Zone1-753,Collector,Aligned,8,8,Aligned,0.9640168505186342,0.9640168505186342,0.03535835689090687,0.0006010501502048598,2.3742440254098464e-05,44,44,55.0,24.7,33.4,50,77.2,0,0.3099999999999999,0.581,12.999086346245576,77.65104797396297,12.999510353554424,77.65351134961152,"LINESTRING(77.651048 12.999086, 77.653511 12.99951)",50,25.8,No,0,0,1,Good,Low,2.76,1.0,0.0,24.4,Safe,SEG-00753,SEG_000000753,72.2,44,21.3,Aligned,43.7,66.5,Side Impact Potential,Urban,4,False,Commercial,Poor Infrastructure,Collector Rd Zone1-752,1,0.133,Light,False,34.8,44,0,0
754,Collector Rd Zone1-754,Collector,Moderate Misalignment,28,38,Moderate Misalignment,0.8352652159440367,0.16371514837556053,0.8352652159440367,0.0009850045386145295,3.4631141788152746e-05,37,35,50.0,24.7,38.4,50,98.4,10,0.0,0.382,12.910356289377676,77.6446797822506,12.912784215785466,77.64219091102525,"LINESTRING(77.64468 12.910356, 77.642191 12.912784)",30,33.9,No,1,0,1,Good,High,3.17,0.76,24.0,31.9,Moderate Risk,SEG-00754,SEG_000000754,64.6,37,30.6,Moderate Misalignment,37.3,63.6,Side Impact Potential,Urban,2,False,Residential,Poor Infrastructure,Collector Rd Zone1-754,0,0.0,,False,31.1,35,1,0
755,Collector Rd Zone1-755,Collector,Aligned,15,15,Aligned,0.6462012345196314,0.6462012345196314,0.35304408572480056,0.0007253414783690798,2.933827719891531e-05,50,50,55.0,14.1,29.8,50,87.9,0,0.3819999999999999,0.6659999999999999,12.912784215785466,77.64219091102525,12.914227160034477,77.6400325949498,"LINESTRING(77.642191 12.912784, 77.640033 12.914227)",40,18.0,No,0,0,0,Good,Medium,2.65,0.68,32.0,29.8,Moderate Risk,SEG-00755,SEG_000000755,62.1,50,34.5,Moderate Misalignment,52.6,68.4,Side Impact Potential,Urban,4,False,Mixed,Poor Infrastructure,Collector Rd Zone1-754,1,0.0,,False,48.1,50,0,0
756,Collector Rd Zone1-756,Collector,Aligned,8,8,Aligned,0.9654490161715714,0.9654490161715714,0.03367935367331357,0.0008436028523993209,2.8027302715801435e-05,34,34,52.5,41.2,32.5,50,89.0,0,0.0,0.375,12.964922716953376,77.52342417408786,12.961840207351338,77.52202166789561,"LINESTRING(77.523424 12.964923, 77.522022 12.96184)",40,25.2,No,0,0,0,Good,Low,2.78,1.0,0.0,21.5,Safe,SEG-00756,SEG_000000756,77.0,34,18.8,Aligned,34.1,63.2,Side Impact Potential,Urban,3,False,Commercial,Meets Safe System Standards,Collector Rd Zone1-756,0,0.0,,False,32.7,34,0,0
757,Collector Rd Zone1-757,Collector,Aligned,8,8,Aligned,0.9738819949463554,0.9738819949463554,0.02548390133295976,0.0006252303652948587,8.873355390160729e-06,35,35,60.5,25.9,27.9,50,69.4,0,0.0,0.29,13.024432750752093,77.61201246165297,13.022341276854483,77.61042078402927,"LINESTRING(77.612012 13.024433, 77.610421 13.022341)",50,14.7,No,0,0,0,Poor,High,3.06,1.0,0.0,22.1,Safe,SEG-00757,SEG_000000757,73.7,35,19.2,Aligned,34.6,67.3,Side Impact Potential,Urban,3,True,Mixed,Poor Infrastructure,Collector Rd Zone1-757,0,0.0,,False,29.6,35,0,0
758,Collector Rd Zone1-758,Collector,Aligned,13,13,Aligned,0.6994419847018875,0.6994419847018875,0.2957939483669613,0.004749722101894394,1.4344829256818287e-05,34,34,52.5,25.9,23.0,50,99.0,0,0.0,0.291,13.015594199474029,77.50817018197904,13.013167468228213,77.50716200541088,"LINESTRING(77.50817 13.015594, 77.507162 13.013167)",30,11.0,No,0,0,0,Good,Low,2.3,0.87,13.0,21.8,Safe,SEG-00758,SEG_000000758,72.3,34,21.5,Aligned,33.8,56.6,Side Impact Potential,Urban,3,False,Residential,Poor Infrastructure,Collector Rd Zone1-758,0,0.0,,False,29.4,34,0,0
759,Collector Rd Zone1-759,Collector,Aligned,13,13,Aligned,0.7047667445183711,0.7047667445183711,0.2937160432704967,0.0015022276075923903,1.498460353975714e-05,34,34,52.5,18.8,25.3,50,57.3,0,0.0,0.251,12.90621801784556,77.56601756318969,12.905215764695749,77.56394613230393,"LINESTRING(77.566018 12.906218, 77.563946 12.905216)",40,10.5,No,0,0,0,Poor,High,2.56,1.0,0.0,22.2,Safe,SEG-00759,SEG_000000759,72.2,34,19.3,Aligned,34.3,64.7,Side Impact Potential,Urban,3,False,Commercial,Active Congestion | Poor Infrastructure,Collector Rd Zone1-759,0,0.674,Severe,False,11.5,34,0,0
760,Collector Rd Zone1-760,Collector,Aligned,13,13,Aligned,0.6896125968881608,0.6896125968881608,0.30893645190845875,0.0013884719377669243,6.247926561354901e-05,31,31,55.0,29.4,38.0,50,92.0,0,0.0,0.321,12.90949292310104,77.51104478940393,12.910852634244376,77.51365861585226,"LINESTRING(77.511045 12.909493, 77.513659 12.910853)",30,38.0,No,0,0,1,Poor,High,2.28,0.96,4.0,25.9,Moderate Risk,SEG-00760,SEG_000000760,71.8,31,23.4,Aligned,31.1,62.3,Side Impact Potential,Urban,4,False,Residential,Poor Infrastructure,Collector Rd Zone1-760,0,0.133,Light,False,24.7,31,0,0
761,Collector Rd Zone1-761,Collector,Moderate Misalignment,28,28,Moderate Misalignment,0.9839973785046963,0.013563836263025444,0.9839973785046963,0.0023452358140031056,9.354941827502542e-05,30,30,55.0,44.7,50.6,30,98.7,0,0.3209999999999999,0.712,12.910852634244376,77.51365861585226,12.91255296504166,77.51681731054795,"LINESTRING(77.513659 12.910853, 77.516817 12.912553)",40,59.9,No,0,0,1,Good,Medium,2.3,0.91,9.0,34.7,Moderate Risk,SEG-00761,SEG_000000761,64.1,30,41.4,Moderate Misalignment,43.7,58.2,Significant Pedestrian Interaction,Urban,4,False,Commercial,High Pedestrian Interaction | Above Human Tolerance Limit,Collector Rd Zone1-760,1,0.0,,False,39.2,30,0,0
762,Collector Rd Zone1-762,Collector,Aligned,8,8,Aligned,0.967054416048154,0.967054416048154,0.03207477303467762,0.0008377196537807962,3.309126338758178e-05,29,29,50.0,20.0,34.7,50,77.5,0,0.0,0.283,12.91522460077507,77.56000708318905,12.916078211768228,77.56246370383647,"LINESTRING(77.560007 12.915225, 77.562464 12.916078)",40,34.5,No,0,0,1,Good,High,2.9,1.0,0.0,25.6,Moderate Risk,SEG-00762,SEG_000000762,70.6,29,22.4,Aligned,28.8,58.1,Side Impact Potential,Urban,2,False,Commercial,Poor Infrastructure,Collector Rd Zone1-762,0,0.0,,False,25.0,29,0,0
763,Collector Rd Zone1-763,Collector,Moderate Misalignment,24,24,Moderate Misalignment,0.8242648400030459,0.1726563589595857,0.8242648400030459,0.003032974407294266,4.5826630074094845e-05,39,39,55.0,40.0,33.6,50,97.1,0,0.0,0.38,12.913896143187513,77.62584129653568,12.915424627215392,77.62897487581816,"LINESTRING(77.625841 12.913896, 77.628975 12.915425)",30,24.4,No,0,0,0,Good,Low,2.42,0.7,30.0,25.9,Moderate Risk,SEG-00763,SEG_000000763,70.7,39,28.8,Moderate Misalignment,39.1,65.8,Side Impact Potential,Urban,4,False,Residential,Meets Safe System Standards,Collector Rd Zone1-763,0,0.0,,False,31.9,39,0,0
764,Collector Rd Zone1-764,Collector,Aligned,11,11,Aligned,0.8123701058546172,0.8123701058546172,0.18543086117199026,0.0021765374883537993,2.2495485038685832e-05,29,29,50.0,25.9,27.8,50,93.7,0,0.0,0.342,13.040763604244647,77.62028879452443,13.038841555448194,77.62275486588597,"LINESTRING(77.620289 13.040764, 77.622755 13.038842)",30,17.8,No,0,0,0,Poor,Low,3.11,1.0,0.0,22.0,Safe,SEG-00764,SEG_000000764,73.7,29,19.2,Aligned,28.9,61.6,Side Impact Potential,Urban,2,False,Commercial,Poor Infrastructure,Collector Rd Zone1-764,0,0.0,,False,25.8,29,0,0
765,Collector Rd Zone1-765,Collector,Aligned,16,16,Aligned,0.5682060731989673,0.5682060731989673,0.43009762019995196,0.0016456990248088026,5.060757627184845e-05,50,50,52.5,55.3,36.0,50,92.0,0,0.0,0.268,13.063867903701766,77.54980255261025,13.065817597942823,77.55125294056462,"LINESTRING(77.549803 13.063868, 77.551253 13.065818)",40,34.1,No,0,0,0,Good,Low,2.19,0.74,26.0,25.1,Moderate Risk,SEG-00765,SEG_000000765,73.7,50,29.0,Moderate Misalignment,50.4,57.1,Side Impact Potential,Urban,3,False,Industrial,Meets Safe System Standards,Collector Rd Zone1-765,0,0.0,,False,45.4,50,0,0
766,Collector Rd Zone1-766,Collector,Aligned,16,16,Aligned,0.578697569059577,0.578697569059577,0.4103846573869265,0.010739794957139377,0.00017797859635705618,28,28,52.5,30.6,45.5,30,90.5,0,0.0,0.329,13.007977797424244,77.54480391191154,13.008057314891955,77.54176426685048,"LINESTRING(77.544804 13.007978, 77.541764 13.008057)",30,48.8,No,0,0,1,Good,Medium,2.86,1.0,0.0,28.2,Moderate Risk,SEG-00766,SEG_000000766,71.3,28,24.7,Aligned,28.1,68.4,Significant Pedestrian Interaction,Urban,3,False,Commercial,High Pedestrian Interaction | Poor Infrastructure,Collector Rd Zone1-766,0,0.0,,False,23.7,28,0,0
767,Collector Rd Zone1-767,Collector,Aligned,7,7,Aligned,0.9869619223887884,0.9869619223887884,0.01231259996922896,0.000716577746757633,8.899895225174201e-06,22,22,63.0,30.6,27.9,50,81.0,0,0.329,0.5860000000000001,13.008057314891955,77.54176426685048,13.008795200809674,77.53951585679475,"LINESTRING(77.541764 13.008057, 77.539516 13.008795)",30,19.6,No,0,0,0,Good,Low,3.07,1.0,0.0,21.4,Safe,SEG-00767,SEG_000000767,75.0,22,18.6,Aligned,21.7,59.3,Side Impact Potential,Urban,4,True,Industrial,Poor Infrastructure,Collector Rd Zone1-766,1,0.134,Light,False,17.3,22,0,0
768,Collector Rd Zone1-768,Collector,Aligned,8,8,Aligned,0.9500470683004199,0.9500470683004199,0.04803236559719795,0.0018604970151031464,6.006908727897771e-05,37,37,50.0,34.1,47.4,50,83.6,0,0.0,0.276,13.039470875584016,77.57131277132248,13.037272331319558,77.57012979261482,"LINESTRING(77.571313 13.039471, 77.57013 13.037272)",40,54.2,No,0,0,1,Good,Low,2.41,1.0,0.0,28.4,Moderate Risk,SEG-00768,SEG_000000768,71.9,37,24.9,Aligned,37.4,60.7,Side Impact Potential,Urban,2,False,Residential,Poor Infrastructure,Collector Rd Zone1-768,0,0.155,Light,False,29.1,37,0,0
769,Collector Rd Zone1-769,Collector,Aligned,8,8,Aligned,0.9686807498326778,0.9686807498326778,0.03058315127402384,0.0007245101121984896,1.158878109985269e-05,32,32,52.5,30.6,27.3,50,76.9,0,0.2759999999999999,0.601,13.037272331319558,77.57012979261482,13.035171888883085,77.56803925560064,"LINESTRING(77.57013 13.037272, 77.568039 13.035172)",40,18.6,No,0,0,0,Poor,High,2.73,1.0,0.0,21.1,Safe,SEG-00769,SEG_000000769,75.1,32,18.4,Aligned,31.7,58.5,Side Impact Potential,Urban,3,False,Mixed,Poor Infrastructure,Collector Rd Zone1-768,1,0.159,Light,False,24.6,32,0,0
770,Collector Rd Zone1-770,Collector,Aligned,10,10,Aligned,0.8733448714576264,0.8733448714576264,0.11898828233919725,0.0069476225201401485,0.0007192236830361896,30,30,50.0,100.0,67.8,30,96.9,0,0.0,0.27,12.893605072382504,77.66906999087323,12.89166537118309,77.67056400802296,"LINESTRING(77.66907 12.893605, 77.670564 12.891665)",30,95.0,No,0,0,1,Poor,High,2.54,0.96,4.0,26.9,Moderate Risk,SEG-00770,SEG_000000770,85.1,30,24.8,Aligned,31.3,61.8,Significant Pedestrian Interaction,Urban,2,False,Residential,High Pedestrian Interaction,Collector Rd Zone1-770,0,0.0,,False,28.0,30,0,0
771,Collector Rd Zone1-771,Collector,Moderate Misalignment,26,26,Moderate Misalignment,0.8936001818424621,0.10380634396737787,0.8936001818424621,0.00254276501544432,5.070917471562895e-05,50,50,55.0,27.1,32.0,50,99.6,0,0.0,0.304,13.022986597748895,77.63459992647537,13.024811289963194,77.63250656389637,"LINESTRING(77.6346 13.022987, 77.632507 13.024811)",40,26.5,No,0,0,0,Poor,Low,2.95,0.72,28.0,28.2,Moderate Risk,SEG-00771,SEG_000000771,66.1,50,32.2,Moderate Misalignment,51.3,59.0,Side Impact Potential,Urban,4,False,Mixed,Poor Infrastructure,Collector Rd Zone1-771,0,0.158,Light,False,39.7,50,0,0
772,Collector Rd Zone1-772,Collector,Aligned,11,11,Aligned,0.8117531822447823,0.8117531822447823,0.18707036609993297,0.0011405650596946742,3.588659559009602e-05,32,32,60.5,40.0,36.8,50,91.8,0,0.0,0.309,12.919756570609769,77.5356515636374,12.922248607339917,77.53438416792505,"LINESTRING(77.535652 12.919757, 77.534384 12.922249)",30,30.5,No,0,0,1,Good,Low,3.2,0.94,6.0,24.2,Safe,SEG-00772,SEG_000000772,74.5,32,22.5,Aligned,31.9,67.6,Side Impact Potential,Urban,3,True,Residential,Meets Safe System Standards,Collector Rd Zone1-772,0,0.175,Light,False,24.5,32,0,0
773,Collector Rd Zone1-773,Collector,Moderate Misalignment,26,26,Moderate Misalignment,0.7196034144664791,0.19747728325979055,0.7196034144664791,0.0827279301786567,0.0001913720950738108,25,25,55.0,69.4,54.3,30,82.5,0,0.309,0.627,12.922248607339917,77.53438416792505,12.92466935484991,77.53281785081133,"LINESTRING(77.534384 12.922249, 77.532818 12.924669)",30,59.0,No,0,0,2,Good,Medium,3.09,1.0,0.0,25.7,Moderate Risk,SEG-00773,SEG_000000773,80.3,25,22.7,Aligned,24.9,68.1,Significant Pedestrian Interaction,Urban,4,False,Commercial,High Pedestrian Interaction,Collector Rd Zone1-772,1,0.213,Light,False,18.3,25,0,0
774,Collector Rd Zone1-774,Collector,Moderate Misalignment,27,27,Moderate Misalignment,0.9732075648201047,0.02622692032666013,0.9732075648201047,0.0005437138200273863,2.1801033208017692e-05,50,50,55.0,36.5,44.8,50,99.5,0,0.0,0.302,12.928739219277784,77.52647890264082,12.92617707520362,77.52554351835956,"LINESTRING(77.526479 12.928739, 77.525544 12.926177)",40,48.8,No,0,0,1,Good,Medium,2.33,0.65,35.0,32.8,Moderate Risk,SEG-00774,SEG_000000774,64.4,50,38.2,Moderate Misalignment,54.0,66.1,Side Impact Potential,Urban,4,False,Commercial,Meets Safe System Standards,Collector Rd Zone1-774,0,0.216,Light,False,39.7,50,0,0
775,Collector Rd Zone1-775,Collector,Moderate Misalignment,37,82,Moderate Misalignment,0.7737396618913474,0.22292864530145431,0.7737396618913474,0.0032550453482445762,7.664745895379339e-05,32,23,50.0,48.2,45.3,50,97.5,45,0.0,0.283,13.001379123548627,77.64706875390755,13.000951712035151,77.64449714808579,"LINESTRING(77.647069 13.001379, 77.644497 13.000952)",30,47.0,Yes,1,1,2,Good,High,3.33,0.92,8.0,37.6,Moderate Risk,SEG-00775,SEG_000000775,65.8,32,24.7,Aligned,32.3,61.6,Side Impact Potential,Urban,2,False,Residential,Meets Safe System Standards,Collector Rd Zone1-775,0,0.0,,False,28.3,23,0,0
776,Collector Rd Zone1-776,Collector,Moderate Misalignment,20,20,Moderate Misalignment,0.6037459423289269,0.3946953497204817,0.6037459423289269,0.0015111703708488,4.7537579742760453e-05,29,29,55.0,31.8,36.6,50,94.3,0,0.0,0.34,12.967176118651413,77.69187312371231,12.968595691082406,77.68909187116122,"LINESTRING(77.691873 12.967176, 77.689092 12.968596)",30,32.1,No,0,0,1,Good,Medium,2.64,1.0,0.0,24.6,Safe,SEG-00776,SEG_000000776,73.5,29,21.5,Aligned,29.1,62.7,Side Impact Potential,Urban,4,False,Mixed,Poor Infrastructure,Collector Rd Zone1-776,0,0.0,,False,26.2,29,0,0
777,Collector Rd Zone1-777,Collector,Aligned,11,11,Aligned,0.8034109202704355,0.8034109202704355,0.19489533590694502,0.0016855632617619252,8.180560857520565e-06,28,28,55.0,0.0,20.3,50,93.1,0,0.3400000000000001,0.5980000000000001,12.968595691082406,77.68909187116122,12.96987639512272,77.68710267635527,"LINESTRING(77.689092 12.968596, 77.687103 12.969876)",30,1.8,No,0,0,0,Good,Low,2.81,1.0,0.0,23.1,Safe,SEG-00777,SEG_000000777,68.0,28,20.0,Aligned,28.1,64.5,Side Impact Potential,Urban,4,False,Mixed,Poor Infrastructure,Collector Rd Zone1-776,1,0.0,,False,25.4,28,0,0
778,Collector Rd Zone1-778,Collector,Aligned,8,8,Aligned,0.9828596773400395,0.9828596773400395,0.01595698870968823,0.001174777029767676,8.55692050431501e-06,36,36,55.0,49.4,30.6,50,71.2,0,0.0,0.256,13.038427876644713,77.55905889353114,13.036401481432646,77.55793303658622,"LINESTRING(77.559059 13.038428, 77.557933 13.036401)",50,20.0,No,0,0,0,Good,Low,2.4,1.0,0.0,19.6,Safe,SEG-00778,SEG_000000778,79.6,36,17.1,Aligned,36.1,65.1,Side Impact Potential,Urban,4,False,Commercial,Meets Safe System Standards,Collector Rd Zone1-778,0,0.0,,False,30.8,36,0,0
779,Collector Rd Zone1-779,Collector,Aligned,7,7,Aligned,0.9862195203414729,0.9862195203414729,0.012293818108885378,0.0014756242033428918,1.103734629885665e-05,41,41,55.0,34.1,29.0,50,86.1,0,0.0,0.325,13.05489749791778,77.60898351201124,13.054777415435495,77.6059864112276,"LINESTRING(77.608984 13.054897, 77.605986 13.054777)",40,19.5,No,0,0,0,Good,High,2.66,0.98,2.0,21.7,Safe,SEG-00779,SEG_000000779,75.1,41,19.6,Aligned,41.0,61.3,Side Impact Potential,Urban,4,False,Mixed,Poor Infrastructure,Collector Rd Zone1-779,0,0.19,Light,False,30.8,41,0,0