segment_id,road_name,road_type,risk_category,road_risk_score,segment_risk_score,ai_risk_label,ai_risk_probability,prob_low_risk,prob_medium_risk,prob_high_risk,prob_critical_risk,ai_recommended_speed,recommended_safe_speed,road_function_score,infrastructure_score,exposure_score,human_tolerance_limit,operating_speed_score,crash_risk_score,start_km,end_km,start_lat,start_lon,end_lat,end_lon,geometry,posted_speed_limit,pedestrian_exposure_score,blackspot_flag,crash_count,fatal_crashes,schools_count,lighting_quality,roadside_hazards,intersection_density,speed_compliance_rate,speed_violation_score,hotspot_score,hotspot_category,human_segment_id,internal_id,speed_safety_score,original_safe_speed,misalignment_score,misalignment_category,speed_p85,ptw_share_pct,exposure_tier,urban_rural_flag,lane_count,median_presence,land_use_type,top_ai_factors,corridor_base,corridor_seq,congestion_index,congestion_category,congestion_smoothed,operating_speed_mean,final_safe_speed,minor_crashes,major_crashes
780,Collector Rd Zone1-780,Collector,Moderate Misalignment,25,25,Moderate Misalignment,0.8724731121949061,0.12548736642574207,0.8724731121949061,0.001999643424771117,3.9877954580855575e-05,50,50,55.0,38.8,35.2,50,99.3,0,0.325,0.5760000000000001,13.054777415435495,77.6059864112276,13.054638223832756,77.60367199338019,"LINESTRING(77.605986 13.054777, 77.603672 13.054638)",40,28.5,No,0,0,0,Good,Low,2.91,0.75,25.0,27.1,Moderate Risk,SEG-00780,SEG_000000780,69.5,50,30.4,Moderate Misalignment,49.9,62.6,Side Impact Potential,Urban,4,False,Residential,Meets Safe System Standards,Collector Rd Zone1-779,1,0.0,,False,40.5,50,0,0
781,Collector Rd Zone1-781,Collector,Aligned,10,10,Aligned,0.8740688689603564,0.8740688689603564,0.12428140302514329,0.001632851763749609,1.687625075072924e-05,28,28,55.0,24.7,28.2,50,92.2,0,0.0,0.291,13.023651055712902,77.54365420658847,13.021822839303503,77.54557658742857,"LINESTRING(77.543654 13.023651, 77.545577 13.021823)",30,17.4,No,0,0,0,Poor,High,3.15,1.0,0.0,22.4,Safe,SEG-00781,SEG_000000781,73.2,28,19.5,Aligned,27.6,63.0,Side Impact Potential,Urban,4,False,Residential,Poor Infrastructure,Collector Rd Zone1-781,0,0.0,,False,24.8,28,0,0
782,Collector Rd Zone1-782,Collector,Aligned,18,18,Aligned,0.5014088101373116,0.5014088101373116,0.4968324640609831,0.0016829934846913164,7.57323170139233e-05,45,45,55.0,34.1,37.9,50,91.1,0,0.0,0.395,12.875681046505289,77.59670897075914,12.872219660689495,77.59588005755347,"LINESTRING(77.596709 12.875681, 77.59588 12.87222)",40,33.7,No,0,0,1,Good,High,2.9,0.88,12.0,26.7,Moderate Risk,SEG-00782,SEG_000000782,70.9,45,26.5,Moderate Misalignment,44.7,63.7,Side Impact Potential,Urban,4,False,Mixed,Poor Infrastructure,Collector Rd Zone1-782,0,0.183,Light,False,34.1,45,0,0
783,Collector Rd Zone1-783,Collector,Aligned,9,9,Aligned,0.9040206207230154,0.9040206207230154,0.09356287566103334,0.00239178346777873,2.4720148172539367e-05,41,41,50.0,31.8,30.1,50,93.2,0,0.395,0.674,12.872219660689495,77.59588005755347,12.86995538525307,77.59477864702114,"LINESTRING(77.59588 12.87222, 77.594779 12.869955)",40,24.2,No,0,0,0,Good,Medium,2.26,0.98,2.0,22.4,Safe,SEG-00783,SEG_000000783,74.2,41,20.2,Aligned,40.9,57.5,Side Impact Potential,Urban,2,False,Mixed,Poor Infrastructure,Collector Rd Zone1-782,1,0.0,,False,35.4,41,0,0
784,Collector Rd Zone1-784,Collector,Aligned,10,10,Aligned,0.8505632209247918,0.8505632209247918,0.14755076090296854,0.0018687145263779552,1.7303645861888138e-05,28,28,55.0,9.4,24.8,50,91.4,0,0.0,0.323,12.90005566851502,77.66851409207162,12.90239255739245,77.67028199745378,"LINESTRING(77.668514 12.900056, 77.670282 12.902393)",30,8.8,No,0,0,0,Good,Low,2.86,1.0,0.0,23.4,Safe,SEG-00784,SEG_000000784,69.7,28,20.3,Aligned,27.6,67.5,Side Impact Potential,Urban,4,False,Residential,Poor Infrastructure,Collector Rd Zone1-784,0,0.0,,False,24.3,28,0,0
785,Collector Rd Zone1-785,Collector,Aligned,12,12,Aligned,0.7690567187069773,0.7690567187069773,0.22786843954382038,0.002995161538185005,7.968021101731385e-05,31,31,55.0,55.3,34.0,50,94.5,0,0.323,0.7210000000000001,12.90239255739245,77.67028199745378,12.905189526839091,77.67257423278932,"LINESTRING(77.670282 12.902393, 77.672574 12.90519)",30,28.8,No,0,0,0,Good,Medium,2.6,0.96,4.0,20.5,Safe,SEG-00785,SEG_000000785,79.8,31,18.8,Aligned,31.2,60.3,Side Impact Potential,Urban,4,False,Industrial,Meets Safe System Standards,Collector Rd Zone1-784,1,0.0,,False,26.3,31,0,0
786,Collector Rd Zone1-786,Collector,Aligned,12,12,Aligned,0.7681325185055913,0.7681325185055913,0.2197491401049356,0.011939306387051308,0.00017903500242192006,27,27,55.0,49.4,42.8,30,86.5,0,0.0,0.37,12.918877649592728,77.6522251632928,12.91598713870694,77.65391411089661,"LINESTRING(77.652225 12.918878, 77.653914 12.915987)",30,45.4,No,0,0,3,Good,Low,2.95,1.0,0.0,24.3,Safe,SEG-00786,SEG_000000786,77.1,27,21.3,Aligned,26.9,63.4,Significant Pedestrian Interaction,Urban,4,False,Residential,High Pedestrian Interaction,Collector Rd Zone1-786,0,0.158,Light,False,21.0,27,0,0
787,Collector Rd Zone1-787,Collector,High Misalignment,50,50,High Misalignment,0.9249473316670076,0.020291899969376862,0.05447113836057857,0.9249473316670076,0.00028963000303694193,30,30,55.0,75.3,54.2,30,99.4,0,0.0,0.329,12.9485770605335,77.66181354999952,12.9506582060153,77.65965996405902,"LINESTRING(77.661814 12.948577, 77.65966 12.950658)",50,61.6,No,0,0,1,Poor,Low,3.24,0.81,19.0,39.2,Moderate Risk,SEG-00787,SEG_000000787,60.3,30,57.9,High Misalignment,59.7,65.2,Significant Pedestrian Interaction,Urban,4,False,Commercial,Speed Limit Misaligned | High Pedestrian Interaction | Above Human Tolerance Limit,Collector Rd Zone1-787,0,0.0,,False,50.4,30,0,0
788,Collector Rd Zone1-788,Collector,Aligned,8,8,Aligned,0.9660036713826006,0.9660036713826006,0.03346839543310242,0.0005245715671980547,3.3616170989891216e-06,27,27,55.0,23.5,23.6,50,72.3,0,0.0,0.343,13.018897355983574,77.67480870297082,13.017381227925918,77.67204765363248,"LINESTRING(77.674809 13.018897, 77.672048 13.017381)",40,9.7,No,0,0,0,Poor,Low,2.53,1.0,0.0,20.8,Safe,SEG-00788,SEG_000000788,73.8,27,18.1,Aligned,27.4,61.1,Side Impact Potential,Urban,4,False,Commercial,Poor Infrastructure,Collector Rd Zone1-788,0,0.157,Light,False,21.5,27,0,0
789,Collector Rd Zone1-789,Collector,Aligned,8,8,Aligned,0.9663289520185434,0.9663289520185434,0.03239089443076138,0.0012679485867979332,1.2204963897275621e-05,34,34,60.5,20.0,31.0,50,84.8,0,0.0,0.279,12.893358643425731,77.58330119124567,12.893915866810689,77.58580943334441,"LINESTRING(77.583301 12.893359, 77.585809 12.893916)",40,23.4,No,0,0,0,Good,Medium,3.21,1.0,0.0,24.2,Safe,SEG-00789,SEG_000000789,71.3,34,21.1,Aligned,34.0,58.7,Side Impact Potential,Urban,3,True,Commercial,Poor Infrastructure,Collector Rd Zone1-789,0,0.0,,False,29.9,34,0,0
790,Collector Rd Zone1-790,Collector,Aligned,8,8,Aligned,0.9787794181894157,0.9787794181894157,0.020283748085568955,0.0009292829045529545,7.550820462434502e-06,34,34,50.0,70.6,34.4,50,78.9,0,0.0,0.397,13.027668815947468,77.57482784319795,13.02471701364348,77.5768865830459,"LINESTRING(77.574828 13.027669, 77.576887 13.024717)",40,28.7,No,0,0,0,Poor,High,3.39,1.0,0.0,17.8,Safe,SEG-00790,SEG_000000790,84.7,34,15.7,Aligned,34.3,62.8,Side Impact Potential,Urban,2,False,Commercial,Meets Safe System Standards,Collector Rd Zone1-790,0,0.179,Light,False,25.9,34,0,0
791,Collector Rd Zone1-791,Collector,Aligned,8,8,Aligned,0.9192929262814177,0.9192929262814177,0.0791282001949424,0.0015712336594925743,7.639864147147862e-06,40,40,50.0,11.8,20.6,50,91.9,0,0.397,0.745,13.02471701364348,77.5768865830459,13.022645830116472,77.57929870659662,"LINESTRING(77.576887 13.024717, 77.579299 13.022646)",40,7.4,No,0,0,0,Good,Medium,3.34,1.0,0.0,21.4,Safe,SEG-00791,SEG_000000791,71.3,40,18.5,Aligned,39.6,56.1,Side Impact Potential,Urban,2,False,Commercial,Poor Infrastructure,Collector Rd Zone1-790,1,0.0,,False,34.6,40,0,0
792,Collector Rd Zone1-792,Collector,Aligned,13,13,Aligned,0.7614536582832524,0.7614536582832524,0.22855644777889494,0.009965671734579474,2.422220327328366e-05,33,33,50.0,0.0,22.8,50,97.6,0,0.0,0.331,12.891901941328854,77.6336981801794,12.88920186116834,77.6349791976281,"LINESTRING(77.633698 12.891902, 77.634979 12.889202)",30,9.1,No,0,0,0,Poor,High,2.53,0.91,9.0,25.2,Moderate Risk,SEG-00792,SEG_000000792,65.8,33,23.7,Aligned,32.8,59.2,Side Impact Potential,Urban,2,False,Mixed,Poor Infrastructure,Collector Rd Zone1-792,0,0.0,,False,28.4,33,0,0
793,Collector Rd Zone1-793,Collector,Aligned,15,15,Aligned,0.6075671636495209,0.6075671636495209,0.3841510647821286,0.008114352166512111,0.00016741940183836204,24,24,58.0,55.3,43.3,30,63.0,0,0.0,0.386,13.074083420387655,77.62188370747208,13.073131332540466,77.61845682127739,"LINESTRING(77.621884 13.074083, 77.618457 13.073131)",30,49.4,No,0,0,1,Good,Low,2.51,1.0,0.0,23.6,Safe,SEG-00793,SEG_000000793,78.6,24,20.8,Aligned,24.3,61.8,Significant Pedestrian Interaction,Urban,2,True,Commercial,High Pedestrian Interaction | Active Congestion,Collector Rd Zone1-793,0,0.801,Severe,False,5.3,24,0,0
794,Collector Rd Zone1-794,Collector,Aligned,15,15,Aligned,0.5868258739481839,0.5868258739481839,0.4114086200874788,0.0017215733038013262,4.393266053581812e-05,29,29,55.0,38.8,35.5,50,94.1,0,0.0,0.376,13.02626161435752,77.50303317688098,13.028761679062317,77.50536776179344,"LINESTRING(77.503033 13.026262, 77.505368 13.028762)",30,28.9,No,0,0,0,Good,Medium,2.17,1.0,0.0,23.1,Safe,SEG-00794,SEG_000000794,75.6,29,20.2,Aligned,29.3,67.3,Side Impact Potential,Urban,4,False,Residential,Meets Safe System Standards,Collector Rd Zone1-794,0,0.0,,False,26.1,29,0,0
795,Collector Rd Zone1-795,Collector,Moderate Misalignment,25,25,Moderate Misalignment,0.8501464320745774,0.14677606198939988,0.8501464320745774,0.003015846658483942,6.165927753889107e-05,47,47,55.0,24.7,32.3,50,96.3,0,0.0,0.317,13.043210461464112,77.55160359946538,13.040609275315564,77.55039941047653,"LINESTRING(77.551604 13.04321, 77.550399 13.040609)",40,25.2,No,0,0,0,Good,Medium,2.99,0.84,16.0,26.7,Moderate Risk,SEG-00795,SEG_000000795,68.3,47,27.8,Moderate Misalignment,46.6,60.7,Side Impact Potential,Urban,4,False,Residential,Poor Infrastructure,Collector Rd Zone1-795,0,0.0,,False,37.6,47,0,0
796,Collector Rd Zone1-796,Collector,Aligned,8,8,Aligned,0.9397379971210676,0.9397379971210676,0.05706957863147321,0.0031646965316181486,2.7727715840710154e-05,29,29,50.0,14.1,30.0,50,86.2,0,0.0,0.395,12.932018164990131,77.69597090296355,12.933340227156886,77.69935785458074,"LINESTRING(77.695971 12.932018, 77.699358 12.93334)",30,18.7,No,0,0,1,Good,Medium,2.87,1.0,0.0,24.7,Safe,SEG-00796,SEG_000000796,69.9,29,21.5,Aligned,28.9,66.0,Side Impact Potential,Urban,2,False,Commercial,Poor Infrastructure,Collector Rd Zone1-796,0,0.23,Light,False,20.8,29,0,0
797,Collector Rd Zone1-797,Collector,Moderate Misalignment,27,27,Moderate Misalignment,0.9349528613880153,0.04464267612602532,0.9349528613880153,0.02039742690012773,7.035585831709576e-06,30,30,60.5,64.7,56.9,30,81.7,0,0.0,0.377,12.945176322970948,77.49463379279163,12.946809970016051,77.49158525359195,"LINESTRING(77.494634 12.945176, 77.491585 12.94681)",40,77.9,No,0,0,1,Good,Medium,2.19,1.0,0.0,32.6,Moderate Risk,SEG-00797,SEG_000000797,70.6,30,37.2,Moderate Misalignment,31.1,59.2,Significant Pedestrian Interaction,Urban,3,True,Commercial,High Pedestrian Interaction | Above Human Tolerance Limit,Collector Rd Zone1-797,0,0.0,,False,27.8,30,0,0
798,Collector Rd Zone1-798,Collector,Aligned,8,8,Aligned,0.9693857233818962,0.9693857233818962,0.028686800851277144,0.0019135712843875582,1.3904482439123684e-05,23,23,55.0,22.4,29.9,50,86.3,0,0.377,0.647,12.946809970016051,77.49158525359195,12.9484951720995,77.48979755654968,"LINESTRING(77.491585 12.94681, 77.489798 12.948495)",30,21.3,No,0,0,0,Good,Low,2.75,1.0,0.0,23.4,Safe,SEG-00798,SEG_000000798,72.2,23,20.4,Aligned,23.1,63.4,Side Impact Potential,Urban,4,False,Commercial,Poor Infrastructure,Collector Rd Zone1-797,1,0.0,,False,20.8,23,0,0
799,Collector Rd Zone1-799,Collector,Aligned,13,13,Aligned,0.7436632977953445,0.7436632977953445,0.2552412194336494,0.0010620660581284734,3.341671287758624e-05,30,30,63.0,32.9,36.4,50,93.1,0,0.0,0.356,12.891150680082117,77.57145918740797,12.893730543120563,77.5695081791673,"LINESTRING(77.571459 12.891151, 77.569508 12.893731)",30,28.5,No,0,0,0,Poor,Low,2.91,1.0,0.0,24.3,Safe,SEG-00799,SEG_000000799,73.8,30,21.3,Aligned,29.9,66.8,Side Impact Potential,Urban,4,True,Residential,Poor Infrastructure,Collector Rd Zone1-799,0,0.0,,False,25.4,30,0,0
800,Collector Rd Zone1-800,Collector,Aligned,8,8,Aligned,0.9471367174098421,0.9471367174098421,0.0509467462730746,0.0017716962851984377,0.00014484003188486064,24,24,52.5,14.1,30.5,50,86.7,0,0.356,0.675,12.893730543120563,77.5695081791673,12.896022599920204,77.56773738442007,"LINESTRING(77.569508 12.893731, 77.567737 12.896023)",30,18.8,No,0,0,0,Good,Low,2.22,1.0,0.0,24.9,Safe,SEG-00800,SEG_000000800,69.8,24,21.7,Aligned,23.6,67.4,Side Impact Potential,Urban,3,False,Commercial,Poor Infrastructure,Collector Rd Zone1-799,1,0.0,,False,21.1,24,0,0
801,Collector Rd Zone1-801,Collector,Aligned,8,8,Aligned,0.9753505369038346,0.9753505369038346,0.02436498128285278,0.00026324875409189065,2.1233059220681498e-05,30,30,63.0,43.5,37.8,50,72.3,0,0.0,0.368,12.91444863978022,77.64218978555775,12.917242841338284,77.64400324550127,"LINESTRING(77.64219 12.914449, 77.644003 12.917243)",40,33.2,No,0,0,0,Good,High,3.27,1.0,0.0,23.3,Safe,SEG-00801,SEG_000000801,76.5,30,20.4,Aligned,29.5,67.4,Side Impact Potential,Urban,4,True,Commercial,Meets Safe System Standards,Collector Rd Zone1-801,0,0.219,Light,False,21.6,30,0,0
802,Collector Rd Zone1-802,Collector,Moderate Misalignment,28,28,Moderate Misalignment,0.9628567481823667,0.02720298689334189,0.9628567481823667,0.009934577022456603,5.6879018347186125e-06,29,29,50.0,64.7,64.4,30,80.8,0,0.0,0.281,12.892124338400386,77.52519073116075,12.894593173735784,77.5257599744724,"LINESTRING(77.525191 12.892124, 77.52576 12.894593)",40,77.2,No,0,0,1,Good,High,2.48,1.0,0.0,35.6,Moderate Risk,SEG-00802,SEG_000000802,69.1,29,39.8,Moderate Misalignment,28.9,66.9,Significant Pedestrian Interaction,Urban,2,False,Residential,High Pedestrian Interaction | Above Human Tolerance Limit,Collector Rd Zone1-802,0,0.0,,False,27.2,29,0,0
803,Collector Rd Zone1-803,Collector,Moderate Misalignment,26,26,Moderate Misalignment,0.8902219974964127,0.09982605822258968,0.8902219974964127,0.009723609136702565,0.00022833514429517274,30,30,55.0,42.4,52.2,30,81.1,0,0.0,0.286,12.90604663004462,77.58791870974791,12.908414269297866,77.58688857433575,"LINESTRING(77.587919 12.906047, 77.586889 12.908414)",40,61.4,No,0,0,1,Good,High,2.61,1.0,0.0,34.2,Moderate Risk,SEG-00803,SEG_000000803,65.4,30,38.5,Moderate Misalignment,35.7,58.0,Significant Pedestrian Interaction,Urban,4,False,Commercial,High Pedestrian Interaction | Above Human Tolerance Limit,Collector Rd Zone1-803,0,0.173,Light,False,27.4,30,0,0
804,Collector Rd Zone1-804,Collector,Aligned,10,20,Aligned,0.9885489040148507,0.9885489040148507,0.010899936101053598,0.0005432811022378914,7.87878185784555e-06,35,33,63.0,34.1,28.4,50,80.7,10,0.286,0.56,12.908414269297866,77.58688857433575,12.910339974232295,77.58531801019147,"LINESTRING(77.586889 12.908414, 77.585318 12.91034)",40,18.0,No,1,0,0,Poor,Medium,2.35,1.0,0.0,23.6,Safe,SEG-00804,SEG_000000804,73.8,35,18.4,Aligned,34.9,62.9,Side Impact Potential,Urban,4,True,Mixed,Poor Infrastructure,Collector Rd Zone1-803,1,0.164,Light,False,27.1,33,1,0
805,Collector Rd Zone1-805,Collector,Aligned,8,8,Aligned,0.970286553605641,0.970286553605641,0.02775086796132506,0.0019438672409991824,1.8711192034533733e-05,22,22,52.5,29.4,27.8,50,85.1,0,0.0,0.345,12.912902161899988,77.56691399929372,12.915543277148144,77.5652519394033,"LINESTRING(77.566914 12.912902, 77.565252 12.915543)",30,19.7,No,0,0,0,Good,Low,3.21,1.0,0.0,21.5,Safe,SEG-00805,SEG_000000805,74.6,22,18.8,Aligned,22.0,56.9,Side Impact Potential,Urban,3,False,Mixed,Poor Infrastructure,Collector Rd Zone1-805,0,0.0,,False,20.1,22,0,0
806,Collector Rd Zone1-806,Collector,Aligned,9,9,Aligned,0.9073814160251968,0.9073814160251968,0.09008287577858037,0.0024725973582820854,6.311083794048724e-05,31,31,50.0,43.5,32.1,50,91.7,0,0.0,0.303,12.899731585123334,77.52724715434913,12.90152083125672,77.52514159580392,"LINESTRING(77.527247 12.899732, 77.525142 12.901521)",30,21.5,No,0,0,0,Good,Medium,2.4,0.96,4.0,21.6,Safe,SEG-00806,SEG_000000806,76.8,31,19.8,Aligned,31.3,67.5,Side Impact Potential,Urban,2,False,Commercial,Meets Safe System Standards,Collector Rd Zone1-806,0,0.15,Light,False,24.5,31,0,0
807,Collector Rd Zone1-807,Collector,Aligned,18,18,Aligned,0.498659978229366,0.498659978229366,0.4933220570046231,0.007559079456166866,0.0004588853098440432,40,40,50.0,60.0,46.6,50,90.7,0,0.303,0.587,12.90152083125672,77.52514159580392,12.902682512771625,77.52280341669439,"LINESTRING(77.525142 12.901521, 77.522803 12.902683)",30,53.7,No,0,0,1,Good,Low,2.58,0.65,35.0,28.5,Moderate Risk,SEG-00807,SEG_000000807,72.7,40,32.1,Moderate Misalignment,40.4,61.7,Side Impact Potential,Urban,2,False,Commercial,Meets Safe System Standards,Collector Rd Zone1-806,1,0.0,,False,36.2,40,0,0
808,Collector Rd Zone1-808,Collector,Aligned,12,12,Aligned,0.7792447404563685,0.7792447404563685,0.21017377037427307,0.010569888341721387,1.1600827637180677e-05,34,34,52.5,20.0,23.8,50,97.8,0,0.0,0.278,12.895701333010422,77.66931227988842,12.89602661992883,77.66676935574401,"LINESTRING(77.669312 12.895701, 77.666769 12.896027)",30,12.2,No,0,0,0,Poor,Medium,2.19,0.88,12.0,22.9,Safe,SEG-00808,SEG_000000808,70.6,34,22.3,Aligned,33.6,57.4,Side Impact Potential,Urban,3,False,Industrial,Poor Infrastructure,Collector Rd Zone1-808,0,0.0,,False,28.6,34,0,0
809,Collector Rd Zone1-809,Collector,Aligned,8,8,Aligned,0.9545950689096389,0.9545950689096389,0.04487670302803574,0.000500657626947514,2.7570435378029214e-05,39,39,50.0,44.7,36.9,50,72.5,0,0.0,0.359,12.92996044743942,77.51346200271054,12.927000055760764,77.51478207409826,"LINESTRING(77.513462 12.92996, 77.514782 12.927)",30,30.8,No,0,0,0,Good,Medium,2.76,0.7,30.0,26.4,Moderate Risk,SEG-00809,SEG_000000809,71.4,39,29.2,Moderate Misalignment,39.0,66.9,Side Impact Potential,Urban,2,False,Commercial,Active Congestion,Collector Rd Zone1-809,0,0.716,Severe,False,11.6,39,0,0
810,Collector Rd Zone1-810,Collector,Aligned,13,13,Aligned,0.7326103088396126,0.7326103088396126,0.2623522159365098,0.0049971219359489245,4.0353287928832576e-05,33,33,50.0,36.5,26.8,50,99.2,0,0.0,0.328,13.011415779270177,77.69395280285272,13.01372361711014,77.6958455672268,"LINESTRING(77.693953 13.011416, 77.695846 13.013724)",30,15.0,No,0,0,0,Good,Medium,2.39,0.9,10.0,21.3,Safe,SEG-00810,SEG_000000810,74.9,33,20.6,Aligned,33.0,61.4,Side Impact Potential,Urban,2,False,Residential,Meets Safe System Standards,Collector Rd Zone1-810,0,0.0,,False,30.5,33,0,0
811,Collector Rd Zone1-811,Collector,Aligned,8,8,Aligned,0.9364655659094798,0.9364655659094798,0.06038439192683316,0.003029702865800762,0.00012033929788614829,48,48,58.0,27.1,31.2,50,90.7,0,0.0,0.314,13.04921649319645,77.59200419695628,13.046404765785228,77.59225353686546,"LINESTRING(77.592004 13.049216, 77.592254 13.046405)",50,22.5,No,0,0,1,Poor,Low,3.1,1.0,0.0,23.2,Safe,SEG-00811,SEG_000000811,73.3,48,20.2,Aligned,48.5,66.1,Side Impact Potential,Urban,2,True,Mixed,Poor Infrastructure,Collector Rd Zone1-811,0,0.0,,False,43.8,48,0,0
812,Collector Rd Zone1-812,Collector,Aligned,8,8,Aligned,0.983020760926892,0.983020760926892,0.016478775383027604,0.0004790417859195404,2.142190416085228e-05,22,22,55.0,40.0,33.2,50,79.9,0,0.0,0.398,12.983481807496217,77.68211529709976,12.98115965323575,77.67932133294471,"LINESTRING(77.682115 12.983482, 77.679321 12.98116)",30,28.5,No,0,0,0,Good,High,2.86,1.0,0.0,22.0,Safe,SEG-00812,SEG_000000812,76.5,22,19.2,Aligned,22.0,57.4,Side Impact Potential,Urban,4,False,Mixed,Meets Safe System Standards,Collector Rd Zone1-812,0,0.186,Light,False,16.6,22,0,0
813,Collector Rd Zone1-813,Collector,Aligned,8,8,Aligned,0.984582288603538,0.984582288603538,0.014143936293579728,0.0012616309510063584,1.2144151875751119e-05,39,39,52.5,34.1,28.1,50,84.1,0,0.0,0.348,12.870279041511353,77.61069230337584,12.873185146291858,77.61188021883709,"LINESTRING(77.610692 12.870279, 77.61188 12.873185)",40,16.2,No,0,0,0,Poor,Low,2.74,1.0,0.0,20.9,Safe,SEG-00813,SEG_000000813,75.9,39,18.2,Aligned,39.3,64.0,Side Impact Potential,Urban,3,False,Mixed,Poor Infrastructure,Collector Rd Zone1-813,0,0.186,Light,False,29.4,39,0,0
814,Collector Rd Zone1-814,Collector,Aligned,8,8,Aligned,0.9743292416656566,0.9743292416656566,0.023918621776941228,0.0017145083801868926,3.762817721536865e-05,25,25,52.5,49.4,35.6,50,82.5,0,0.348,0.663,12.873185146291858,77.61188021883709,12.875601295680166,77.61339397184442,"LINESTRING(77.61188 12.873185, 77.613394 12.875601)",30,33.0,No,0,0,0,Good,High,2.29,1.0,0.0,21.5,Safe,SEG-00814,SEG_000000814,78.5,25,18.9,Aligned,24.6,62.0,Side Impact Potential,Urban,3,False,Commercial,Meets Safe System Standards,Collector Rd Zone1-813,1,0.191,Light,False,18.4,25,0,0
815,Collector Rd Zone1-815,Collector,Aligned,8,8,Aligned,0.9665055538373588,0.9665055538373588,0.03154191728819815,0.00193629240492578,1.623646951722101e-05,26,26,52.5,30.6,28.8,50,85.4,0,0.0,0.351,12.903405977836842,77.51907216832186,12.901586047699745,77.52172332475317,"LINESTRING(77.519072 12.903406, 77.521723 12.901586)",30,17.2,No,0,0,0,Good,High,2.1,1.0,0.0,21.7,Safe,SEG-00815,SEG_000000815,74.8,26,18.9,Aligned,26.2,63.7,Side Impact Potential,Urban,3,False,Commercial,Poor Infrastructure,Collector Rd Zone1-815,0,0.159,Light,False,20.3,26,0,0
816,Collector Rd Zone1-816,Collector,Aligned,8,8,Aligned,0.9240237182608824,0.9240237182608824,0.07433986089039163,0.0016196807265155635,1.6740122210500633e-05,42,42,55.0,36.5,26.8,50,92.3,0,0.0,0.361,12.90555613966544,77.6290883929889,12.906791839062125,77.62600639829684,"LINESTRING(77.629088 12.905556, 77.626006 12.906792)",40,15.3,No,0,0,0,Good,Medium,3.22,0.96,4.0,20.8,Safe,SEG-00816,SEG_000000816,75.7,42,19.4,Aligned,41.8,62.3,Side Impact Potential,Urban,4,False,Commercial,Meets Safe System Standards,Collector Rd Zone1-816,0,0.0,,False,34.9,42,0,0
817,Collector Rd Zone1-817,Collector,Aligned,8,8,Aligned,0.9777192779188589,0.9777192779188589,0.0220611382754064,0.00020423873695707252,1.5345068777352004e-05,36,36,58.0,55.3,44.5,50,89.1,0,0.0,0.345,12.969620347130192,77.52720763511142,12.971725518827242,77.52954184208303,"LINESTRING(77.527208 12.96962, 77.529542 12.971726)",40,46.1,No,0,0,1,Good,Low,3.38,1.0,0.0,24.1,Safe,SEG-00817,SEG_000000817,78.3,36,21.2,Aligned,35.7,61.4,Side Impact Potential,Urban,2,True,Commercial,Meets Safe System Standards,Collector Rd Zone1-817,0,0.0,,False,32.7,36,0,0
818,Collector Rd Zone1-818,Collector,Moderate Misalignment,26,26,Moderate Misalignment,0.9052206607546767,0.09368708899651465,0.9052206607546767,0.0010566454095997323,3.560483920919547e-05,34,34,50.0,48.2,45.5,50,98.5,0,0.0,0.274,12.957114417909336,77.69864094545905,12.959003440662627,77.70025951885263,"LINESTRING(77.698641 12.957114, 77.70026 12.959003)",30,52.0,No,0,0,1,Poor,Medium,2.66,0.86,14.0,27.2,Moderate Risk,SEG-00818,SEG_000000818,73.6,34,26.7,Moderate Misalignment,34.1,58.8,Side Impact Potential,Urban,2,False,Industrial,Meets Safe System Standards,Collector Rd Zone1-818,0,0.0,,False,31.0,34,0,0
819,Collector Rd Zone1-819,Collector,Aligned,8,8,Aligned,0.9740295476516797,0.9740295476516797,0.024529885253566672,0.0014268327506402362,1.3734344113267906e-05,26,26,52.5,24.7,27.5,50,84.4,0,0.2740000000000001,0.5680000000000001,12.959003440662627,77.70025951885263,12.961307093695094,77.70159521240434,"LINESTRING(77.70026 12.959003, 77.701595 12.961307)",30,19.4,No,0,0,1,Good,Medium,2.93,1.0,0.0,22.1,Safe,SEG-00819,SEG_000000819,73.4,26,19.3,Aligned,25.7,58.3,Side Impact Potential,Urban,3,False,Mixed,Poor Infrastructure,Collector Rd Zone1-818,1,0.171,Light,False,19.6,26,0,0