segment_id,road_name,road_type,risk_category,road_risk_score,segment_risk_score,ai_risk_label,ai_risk_probability,prob_low_risk,prob_medium_risk,prob_high_risk,prob_critical_risk,ai_recommended_speed,recommended_safe_speed,road_function_score,infrastructure_score,exposure_score,human_tolerance_limit,operating_speed_score,crash_risk_score,start_km,end_km,start_lat,start_lon,end_lat,end_lon,geometry,posted_speed_limit,pedestrian_exposure_score,blackspot_flag,crash_count,fatal_crashes,schools_count,lighting_quality,roadside_hazards,intersection_density,speed_compliance_rate,speed_violation_score,hotspot_score,hotspot_category,human_segment_id,internal_id,speed_safety_score,original_safe_speed,misalignment_score,misalignment_category,speed_p85,ptw_share_pct,exposure_tier,urban_rural_flag,lane_count,median_presence,land_use_type,top_ai_factors,corridor_base,corridor_seq,congestion_index,congestion_category,congestion_smoothed,operating_speed_mean,final_safe_speed,minor_crashes,major_crashes
820,Collector Rd Zone1-820,Collector,Aligned,8,8,Aligned,0.9576761549581724,0.9576761549581724,0.041534376638533925,0.0007674581744546711,2.2010228838855747e-05,29,29,55.0,9.4,24.9,50,88.6,0,0.0,0.304,12.978338900922592,77.49038969936451,12.977627955717034,77.48767891403602,"LINESTRING(77.49039 12.978339, 77.487679 12.977628)",30,9.1,No,0,0,0,Poor,Low,2.73,1.0,0.0,23.4,Safe,SEG-00820,SEG_000000820,69.7,29,20.3,Aligned,28.6,66.5,Side Impact Potential,Urban,4,False,Residential,Poor Infrastructure,Collector Rd Zone1-820,0,0.163,Light,False,22.4,29,0,0
821,Collector Rd Zone1-821,Collector,Moderate Misalignment,26,26,Moderate Misalignment,0.9048652867809477,0.09173656770125353,0.9048652867809477,0.003394047069729185,4.098448069632037e-06,38,38,52.5,9.4,24.5,50,97.9,0,0.0,0.333,12.962502338154122,77.65755878172855,12.9614287347709,77.66042886123262,"LINESTRING(77.657559 12.962502, 77.660429 12.961429)",30,8.7,No,0,0,0,Poor,Low,3.04,0.75,25.0,26.4,Moderate Risk,SEG-00821,SEG_000000821,65.0,38,28.1,Moderate Misalignment,37.6,65.1,Side Impact Potential,Urban,3,False,Residential,Poor Infrastructure,Collector Rd Zone1-821,0,0.0,,False,31.4,38,0,0
822,Collector Rd Zone1-822,Collector,Aligned,8,8,Aligned,0.9796493941713024,0.9796493941713024,0.02016690170733422,0.0001698290744840604,1.387504687951878e-05,26,26,55.0,32.9,44.2,50,70.5,0,0.0,0.373,12.914172175816612,77.60162267385398,12.914846303704794,77.5982513930856,"LINESTRING(77.601623 12.914172, 77.598251 12.914846)",40,51.9,No,0,0,1,Good,High,2.86,1.0,0.0,27.4,Moderate Risk,SEG-00822,SEG_000000822,72.2,26,24.0,Aligned,26.2,58.2,Side Impact Potential,Urban,4,False,Mixed,Poor Infrastructure,Collector Rd Zone1-822,0,0.156,Light,False,20.3,26,0,0
823,Collector Rd Zone1-823,Collector,Aligned,15,25,Aligned,0.7747582974360685,0.7747582974360685,0.22333650048768047,0.001885712398142291,1.948967810876451e-05,29,27,55.0,20.0,30.6,50,91.2,10,0.0,0.321,12.977314333588138,77.69541509775165,12.975464717056571,77.69768580270267,"LINESTRING(77.695415 12.977314, 77.697686 12.975465)",30,23.2,No,1,0,0,Good,Medium,2.41,1.0,0.0,26.5,Moderate Risk,SEG-00823,SEG_000000823,69.5,29,20.9,Aligned,29.1,61.0,Side Impact Potential,Urban,4,False,Industrial,Poor Infrastructure,Collector Rd Zone1-823,0,0.0,,False,24.1,27,1,0
824,Collector Rd Zone1-824,Collector,Moderate Misalignment,27,27,Moderate Misalignment,0.9225680282335448,0.051877440360979375,0.9225680282335448,0.025527722609626234,2.6808795849567398e-05,30,30,52.5,64.7,52.6,30,82.5,0,0.0,0.27,12.97235047868781,77.52577063111828,12.971401933308044,77.52806547012447,"LINESTRING(77.525771 12.97235, 77.528065 12.971402)",50,66.2,No,0,0,1,Good,Medium,2.85,1.0,0.0,36.2,Moderate Risk,SEG-00824,SEG_000000824,63.7,30,48.7,Moderate Misalignment,42.4,63.7,Significant Pedestrian Interaction,Urban,3,False,Industrial,High Pedestrian Interaction | Above Human Tolerance Limit,Collector Rd Zone1-824,0,0.0,,False,38.3,30,0,0
825,Collector Rd Zone1-825,Collector,Aligned,8,8,Aligned,0.9610365890206902,0.9610365890206902,0.03824887429401395,0.000711125375142324,3.4113101533893105e-06,37,37,55.0,25.9,24.6,50,69.1,0,0.0,0.39,12.923622066846162,77.64751161000868,12.923930398003453,77.6510985854421,"LINESTRING(77.647512 12.923622, 77.651099 12.92393)",30,13.8,No,0,0,0,Good,Low,2.52,0.76,24.0,23.8,Safe,SEG-00825,SEG_000000825,69.9,37,25.5,Moderate Misalignment,37.1,58.0,Side Impact Potential,Urban,4,False,Commercial,Active Congestion | Poor Infrastructure,Collector Rd Zone1-825,0,0.763,Severe,False,9.4,37,0,0
826,Collector Rd Zone1-826,Collector,Moderate Misalignment,27,27,Moderate Misalignment,0.9646911032822124,0.03436735717481808,0.9646911032822124,0.0009335919366982576,7.947606271206858e-06,49,49,55.0,0.0,26.1,50,99.0,0,0.0,0.384,13.031235343497174,77.52706653207207,13.034689907028186,77.5270404628684,"LINESTRING(77.527067 13.031235, 77.52704 13.03469)",40,12.2,No,0,0,0,Good,Medium,2.57,0.78,22.0,29.0,Moderate Risk,SEG-00826,SEG_000000826,61.3,49,31.2,Moderate Misalignment,48.9,64.8,Side Impact Potential,Urban,4,False,Commercial,Poor Infrastructure,Collector Rd Zone1-826,0,0.0,,False,39.4,49,0,0
827,Collector Rd Zone1-827,Collector,Aligned,10,10,Aligned,0.8471163866346574,0.8471163866346574,0.14995968250449332,0.0028903975928254383,3.353326802391156e-05,20,20,50.0,17.6,27.6,50,63.9,0,0.0,0.322,12.877667717696209,77.61874888824175,12.880196294961744,77.62019998661485,"LINESTRING(77.618749 12.877668, 77.6202 12.880196)",30,14.7,No,0,0,0,Good,High,2.58,1.0,0.0,23.2,Safe,SEG-00827,SEG_000000827,71.4,20,20.2,Aligned,19.9,64.8,Side Impact Potential,Urban,2,False,Residential,Active Congestion | Poor Infrastructure,Collector Rd Zone1-827,0,0.712,Severe,False,5.9,20,0,0
828,Collector Rd Zone1-828,Collector,Aligned,11,11,Aligned,0.7999009050935426,0.7999009050935426,0.19764782389054097,0.002390261721525186,6.100929439127725e-05,44,44,52.5,27.1,31.3,50,93.2,0,0.0,0.267,12.902398108409852,77.56217676288617,12.900126726284494,77.56138424517812,"LINESTRING(77.562177 12.902398, 77.561384 12.900127)",40,21.0,No,0,0,0,Good,Low,2.26,0.9,10.0,24.8,Safe,SEG-00828,SEG_000000828,70.8,44,24.3,Aligned,43.9,64.7,Side Impact Potential,Urban,3,False,Residential,Poor Infrastructure,Collector Rd Zone1-828,0,0.0,,False,35.4,44,0,0
829,Collector Rd Zone1-829,Collector,Aligned,9,9,Aligned,0.8890554329804606,0.8890554329804606,0.10853795185951808,0.002381996167954625,2.4618992066595672e-05,49,49,50.0,27.1,27.4,50,93.7,0,0.267,0.637,12.900126726284494,77.56138424517812,12.896846825664465,77.56083121314474,"LINESTRING(77.561384 12.900127, 77.560831 12.896847)",40,18.0,No,0,0,0,Poor,High,2.64,0.78,22.0,25.4,Moderate Risk,SEG-00829,SEG_000000829,68.5,49,28.2,Moderate Misalignment,49.0,58.7,Side Impact Potential,Urban,2,False,Residential,Poor Infrastructure,Collector Rd Zone1-828,1,0.216,Light,False,35.8,49,0,0
830,Collector Rd Zone1-830,Collector,Aligned,8,8,Aligned,0.9627206454767304,0.9627206454767304,0.03615758013615228,0.0010313584244692215,9.041596264795943e-05,26,26,52.5,23.5,27.5,50,87.0,0,0.0,0.311,13.046839327266095,77.51533749052024,13.048991810271016,77.51350780903522,"LINESTRING(77.515337 13.046839, 77.513508 13.048992)",30,15.3,No,0,0,0,Good,Low,2.25,1.0,0.0,22.3,Safe,SEG-00830,SEG_000000830,73.1,26,19.4,Aligned,26.3,64.6,Side Impact Potential,Urban,3,False,Commercial,Poor Infrastructure,Collector Rd Zone1-830,0,0.0,,False,21.3,26,0,0
831,Collector Rd Zone1-831,Collector,Moderate Misalignment,20,20,Moderate Misalignment,0.6172796469047084,0.37826574518244893,0.6172796469047084,0.0026919229773064517,0.001762684935536249,28,28,50.0,47.1,46.2,50,92.6,0,0.0,0.295,13.05208750464591,77.56117892853507,13.050601444344167,77.56343378922445,"LINESTRING(77.561179 13.052088, 77.563434 13.050601)",30,52.3,No,0,0,1,Poor,Low,2.81,1.0,0.0,26.0,Moderate Risk,SEG-00831,SEG_000000831,75.7,28,22.8,Aligned,28.5,57.1,Side Impact Potential,Urban,2,False,Mixed,Meets Safe System Standards,Collector Rd Zone1-831,0,0.0,,False,25.1,28,0,0
832,Collector Rd Zone1-832,Collector,Aligned,7,7,Aligned,0.9856246405402946,0.9856246405402946,0.012512390541474126,0.0018579199181592762,5.049000071796784e-06,26,26,63.0,27.1,24.4,50,86.5,0,0.0,0.376,13.031969873062096,77.61820755550292,13.035179246769886,77.61712127339221,"LINESTRING(77.618208 13.03197, 77.617121 13.035179)",30,14.2,No,0,0,0,Good,High,3.25,1.0,0.0,20.6,Safe,SEG-00832,SEG_000000832,74.7,26,17.9,Aligned,26.4,56.5,Side Impact Potential,Urban,4,True,Mixed,Poor Infrastructure,Collector Rd Zone1-832,0,0.13,Light,False,21.0,26,0,0
833,Collector Rd Zone2-833,Collector,Aligned,8,8,Aligned,0.9820123942261246,0.9820123942261246,0.017783576401662445,0.00020088996348078376,3.1394087321447968e-06,28,28,50.0,4.7,18.5,50,88.1,0,0.0,0.388,13.02664392855266,77.70625928116678,13.027967759430796,77.70294951355194,"LINESTRING(77.706259 13.026644, 77.70295 13.027968)",30,3.2,No,0,0,0,Good,Low,2.43,1.0,0.0,21.6,Safe,SEG-00833,SEG_000000833,69.7,28,18.7,Aligned,28.0,56.0,Side Impact Potential,Peri-Urban,2,False,Residential,Poor Infrastructure,Collector Rd Zone2-833,0,0.139,Light,False,22.1,28,0,0
834,Collector Rd Zone2-834,Collector,Aligned,8,8,Aligned,0.9632487903384914,0.9632487903384914,0.035743478397439576,0.0009807863414500939,2.694492261882612e-05,23,23,55.0,45.9,35.9,50,84.8,0,0.0,0.395,13.033456635761922,77.44657392079614,13.033785549619989,77.45020704330142,"LINESTRING(77.446574 13.033457, 77.450207 13.033786)",30,36.3,No,0,0,1,Good,High,2.11,1.0,0.0,22.1,Safe,SEG-00834,SEG_000000834,77.5,23,19.4,Aligned,23.0,51.5,Side Impact Potential,Peri-Urban,4,False,Residential,Meets Safe System Standards,Collector Rd Zone2-834,0,0.0,,False,19.9,23,0,0
835,Collector Rd Zone2-835,Collector,Aligned,8,8,Aligned,0.9768831517194028,0.9768831517194028,0.022572277141833526,0.000541103579409103,3.4675593543542023e-06,20,20,55.0,25.9,24.3,50,80.0,0,0.0,0.367,12.844821839061304,77.65332618921018,12.844759008584935,77.65670715954423,"LINESTRING(77.653326 12.844822, 77.656707 12.844759)",30,16.5,No,0,0,0,Good,Low,2.26,1.0,0.0,20.7,Safe,SEG-00835,SEG_000000835,74.4,20,18.0,Aligned,19.8,52.6,Side Impact Potential,Peri-Urban,4,False,Industrial,Poor Infrastructure,Collector Rd Zone2-835,0,0.0,,False,16.7,20,0,0
836,Collector Rd Zone2-836,Collector,Moderate Misalignment,24,24,Moderate Misalignment,0.7853159637457303,0.20724466324985705,0.7853159637457303,0.007209981767842304,0.00022939123657038442,30,30,52.5,42.4,44.6,30,80.7,0,0.0,0.4,13.010296819430046,77.76267723017885,13.013891104260985,77.76277704066167,"LINESTRING(77.762677 13.010297, 77.762777 13.013891)",40,56.2,No,0,0,1,Good,Low,1.69,1.0,0.0,31.2,Moderate Risk,SEG-00836,SEG_000000836,67.0,30,35.8,Moderate Misalignment,31.7,48.4,Significant Pedestrian Interaction,Peri-Urban,3,False,Industrial,High Pedestrian Interaction | Above Human Tolerance Limit,Collector Rd Zone2-836,0,0.0,,False,27.2,30,0,0
837,Collector Rd Zone2-837,Collector,Aligned,8,8,Aligned,0.9787446529748614,0.9787446529748614,0.020451343000301853,0.0007913461785446842,1.26578462922086e-05,21,21,52.5,30.6,31.0,50,79.6,0,0.0,0.31,12.849369338484909,77.57962261450969,12.850394098737723,77.57696369535086,"LINESTRING(77.579623 12.849369, 77.576964 12.850394)",30,27.1,No,0,0,0,Poor,Medium,2.2,1.0,0.0,22.6,Safe,SEG-00837,SEG_000000837,74.3,21,19.7,Aligned,21.3,51.6,Side Impact Potential,Peri-Urban,3,False,Residential,Poor Infrastructure,Collector Rd Zone2-837,0,0.17,Light,False,16.4,21,0,0
838,Collector Rd Zone2-838,Collector,Aligned,8,8,Aligned,0.973060250652542,0.973060250652542,0.026555848247559553,0.00036285313051678234,2.104796938158196e-05,30,30,55.0,54.1,37.4,50,76.0,0,0.0,0.322,13.022170410823298,77.72292204684547,13.023144283569016,77.72572528947468,"LINESTRING(77.722922 13.02217, 77.725725 13.023144)",40,34.9,No,0,0,0,Good,Low,2.5,1.0,0.0,21.5,Safe,SEG-00838,SEG_000000838,79.5,30,18.9,Aligned,30.3,57.9,Side Impact Potential,Peri-Urban,4,False,Industrial,Meets Safe System Standards,Collector Rd Zone2-838,0,0.14,Light,False,24.0,30,0,0
839,Collector Rd Zone2-839,Collector,Aligned,14,14,Aligned,0.682483529056695,0.682483529056695,0.3120655067598206,0.0054358487741321924,1.5115409352198721e-05,44,44,52.5,14.1,22.5,50,99.9,0,0.0,0.311,12.915125566592865,77.44713963660813,12.917906925769987,77.44683337083096,"LINESTRING(77.44714 12.915126, 77.446833 12.917907)",40,11.5,No,0,0,0,Poor,Low,2.37,0.9,10.0,23.3,Safe,SEG-00839,SEG_000000839,69.1,44,22.8,Aligned,43.8,55.4,Side Impact Potential,Peri-Urban,3,False,Commercial,Poor Infrastructure,Collector Rd Zone2-839,0,0.0,,False,40.1,44,0,0
840,Collector Rd Zone2-840,Collector,Moderate Misalignment,24,24,Moderate Misalignment,0.7812513892405721,0.21724350154460667,0.7812513892405721,0.0014363854677344147,6.872374708679531e-05,50,50,50.0,32.9,44.8,50,95.3,0,0.0,0.321,12.955684555745709,77.46651312668547,12.955767441493162,77.46355380251711,"LINESTRING(77.466513 12.955685, 77.463554 12.955767)",40,49.3,No,0,0,1,Good,Medium,2.0,0.7,30.0,32.6,Moderate Risk,SEG-00840,SEG_000000840,64.6,50,36.7,Moderate Misalignment,52.1,61.2,Side Impact Potential,Peri-Urban,2,False,Residential,Poor Infrastructure,Collector Rd Zone2-840,0,0.0,,False,43.1,50,0,0
841,Collector Rd Zone2-841,Collector,Aligned,15,15,Aligned,0.5998062791609838,0.5998062791609838,0.39666125557807186,0.003514901457242827,1.7563803701537343e-05,49,49,50.0,0.0,24.3,50,65.2,0,0.0,0.387,12.853255184705588,77.62268638410846,12.852402135053614,77.62614723245342,"LINESTRING(77.622686 12.853255, 77.626147 12.852402)",40,14.2,No,0,0,0,Good,Medium,1.87,0.78,22.0,28.2,Moderate Risk,SEG-00841,SEG_000000841,61.8,49,30.3,Moderate Misalignment,48.6,54.8,Side Impact Potential,Peri-Urban,2,False,Commercial,Active Congestion | Poor Infrastructure,Collector Rd Zone2-841,0,0.655,Severe,False,16.8,49,0,0
842,Collector Rd Zone2-842,Collector,Moderate Misalignment,24,24,Moderate Misalignment,0.823587389683236,0.1742079816495601,0.823587389683236,0.00218652683015882,1.8101837045118458e-05,45,45,52.5,21.2,27.9,50,96.6,0,0.0,0.392,12.952372808452267,77.72371573709147,12.952268020400163,77.72733417309975,"LINESTRING(77.723716 12.952373, 77.727334 12.952268)",40,17.6,No,0,0,0,Good,Medium,2.69,0.87,13.0,24.9,Safe,SEG-00842,SEG_000000842,69.1,45,25.2,Moderate Misalignment,45.2,60.1,Side Impact Potential,Peri-Urban,3,False,Residential,Poor Infrastructure,Collector Rd Zone2-842,0,0.0,,False,37.7,45,0,0
843,Collector Rd Zone2-843,Collector,Aligned,13,13,Aligned,0.6902513989782788,0.6902513989782788,0.3067589366858187,0.002977003576064853,1.2660759837506109e-05,39,39,52.5,10.6,22.6,50,92.1,0,0.0,0.275,13.04254361744522,77.48985866366128,13.040551831159643,77.49135952425803,"LINESTRING(77.489859 13.042544, 77.49136 13.040552)",30,12.9,No,0,0,0,Good,High,2.64,0.71,29.0,25.9,Moderate Risk,SEG-00843,SEG_000000843,65.1,39,28.3,Moderate Misalignment,38.6,52.7,Side Impact Potential,Peri-Urban,3,False,Mixed,Poor Infrastructure,Collector Rd Zone2-843,0,0.0,,False,35.3,39,0,0
844,Collector Rd Zone2-844,Collector,Moderate Misalignment,25,25,Moderate Misalignment,0.8356609089417271,0.1569501319004226,0.8356609089417271,0.0073808584037658885,8.10075408446368e-06,49,49,63.0,16.5,22.8,50,98.0,0,0.0,0.378,13.011581551555366,77.75838153023808,13.014532675200089,77.75665152492843,"LINESTRING(77.758382 13.011582, 77.756652 13.014533)",40,14.1,No,0,0,0,Good,Low,1.99,0.77,23.0,25.4,Moderate Risk,SEG-00844,SEG_000000844,66.3,49,28.3,Moderate Misalignment,49.3,52.0,Side Impact Potential,Peri-Urban,4,True,Residential,Poor Infrastructure,Collector Rd Zone2-844,0,0.159,Light,False,38.7,49,0,0
845,Collector Rd Zone2-845,Collector,Aligned,7,7,Aligned,0.9903845051127935,0.9903845051127935,0.009240250081694882,0.0003735203603212871,1.7244451903498201e-06,22,22,50.0,0.0,17.8,50,82.1,0,0.378,0.636,13.014532675200089,77.75665152492843,13.016333527483756,77.75514969218004,"LINESTRING(77.756652 13.014533, 77.75515 13.016334)",30,6.0,No,0,0,0,Poor,High,2.16,1.0,0.0,22.1,Safe,SEG-00845,SEG_000000845,68.5,22,19.1,Aligned,22.0,48.4,Side Impact Potential,Peri-Urban,2,False,Residential,Poor Infrastructure,Collector Rd Zone2-844,1,0.0,,False,18.1,22,0,0
846,Collector Rd Zone2-846,Collector,Aligned,10,10,Aligned,0.8655477368866834,0.8655477368866834,0.13214889035903238,0.002249835005141578,5.353774914265162e-05,44,44,50.0,32.9,31.9,50,95.5,0,0.0,0.368,12.876121974942796,77.50383966687478,12.876328963924896,77.50045226951403,"LINESTRING(77.50384 12.876122, 77.500452 12.876329)",40,27.7,No,0,0,0,Good,Medium,2.33,0.9,10.0,24.2,Safe,SEG-00846,SEG_000000846,72.3,44,23.8,Aligned,43.9,54.7,Side Impact Potential,Peri-Urban,2,False,Mixed,Poor Infrastructure,Collector Rd Zone2-846,0,0.0,,False,37.0,44,0,0
847,Collector Rd Zone2-847,Collector,Moderate Misalignment,24,24,Moderate Misalignment,0.8406576068326842,0.15658699728573866,0.8406576068326842,0.0027452010390690467,1.0194842508138288e-05,50,50,55.0,14.1,21.3,50,96.6,0,0.0,0.362,12.821824738661803,77.65409129615537,12.824153154730029,77.651751770122,"LINESTRING(77.654091 12.821825, 77.651752 12.824153)",40,7.6,No,0,0,0,Good,High,2.26,0.71,29.0,26.1,Moderate Risk,SEG-00847,SEG_000000847,64.6,50,30.4,Moderate Misalignment,51.5,57.3,Side Impact Potential,Peri-Urban,4,False,Industrial,Poor Infrastructure,Collector Rd Zone2-847,0,0.0,,False,42.3,50,0,0
848,Collector Rd Zone2-848,Collector,Aligned,9,9,Aligned,0.9176626490873749,0.9176626490873749,0.08058822213923597,0.001732372749264539,1.675602412462626e-05,25,25,55.0,28.2,26.6,50,89.8,0,0.0,0.326,12.933403487697708,77.75627724917028,12.935567679119773,77.7583068699602,"LINESTRING(77.756277 12.933403, 77.758307 12.935568)",30,20.4,No,0,0,0,Poor,Low,1.73,1.0,0.0,21.2,Safe,SEG-00848,SEG_000000848,74.5,25,18.5,Aligned,25.4,50.2,Side Impact Potential,Peri-Urban,4,False,Industrial,Poor Infrastructure,Collector Rd Zone2-848,0,0.0,,False,23.2,25,0,0
849,Collector Rd Zone2-849,Collector,Aligned,17,17,Aligned,0.551714095576692,0.551714095576692,0.4291657744973833,0.019097069448032956,2.3060477891711944e-05,31,31,55.0,9.4,22.8,50,97.8,0,0.0,0.288,12.852938500868287,77.68892887936417,12.853532493320111,77.68634646772664,"LINESTRING(77.688929 12.852939, 77.686346 12.853532)",30,14.2,No,0,0,0,Poor,Medium,2.01,0.96,4.0,23.2,Safe,SEG-00849,SEG_000000849,69.3,31,21.0,Aligned,31.3,49.5,Side Impact Potential,Peri-Urban,4,False,Commercial,Poor Infrastructure,Collector Rd Zone2-849,0,0.0,,False,28.6,31,0,0
850,Collector Rd Zone2-850,Collector,Aligned,8,8,Aligned,0.9377003829387263,0.9377003829387263,0.06141829752297638,0.0008653726351405004,1.5946903156737206e-05,25,25,50.0,9.4,21.0,50,87.5,0,0.2879999999999999,0.6399999999999999,12.853532493320111,77.68634646772664,12.854689196125996,77.6833194793036,"LINESTRING(77.686346 12.853532, 77.683319 12.854689)",30,12.1,No,0,0,0,Poor,Low,2.21,1.0,0.0,21.9,Safe,SEG-00850,SEG_000000850,70.5,25,19.0,Aligned,24.9,49.7,Side Impact Potential,Peri-Urban,2,False,Residential,Poor Infrastructure,Collector Rd Zone2-849,1,0.0,,False,21.7,25,0,0
851,Collector Rd Zone2-851,Collector,Moderate Misalignment,19,19,Moderate Misalignment,0.555434366552978,0.4421069059982321,0.555434366552978,0.0024478306806198506,1.0896768170026644e-05,50,50,52.5,0.0,24.5,50,93.6,0,0.0,0.388,13.005722571997897,77.47472690546489,13.00910884073514,77.4738492523773,"LINESTRING(77.474727 13.005723, 77.473849 13.009109)",40,13.3,No,0,0,0,Poor,Low,2.06,0.74,26.0,28.9,Moderate Risk,SEG-00851,SEG_000000851,60.8,50,32.0,Moderate Misalignment,50.2,58.3,Side Impact Potential,Peri-Urban,3,False,Commercial,Poor Infrastructure,Collector Rd Zone2-851,0,0.0,,False,44.2,50,0,0
852,Collector Rd Zone2-852,Collector,Aligned,8,8,Aligned,0.9810606786571641,0.9810606786571641,0.01816637756752309,0.0007671691950298677,5.774580282973269e-06,21,21,55.0,0.0,20.3,50,82.7,0,0.0,0.265,12.885373275444351,77.49003884637264,12.88302609399102,77.49043691347455,"LINESTRING(77.490039 12.885373, 77.490437 12.883026)",30,5.1,No,0,0,0,Poor,Low,2.4,1.0,0.0,23.1,Safe,SEG-00852,SEG_000000852,68.0,21,20.0,Aligned,20.8,58.8,Side Impact Potential,Peri-Urban,4,False,Residential,Poor Infrastructure,Collector Rd Zone2-852,0,0.0,,False,18.5,21,0,0
853,Collector Rd Zone2-853,Collector,Aligned,11,11,Aligned,0.8063747418840884,0.8063747418840884,0.19052631063905787,0.003067252518802837,3.1694958050846763e-05,42,42,55.0,35.3,29.4,50,94.5,0,0.265,0.647,12.88302609399102,77.49043691347455,12.879670776724929,77.49119372841243,"LINESTRING(77.490437 12.883026, 77.491194 12.879671)",40,24.6,No,0,0,0,Poor,Medium,1.99,0.96,4.0,21.9,Safe,SEG-00853,SEG_000000853,74.9,42,20.2,Aligned,41.6,56.3,Side Impact Potential,Peri-Urban,4,False,Industrial,Meets Safe System Standards,Collector Rd Zone2-852,1,0.0,,False,36.3,42,0,0
854,Collector Rd Zone2-854,Collector,Aligned,8,8,Aligned,0.9507902296642856,0.9507902296642856,0.048068821448184716,0.0011331473562581286,7.801531271750319e-06,36,36,52.5,5.9,23.4,50,80.1,0,0.0,0.296,12.84944796725919,77.70825344010422,12.852086393722386,77.70791103007724,"LINESTRING(77.708253 12.849448, 77.707911 12.852086)",40,15.3,No,0,0,0,Poor,Medium,2.07,1.0,0.0,23.4,Safe,SEG-00854,SEG_000000854,69.0,36,20.3,Aligned,35.7,52.1,Side Impact Potential,Peri-Urban,3,False,Residential,Poor Infrastructure,Collector Rd Zone2-854,0,0.188,Light,False,26.7,36,0,0
855,Collector Rd Zone2-855,Collector,Aligned,8,8,Aligned,0.956923428835275,0.956923428835275,0.041778310986914584,0.0012933950932308173,4.865084579580783e-06,25,25,52.5,11.8,22.1,50,85.7,0,0.296,0.597,12.852086393722386,77.70791103007724,12.854792072214575,77.70801191062979,"LINESTRING(77.707911 12.852086, 77.708012 12.854792)",30,13.0,No,0,0,0,Poor,Low,2.16,1.0,0.0,22.0,Safe,SEG-00855,SEG_000000855,70.9,25,19.1,Aligned,25.4,50.4,Side Impact Potential,Peri-Urban,3,False,Mixed,Poor Infrastructure,Collector Rd Zone2-854,1,0.0,,False,20.5,25,0,0
856,Collector Rd Zone2-856,Collector,Aligned,8,8,Aligned,0.9601605406944479,0.9601605406944479,0.03890891827466971,0.0009134266918479048,1.7114339034598548e-05,36,36,52.5,14.1,28.7,50,80.4,0,0.0,0.357,13.046197786598736,77.45451137972813,13.04937423262774,77.45501613079222,"LINESTRING(77.454511 13.046198, 77.455016 13.049374)",40,22.1,No,0,0,1,Good,Low,1.94,1.0,0.0,24.2,Safe,SEG-00856,SEG_000000856,70.2,36,21.0,Aligned,35.6,54.2,Side Impact Potential,Peri-Urban,3,False,Residential,Poor Infrastructure,Collector Rd Zone2-856,0,0.178,Light,False,26.9,36,0,0
857,Collector Rd Zone2-857,Collector,Aligned,8,8,Aligned,0.9699727622579783,0.9699727622579783,0.029317977061031168,0.0006980456197204216,1.1215061270136197e-05,26,26,50.0,36.5,28.3,50,71.0,0,0.0,0.255,13.106860039413377,77.64477875839621,13.105531843854456,77.64669811989866,"LINESTRING(77.644779 13.10686, 77.646698 13.105532)",40,20.1,No,0,0,0,Good,High,2.53,1.0,0.0,20.6,Safe,SEG-00857,SEG_000000857,76.5,26,18.0,Aligned,26.3,56.7,Side Impact Potential,Peri-Urban,2,False,Residential,Meets Safe System Standards,Collector Rd Zone2-857,0,0.145,Light,False,20.7,26,0,0
858,Collector Rd Zone2-858,Collector,Aligned,8,8,Aligned,0.9627707777075669,0.9627707777075669,0.036573028310948864,0.0006513866807109191,4.807300773110921e-06,30,30,55.0,0.0,22.7,50,76.9,0,0.255,0.647,13.105531843854456,77.64669811989866,13.10367096641969,77.64977571586269,"LINESTRING(77.646698 13.105532, 77.649776 13.103671)",40,9.0,No,0,0,0,Poor,Low,2.23,1.0,0.0,24.0,Safe,SEG-00858,SEG_000000858,67.5,30,20.8,Aligned,29.5,59.4,Side Impact Potential,Peri-Urban,4,False,Mixed,Poor Infrastructure,Collector Rd Zone2-857,1,0.0,,False,24.6,30,0,0
859,Collector Rd Zone2-859,Collector,Moderate Misalignment,19,19,Moderate Misalignment,0.5672745989819776,0.4301748445715148,0.5672745989819776,0.00253933642877113,1.1220017736549772e-05,50,50,52.5,20.0,20.7,50,94.5,0,0.0,0.384,12.963847515329812,77.76079661021939,12.96615451633052,77.75816540844374,"LINESTRING(77.760797 12.963848, 77.758165 12.966155)",40,10.0,No,0,0,0,Poor,Low,2.13,0.76,24.0,24.2,Safe,SEG-00859,SEG_000000859,67.5,50,27.5,Moderate Misalignment,49.6,52.2,Side Impact Potential,Peri-Urban,3,False,Commercial,Poor Infrastructure,Collector Rd Zone2-859,0,0.0,,False,43.6,50,0,0