segment_id,road_name,road_type,risk_category,road_risk_score,segment_risk_score,ai_risk_label,ai_risk_probability,prob_low_risk,prob_medium_risk,prob_high_risk,prob_critical_risk,ai_recommended_speed,recommended_safe_speed,road_function_score,infrastructure_score,exposure_score,human_tolerance_limit,operating_speed_score,crash_risk_score,start_km,end_km,start_lat,start_lon,end_lat,end_lon,geometry,posted_speed_limit,pedestrian_exposure_score,blackspot_flag,crash_count,fatal_crashes,schools_count,lighting_quality,roadside_hazards,intersection_density,speed_compliance_rate,speed_violation_score,hotspot_score,hotspot_category,human_segment_id,internal_id,speed_safety_score,original_safe_speed,misalignment_score,misalignment_category,speed_p85,ptw_share_pct,exposure_tier,urban_rural_flag,lane_count,median_presence,land_use_type,top_ai_factors,corridor_base,corridor_seq,congestion_index,congestion_category,congestion_smoothed,operating_speed_mean,final_safe_speed,minor_crashes,major_crashes
860,Collector Rd Zone2-860,Collector,Moderate Misalignment,25,25,Moderate Misalignment,0.8498677588020196,0.1483441733813746,0.8498677588020196,0.0017713127043632116,1.6755112242770096e-05,45,45,52.5,10.6,27.5,50,99.3,0,0.0,0.254,12.998372589154668,77.44690025385887,12.998434428425192,77.44924832256063,"LINESTRING(77.4469 12.998373, 77.449248 12.998434)",40,19.1,No,0,0,0,Poor,High,1.69,0.88,12.0,26.2,Moderate Risk,SEG-00860,SEG_000000860,66.6,45,25.9,Moderate Misalignment,44.6,57.0,Side Impact Potential,Peri-Urban,3,False,Industrial,Poor Infrastructure,Collector Rd Zone2-860,0,0.0,,False,39.5,45,0,0
861,Collector Rd Zone2-861,Collector,Aligned,8,8,Aligned,0.9613965049891432,0.9613965049891432,0.03693679762064855,0.001654767161266071,1.1930228941990155e-05,32,32,55.0,17.6,25.1,50,85.4,0,0.0,0.322,12.866687229499329,77.47161337646176,12.866577994981936,77.46864398667508,"LINESTRING(77.471613 12.866687, 77.468644 12.866578)",40,14.8,No,0,0,0,Poor,Medium,1.66,1.0,0.0,22.2,Safe,SEG-00861,SEG_000000861,71.9,32,19.3,Aligned,32.0,58.2,Side Impact Potential,Peri-Urban,4,False,Residential,Poor Infrastructure,Collector Rd Zone2-861,0,0.0,,False,30.3,32,0,0
862,Collector Rd Zone2-862,Collector,Moderate Misalignment,27,27,Moderate Misalignment,0.9083584357200888,0.07837947989972094,0.9083584357200888,0.013089844026501337,0.00017224035368912504,29,29,55.0,48.2,51.1,30,77.0,0,0.0,0.303,13.01785358274553,77.74562238368773,13.01993161072143,77.74381401122899,"LINESTRING(77.745622 13.017854, 77.743814 13.019932)",40,65.8,No,0,0,2,Good,Medium,2.18,1.0,0.0,32.9,Moderate Risk,SEG-00862,SEG_000000862,67.3,29,37.3,Moderate Misalignment,29.1,56.6,Significant Pedestrian Interaction,Peri-Urban,4,False,Mixed,High Pedestrian Interaction | Above Human Tolerance Limit,Collector Rd Zone2-862,0,0.0,,False,24.6,29,0,0
863,Collector Rd Zone2-863,Collector,Aligned,8,8,Aligned,0.9793655845447653,0.9793655845447653,0.01926448464688691,0.0013546566526274203,1.5274155720497447e-05,23,23,55.0,10.6,27.1,50,83.5,0,0.3029999999999999,0.575,13.01993161072143,77.74381401122899,13.021867130913895,77.74228462156545,"LINESTRING(77.743814 13.019932, 77.742285 13.021867)",30,19.8,No,0,0,0,Poor,Low,2.38,1.0,0.0,24.1,Safe,SEG-00863,SEG_000000863,69.6,23,20.9,Aligned,22.8,56.2,Side Impact Potential,Peri-Urban,4,False,Commercial,Poor Infrastructure,Collector Rd Zone2-862,1,0.0,,False,19.0,23,0,0
864,Collector Rd Zone2-864,Collector,Aligned,9,9,Aligned,0.9114639017206689,0.9114639017206689,0.08714719179235404,0.0013720777569291164,1.682873004807337e-05,28,28,50.0,0.0,22.6,50,88.5,0,0.0,0.282,13.12434395071378,77.51084717547842,13.123090934156677,77.51311260473827,"LINESTRING(77.510847 13.124344, 77.513113 13.123091)",30,7.5,No,0,0,0,Poor,Low,1.92,1.0,0.0,24.0,Safe,SEG-00864,SEG_000000864,67.5,28,20.8,Aligned,27.5,61.6,Side Impact Potential,Peri-Urban,2,False,Commercial,Poor Infrastructure,Collector Rd Zone2-864,0,0.0,,False,22.3,28,0,0
865,Collector Rd Zone2-865,Collector,Aligned,8,8,Aligned,0.9775917690837406,0.9775917690837406,0.021257744408890417,0.0011463596074816704,4.126899887464189e-06,27,27,55.0,30.6,23.2,50,84.8,0,0.0,0.27,13.076840838359914,77.64650485037662,13.079267232575411,77.64634541784116,"LINESTRING(77.646505 13.076841, 77.646345 13.079267)",30,16.2,No,0,0,0,Poor,High,2.77,1.0,0.0,19.5,Safe,SEG-00865,SEG_000000865,75.9,27,17.0,Aligned,27.0,48.4,Side Impact Potential,Peri-Urban,4,False,Industrial,Poor Infrastructure,Collector Rd Zone2-865,0,0.207,Light,False,19.8,27,0,0
866,Collector Rd Zone2-866,Collector,Aligned,13,13,Aligned,0.7376046842253786,0.7376046842253786,0.2594249351587379,0.0029419254386453797,2.845517723810961e-05,50,50,52.5,16.5,27.7,50,90.0,0,0.0,0.346,12.994511382774764,77.44255373921398,12.992392034076914,77.44021100307059,"LINESTRING(77.442554 12.994511, 77.440211 12.992392)",40,20.9,No,0,0,0,Good,Medium,1.69,0.69,31.0,28.5,Moderate Risk,SEG-00866,SEG_000000866,63.4,50,33.1,Moderate Misalignment,52.3,56.0,Side Impact Potential,Peri-Urban,3,False,Residential,Poor Infrastructure,Collector Rd Zone2-866,0,0.0,,False,46.7,50,0,0
867,Collector Rd Zone2-867,Collector,Moderate Misalignment,22,22,Moderate Misalignment,0.6928283840229641,0.30365434943162234,0.6928283840229641,0.003491370749954374,2.5895795459212522e-05,30,30,52.5,9.4,24.8,50,96.3,0,0.346,0.704,12.992392034076914,77.44021100307059,12.990235864865197,77.43776318541286,"LINESTRING(77.440211 12.992392, 77.437763 12.990236)",30,19.1,No,0,0,0,Good,Low,2.35,1.0,0.0,23.4,Safe,SEG-00867,SEG_000000867,69.7,30,20.3,Aligned,29.5,48.7,Side Impact Potential,Peri-Urban,3,False,Residential,Poor Infrastructure,Collector Rd Zone2-866,1,0.0,,False,27.5,30,0,0
868,Collector Rd Zone2-868,Collector,Aligned,8,8,Aligned,0.9629182170353386,0.9629182170353386,0.03565336087146048,0.0014224118647799754,6.010228420981482e-06,20,20,52.5,9.4,21.7,50,82.6,0,0.0,0.29,12.841288968014016,77.6221592386145,12.842547819688653,77.62449907896645,"LINESTRING(77.622159 12.841289, 77.624499 12.842548)",30,13.5,No,0,0,0,Poor,High,2.55,1.0,0.0,22.2,Safe,SEG-00868,SEG_000000868,70.4,20,19.2,Aligned,20.0,49.5,Side Impact Potential,Peri-Urban,3,False,Industrial,Poor Infrastructure,Collector Rd Zone2-868,0,0.0,,False,18.4,20,0,0
869,Collector Rd Zone2-869,Collector,Aligned,8,8,Aligned,0.9595742823895846,0.9595742823895846,0.039571547163253416,0.0008417693636144605,1.2401083547392551e-05,22,22,50.0,16.5,25.1,50,80.3,0,0.0,0.379,13.040417411733182,77.48645668207425,13.03877106482497,77.48952061170057,"LINESTRING(77.486457 13.040417, 77.489521 13.038771)",30,17.2,No,0,0,0,Good,High,2.41,1.0,0.0,22.4,Safe,SEG-00869,SEG_000000869,71.6,22,19.5,Aligned,22.0,53.7,Side Impact Potential,Peri-Urban,2,False,Commercial,Poor Infrastructure,Collector Rd Zone2-869,0,0.179,Light,False,16.9,22,0,0
870,Collector Rd Zone2-870,Collector,Moderate Misalignment,22,22,Moderate Misalignment,0.7031711495657912,0.291599984375271,0.7031711495657912,0.005211113963841496,1.7752095096234996e-05,50,50,55.0,9.4,23.6,50,96.6,0,0.0,0.387,12.913738267289862,77.75124381243496,12.91446310287361,77.75473841140196,"LINESTRING(77.751244 12.913738, 77.754738 12.914463)",40,15.6,No,0,0,0,Good,High,1.87,0.76,24.0,26.9,Moderate Risk,SEG-00870,SEG_000000870,63.9,50,29.9,Moderate Misalignment,49.7,50.8,Side Impact Potential,Peri-Urban,4,False,Mixed,Poor Infrastructure,Collector Rd Zone2-870,0,0.0,,False,42.3,50,0,0
871,Collector Rd Zone2-871,Collector,Aligned,9,9,Aligned,0.9023790177144281,0.9023790177144281,0.09598636388314305,0.0016258298933852315,8.788509043747375e-06,28,28,52.5,7.1,23.4,50,88.9,0,0.0,0.342,12.934669608663484,77.7428422247778,12.931769840974376,77.7417859700655,"LINESTRING(77.742842 12.93467, 77.741786 12.93177)",30,11.0,No,0,0,0,Poor,Low,2.23,1.0,0.0,23.2,Safe,SEG-00871,SEG_000000871,69.4,28,20.1,Aligned,27.9,59.5,Side Impact Potential,Peri-Urban,3,False,Commercial,Poor Infrastructure,Collector Rd Zone2-871,0,0.0,,False,22.6,28,0,0
872,Collector Rd Zone2-872,Collector,Aligned,9,9,Aligned,0.8911243588961815,0.8911243588961815,0.10728332144787082,0.0015823051890960964,1.0014466851560908e-05,25,25,50.0,10.6,21.0,50,89.4,0,0.0,0.262,12.93066680524047,77.48120015988924,12.929595575467554,77.47905103806568,"LINESTRING(77.4812 12.930667, 77.479051 12.929596)",30,5.4,No,0,0,0,Good,Medium,2.12,1.0,0.0,21.7,Safe,SEG-00872,SEG_000000872,70.8,25,18.8,Aligned,25.4,60.9,Side Impact Potential,Peri-Urban,2,False,Mixed,Poor Infrastructure,Collector Rd Zone2-872,0,0.0,,False,22.9,25,0,0
873,Collector Rd Zone2-873,Collector,Aligned,7,7,Aligned,0.9861611103009743,0.9861611103009743,0.012788129571538373,0.000863757164263286,0.0001870029632240319,27,27,63.0,27.1,32.4,50,87.1,0,0.0,0.362,13.089267883385933,77.66777481375757,13.089830377089788,77.6710660281004,"LINESTRING(77.667775 13.089268, 77.671066 13.08983)",30,25.1,No,0,0,0,Poor,High,2.32,1.0,0.0,23.6,Safe,SEG-00873,SEG_000000873,73.1,27,20.6,Aligned,26.6,61.2,Side Impact Potential,Peri-Urban,4,True,Commercial,Poor Infrastructure,Collector Rd Zone2-873,0,0.0,,False,21.4,27,0,0
874,Collector Rd Zone2-874,Collector,Moderate Misalignment,20,20,Moderate Misalignment,0.6247624235869588,0.37311515963960723,0.6247624235869588,0.0021127444395525217,9.672333881500369e-06,50,50,52.5,10.6,20.4,50,98.3,0,0.0,0.326,12.810594173195394,77.54569857123565,12.810785689719792,77.54270152452253,"LINESTRING(77.545699 12.810594, 77.542702 12.810786)",50,9.1,No,0,0,0,Good,Low,2.02,0.75,25.0,26.6,Moderate Risk,SEG-00874,SEG_000000874,63.2,50,31.5,Moderate Misalignment,62.4,51.4,Side Impact Potential,Peri-Urban,3,False,Mixed,Poor Infrastructure,Collector Rd Zone2-874,0,0.149,Light,False,48.8,50,0,0
875,Collector Rd Zone2-875,Collector,Aligned,8,8,Aligned,0.9675426428304401,0.9675426428304401,0.03130863647358894,0.001095760306458041,5.2960389512955874e-05,23,23,50.0,14.1,37.3,50,81.5,0,0.0,0.361,12.796842620617722,77.60383362328203,12.7936462516897,77.60323654476392,"LINESTRING(77.603834 12.796843, 77.603237 12.793646)",30,40.2,No,0,0,1,Poor,High,1.84,1.0,0.0,27.5,Moderate Risk,SEG-00875,SEG_000000875,68.4,23,24.0,Aligned,23.4,54.1,Side Impact Potential,Peri-Urban,2,False,Residential,Poor Infrastructure,Collector Rd Zone2-875,0,0.182,Light,False,17.7,23,0,0
876,Collector Rd Zone2-876,Collector,Aligned,8,8,Aligned,0.9717823250235892,0.9717823250235892,0.027677876860464887,0.0005147336279432607,2.5064488002776246e-05,28,28,60.5,21.2,36.7,50,73.8,0,0.0,0.321,12.827295892290852,77.61180457787218,12.82983871349904,77.61040581138518,"LINESTRING(77.611805 12.827296, 77.610406 12.829839)",40,33.6,No,0,0,1,Poor,Medium,1.9,1.0,0.0,26.2,Moderate Risk,SEG-00876,SEG_000000876,70.5,28,22.9,Aligned,28.5,61.7,Side Impact Potential,Peri-Urban,3,True,Residential,Poor Infrastructure,Collector Rd Zone2-876,0,0.151,Light,False,22.5,28,0,0
877,Collector Rd Zone2-877,Collector,Aligned,8,8,Aligned,0.9670233360926542,0.9670233360926542,0.03119812447334846,0.0017614631734621804,1.7076260534989694e-05,24,24,50.0,14.1,25.0,50,84.1,0,0.0,0.25,13.030749151840944,77.72547282247966,13.031214126295088,77.72773506934628,"LINESTRING(77.725473 13.030749, 77.727735 13.031214)",30,12.6,No,0,0,0,Good,Medium,1.72,1.0,0.0,22.8,Safe,SEG-00877,SEG_000000877,70.9,24,19.8,Aligned,23.8,59.8,Side Impact Potential,Peri-Urban,2,False,Industrial,Poor Infrastructure,Collector Rd Zone2-877,0,0.0,,False,19.4,24,0,0
878,Collector Rd Zone2-878,Collector,Moderate Misalignment,27,27,Moderate Misalignment,0.9429879863899144,0.05488067156986813,0.9429879863899144,0.0021180495855938563,1.3292454623650196e-05,30,30,52.5,34.1,40.5,30,97.9,0,0.0,0.274,12.95464051390526,77.42767294595134,12.957051223921784,77.4281795675708,"LINESTRING(77.427673 12.954641, 77.42818 12.957051)",30,46.8,No,0,0,1,Poor,High,1.69,0.87,13.0,27.4,Moderate Risk,SEG-00878,SEG_000000878,70.8,30,26.7,Moderate Misalignment,34.0,51.0,Significant Pedestrian Interaction,Peri-Urban,3,False,Industrial,High Pedestrian Interaction | Poor Infrastructure,Collector Rd Zone2-878,0,0.0,,False,28.6,30,0,0
879,Collector Rd Zone2-879,Collector,Aligned,8,8,Aligned,0.9713599233632566,0.9713599233632566,0.028191557268396415,0.0004450982374264557,3.421130920515352e-06,21,21,55.0,10.6,21.8,50,78.6,0,0.0,0.312,12.887506334720197,77.50650801850756,12.886211474762424,77.50906646348908,"LINESTRING(77.506508 12.887506, 77.509066 12.886211)",30,13.6,No,0,0,0,Poor,Low,2.66,1.0,0.0,22.0,Safe,SEG-00879,SEG_000000879,70.7,21,19.1,Aligned,20.9,48.9,Side Impact Potential,Peri-Urban,4,False,Industrial,Poor Infrastructure,Collector Rd Zone2-879,0,0.188,Light,False,15.7,21,0,0
880,Collector Rd Zone2-880,Collector,Aligned,12,12,Aligned,0.7584157746267779,0.7584157746267779,0.23813302365853817,0.0034395917669069556,1.1609947776818157e-05,44,44,50.0,18.8,22.2,50,97.0,0,0.0,0.378,13.075112310432306,77.52318093573655,13.071711777087906,77.52317633902739,"LINESTRING(77.523181 13.075112, 77.523176 13.071712)",40,9.2,No,0,0,0,Good,Medium,2.03,0.9,10.0,22.6,Safe,SEG-00880,SEG_000000880,70.3,44,22.4,Aligned,44.1,58.0,Side Impact Potential,Peri-Urban,2,False,Residential,Poor Infrastructure,Collector Rd Zone2-880,0,0.0,,False,38.0,44,0,0
881,Collector Rd Zone2-881,Collector,Aligned,8,8,Aligned,0.9424068364816738,0.9424068364816738,0.057012944536643205,0.0005724627017610845,7.75627992200207e-06,36,36,55.0,12.9,26.4,50,89.2,0,0.0,0.338,12.943056234195604,77.71869183790282,12.943047963663346,77.721810756684,"LINESTRING(77.718692 12.943056, 77.721811 12.943048)",40,17.9,No,0,0,0,Good,Medium,1.91,1.0,0.0,23.5,Safe,SEG-00881,SEG_000000881,70.3,36,20.4,Aligned,36.2,55.7,Side Impact Potential,Peri-Urban,4,False,Residential,Poor Infrastructure,Collector Rd Zone2-881,0,0.0,,False,32.8,36,0,0
882,Collector Rd Zone2-882,Collector,Aligned,9,9,Aligned,0.9038304327436053,0.9038304327436053,0.09514929333933442,0.001006730287591207,1.3543629469130808e-05,40,40,52.5,18.8,29.5,50,88.9,0,0.0,0.391,12.794654003338604,77.5637630298804,12.79239824740852,77.56099945233537,"LINESTRING(77.563763 12.794654, 77.560999 12.792398)",40,21.5,No,0,0,0,Poor,Low,1.58,1.0,0.0,23.8,Safe,SEG-00882,SEG_000000882,71.3,40,20.7,Aligned,39.8,59.5,Side Impact Potential,Peri-Urban,3,False,Residential,Poor Infrastructure,Collector Rd Zone2-882,0,0.0,,False,32.6,40,0,0
883,Collector Rd Zone2-883,Collector,Aligned,8,8,Aligned,0.937035979891645,0.937035979891645,0.06100798915025224,0.0019483844169913074,7.646541111616382e-06,39,39,50.0,16.5,21.9,50,85.0,0,0.391,0.7210000000000001,12.79239824740852,77.56099945233537,12.790121433529476,77.55904801628465,"LINESTRING(77.560999 12.792398, 77.559048 12.790121)",40,9.7,No,0,0,0,Poor,Low,1.75,1.0,0.0,21.2,Safe,SEG-00883,SEG_000000883,72.3,39,18.4,Aligned,39.0,54.5,Side Impact Potential,Peri-Urban,2,False,Residential,Poor Infrastructure,Collector Rd Zone2-882,1,0.168,Light,False,30.0,39,0,0
884,Collector Rd Zone2-884,Collector,Aligned,13,13,Aligned,0.7509632885511514,0.7509632885511514,0.24452581304643287,0.004497348506515035,1.354989590079922e-05,35,35,50.0,0.0,20.7,50,97.2,0,0.0,0.387,12.850823262088062,77.64384321523045,12.854285803684151,77.64352132279156,"LINESTRING(77.643843 12.850823, 77.643521 12.854286)",30,8.7,No,0,0,0,Good,Low,2.33,0.85,15.0,25.1,Moderate Risk,SEG-00884,SEG_000000884,65.1,35,24.9,Aligned,34.6,53.3,Side Impact Potential,Peri-Urban,2,False,Residential,Poor Infrastructure,Collector Rd Zone2-884,0,0.0,,False,31.9,35,0,0
885,Collector Rd Zone2-885,Collector,Aligned,7,7,Aligned,0.9851395209462992,0.9851395209462992,0.014166109860386638,0.0006928423543319206,1.5268389824770548e-06,32,32,50.0,0.0,15.2,50,83.5,0,0.3869999999999999,0.6779999999999999,12.854285803684151,77.64352132279156,12.85689145633856,77.64375918441385,"LINESTRING(77.643521 12.854286, 77.643759 12.856891)",40,0.3,No,0,0,0,Good,Low,2.63,1.0,0.0,21.1,Safe,SEG-00885,SEG_000000885,69.1,32,18.2,Aligned,32.4,50.1,Side Impact Potential,Peri-Urban,2,False,Commercial,Poor Infrastructure,Collector Rd Zone2-884,1,0.0,,False,29.0,32,0,0
886,Collector Rd Zone2-886,Collector,Aligned,16,26,Aligned,0.7322639229839908,0.7322639229839908,0.26615713763434,0.001574003162166853,4.9362195024718855e-06,50,48,50.0,25.9,24.6,50,85.8,10,0.0,0.312,12.834676640726205,77.53817314494675,12.831874276478946,77.53807367560592,"LINESTRING(77.538173 12.834677, 77.538074 12.831874)",40,13.1,No,1,0,0,Good,Medium,2.37,0.66,34.0,29.0,Moderate Risk,SEG-00886,SEG_000000886,63.8,50,32.3,Moderate Misalignment,53.7,59.9,Side Impact Potential,Peri-Urban,2,False,Residential,Poor Infrastructure,Collector Rd Zone2-886,0,0.0,,False,49.5,48,1,0
887,Collector Rd Zone2-887,Collector,Moderate Misalignment,20,20,Moderate Misalignment,0.5661943894225689,0.4239827662196104,0.5661943894225689,0.00978706746624606,3.577689157457144e-05,37,37,50.0,10.6,28.1,50,97.7,0,0.0,0.378,12.90744533055394,77.71315546480668,12.909816753406538,77.71565802890025,"LINESTRING(77.713155 12.907445, 77.715658 12.909817)",30,18.3,No,0,0,0,Poor,Low,2.64,0.76,24.0,27.5,Moderate Risk,SEG-00887,SEG_000000887,64.8,37,28.9,Moderate Misalignment,37.3,58.9,Side Impact Potential,Peri-Urban,2,False,Residential,Poor Infrastructure,Collector Rd Zone2-887,0,0.168,Light,False,28.5,37,0,0
888,Collector Rd Zone2-888,Collector,Aligned,15,15,Aligned,0.6122047428543264,0.6122047428543264,0.38728950055378386,0.0004804982317356728,2.525836015405581e-05,40,40,55.0,14.1,35.5,50,72.5,0,0.0,0.298,12.978904761487968,77.4670279611532,12.97637766012518,77.46611303414582,"LINESTRING(77.467028 12.978905, 77.466113 12.976378)",30,32.5,No,0,0,1,Poor,Medium,2.65,0.66,34.0,31.0,Moderate Risk,SEG-00888,SEG_000000888,62.5,40,33.9,Moderate Misalignment,40.1,61.0,Side Impact Potential,Peri-Urban,4,False,Mixed,Active Congestion | Poor Infrastructure,Collector Rd Zone2-888,0,0.726,Severe,False,11.7,40,0,0
889,Collector Rd Zone2-889,Collector,Moderate Misalignment,26,26,Moderate Misalignment,0.8899482987464864,0.10875304957633979,0.8899482987464864,0.0012896972465402902,8.954430633624957e-06,37,37,52.5,21.2,26.3,50,99.2,0,0.0,0.338,12.947263560130002,77.75207915708378,12.950052441810143,77.75331648161612,"LINESTRING(77.752079 12.947264, 77.753316 12.950052)",30,17.9,No,0,0,0,Good,Low,1.96,0.77,23.0,25.0,Moderate Risk,SEG-00889,SEG_000000889,68.4,37,26.4,Moderate Misalignment,36.9,57.8,Side Impact Potential,Peri-Urban,3,False,Industrial,Poor Infrastructure,Collector Rd Zone2-889,0,0.138,Light,False,29.5,37,0,0
890,Collector Rd Zone2-890,Collector,Aligned,8,8,Aligned,0.9651478673402694,0.9651478673402694,0.03410392696113171,0.0005212907037925396,0.0002269149948063351,36,36,50.0,25.9,41.1,50,87.2,0,0.0,0.317,13.06640112970646,77.73851971840713,13.06416593875734,77.73670408874656,"LINESTRING(77.73852 13.066401, 77.736704 13.064166)",40,47.8,No,0,0,1,Good,High,1.6,1.0,0.0,27.2,Moderate Risk,SEG-00890,SEG_000000890,70.9,36,23.8,Aligned,35.8,54.7,Side Impact Potential,Peri-Urban,2,False,Residential,Poor Infrastructure,Collector Rd Zone2-890,0,0.0,,False,31.5,36,0,0
891,Collector Rd Zone2-891,Collector,Aligned,8,8,Aligned,0.9680996704127702,0.9680996704127702,0.03139368462767492,0.0005026013113963725,4.043648158538237e-06,28,28,63.0,0.0,22.1,50,72.0,0,0.0,0.386,13.101482885434104,77.48857683866251,13.104948311148696,77.48882339009113,"LINESTRING(77.488577 13.101483, 77.488823 13.104948)",40,6.6,No,0,0,0,Poor,Low,2.24,1.0,0.0,23.8,Safe,SEG-00891,SEG_000000891,67.6,28,20.6,Aligned,28.1,61.4,Side Impact Potential,Peri-Urban,4,True,Residential,Poor Infrastructure,Collector Rd Zone2-891,0,0.187,Light,False,21.4,28,0,0
892,Collector Rd Zone2-892,Collector,Aligned,8,8,Aligned,0.9410236247871917,0.9410236247871917,0.05824662394582716,0.0007173717440324596,1.2379522948663744e-05,32,32,52.5,10.6,24.9,50,77.1,0,0.0,0.34,13.006360304020584,77.71130640267502,13.004719224333815,77.7086532645801,"LINESTRING(77.711306 13.00636, 77.708653 13.004719)",40,18.1,No,0,0,0,Poor,Low,2.1,1.0,0.0,23.2,Safe,SEG-00892,SEG_000000892,70.0,32,20.2,Aligned,32.3,51.3,Side Impact Potential,Peri-Urban,3,False,Industrial,Poor Infrastructure,Collector Rd Zone2-892,0,0.177,Light,False,24.7,32,0,0
893,Collector Rd Zone2-893,Collector,Aligned,8,8,Aligned,0.9806552389739239,0.9806552389739239,0.01815887000909492,0.0011815698461166099,4.321170864649457e-06,20,20,55.0,0.0,20.1,50,81.8,0,0.0,0.284,12.92695576892925,77.73478352615204,12.924426354501614,77.73515738735226,"LINESTRING(77.734784 12.926956, 77.735157 12.924426)",30,2.7,No,0,0,0,Poor,Medium,2.22,1.0,0.0,23.0,Safe,SEG-00893,SEG_000000893,68.1,20,19.9,Aligned,19.5,61.8,Side Impact Potential,Peri-Urban,4,False,Commercial,Poor Infrastructure,Collector Rd Zone2-893,0,0.0,,False,17.8,20,0,0
894,Collector Rd Zone2-894,Collector,Moderate Misalignment,25,25,Moderate Misalignment,0.8377244174903378,0.154315516475425,0.8377244174903378,0.007951547901941145,8.51813229615386e-06,45,45,55.0,0.0,20.4,50,98.0,0,0.0,0.347,12.939547945612135,77.46161873566844,12.94264955081882,77.46198911858151,"LINESTRING(77.461619 12.939548, 77.461989 12.94265)",40,10.3,No,0,0,0,Good,Low,2.01,0.86,14.0,25.3,Moderate Risk,SEG-00894,SEG_000000894,64.6,45,25.6,Moderate Misalignment,45.4,48.3,Side Impact Potential,Peri-Urban,4,False,Commercial,Poor Infrastructure,Collector Rd Zone2-894,0,0.0,,False,41.3,45,0,0
895,Collector Rd Zone2-895,Collector,Aligned,8,8,Aligned,0.9781866892790346,0.9781866892790346,0.020783753288880272,0.0009953489997817522,3.420843230337537e-05,25,25,55.0,0.0,21.0,50,86.7,0,0.0,0.322,13.0325007544909,77.43824787553298,13.031811088520907,77.43536346782734,"LINESTRING(77.438248 13.032501, 77.435363 13.031811)",30,9.9,No,0,0,0,Good,High,2.16,1.0,0.0,23.3,Safe,SEG-00895,SEG_000000895,67.9,25,20.2,Aligned,25.0,52.3,Side Impact Potential,Peri-Urban,4,False,Commercial,Poor Infrastructure,Collector Rd Zone2-895,0,0.0,,False,21.2,25,0,0
896,Collector Rd Zone2-896,Collector,Aligned,8,8,Aligned,0.9659758930884114,0.9659758930884114,0.03349717120192791,0.0005245991439703574,2.336565690288533e-06,28,28,55.0,0.0,18.2,50,90.5,0,0.0,0.312,13.092936837352385,77.6287068244388,13.093401250334862,77.63155243763164,"LINESTRING(77.628707 13.092937, 77.631552 13.093401)",30,2.5,No,0,0,0,Poor,Low,2.01,1.0,0.0,22.2,Safe,SEG-00896,SEG_000000896,68.5,28,19.2,Aligned,27.9,56.1,Side Impact Potential,Peri-Urban,4,False,Mixed,Poor Infrastructure,Collector Rd Zone2-896,0,0.0,,False,23.7,28,0,0
897,Collector Rd Zone2-897,Collector,Moderate Misalignment,24,24,Moderate Misalignment,0.779260984829274,0.2127545012665917,0.779260984829274,0.007969830415877047,1.468348825731578e-05,36,36,58.0,0.0,20.1,50,99.8,0,0.0,0.253,13.121193010359258,77.51721499666964,13.121878087028689,77.51944270035659,"LINESTRING(77.517215 13.121193, 77.519443 13.121878)",30,9.3,No,0,0,0,Poor,High,1.82,0.81,19.0,25.3,Moderate Risk,SEG-00897,SEG_000000897,64.6,36,25.7,Moderate Misalignment,35.6,51.5,Side Impact Potential,Peri-Urban,2,True,Commercial,Poor Infrastructure,Collector Rd Zone2-897,0,0.0,,False,29.9,36,0,0
898,Collector Rd Zone2-898,Collector,Aligned,8,8,Aligned,0.9730266371870968,0.9730266371870968,0.025431945238019074,0.0014985534772516658,4.2864097632291644e-05,35,35,60.5,52.9,44.8,50,84.3,0,0.253,0.646,13.121878087028689,77.51944270035659,13.122057454846074,77.52306934062662,"LINESTRING(77.519443 13.121878, 77.523069 13.122057)",40,54.4,No,0,0,1,Poor,Medium,1.67,1.0,0.0,24.6,Safe,SEG-00898,SEG_000000898,77.6,35,21.6,Aligned,35.1,53.7,Side Impact Potential,Peri-Urban,3,True,Residential,Meets Safe System Standards,Collector Rd Zone2-897,1,0.0,,False,29.6,35,0,0