segment_id,road_name,road_type,risk_category,road_risk_score,segment_risk_score,ai_risk_label,ai_risk_probability,prob_low_risk,prob_medium_risk,prob_high_risk,prob_critical_risk,ai_recommended_speed,recommended_safe_speed,road_function_score,infrastructure_score,exposure_score,human_tolerance_limit,operating_speed_score,crash_risk_score,start_km,end_km,start_lat,start_lon,end_lat,end_lon,geometry,posted_speed_limit,pedestrian_exposure_score,blackspot_flag,crash_count,fatal_crashes,schools_count,lighting_quality,roadside_hazards,intersection_density,speed_compliance_rate,speed_violation_score,hotspot_score,hotspot_category,human_segment_id,internal_id,speed_safety_score,original_safe_speed,misalignment_score,misalignment_category,speed_p85,ptw_share_pct,exposure_tier,urban_rural_flag,lane_count,median_presence,land_use_type,top_ai_factors,corridor_base,corridor_seq,congestion_index,congestion_category,congestion_smoothed,operating_speed_mean,final_safe_speed,minor_crashes,major_crashes
484,Devanahalli-Doddaballapur Rd (SH-9) Seg-1,Highway,Moderate Misalignment,25,25,Moderate Misalignment,0.8460557261484423,0.1451779471907807,0.8460557261484423,0.008751649193129572,1.467746764751909e-05,80,80,100.0,0.0,10.9,80,84.7,0,0.0,0.935,13.24,77.71,13.244166666666668,77.7025,"LINESTRING(77.71 13.24, 77.7025 13.244167)",70,0.6,No,0,0,0,Good,Low,0.13,0.66,34.0,29.2,Moderate Risk,SEG-00484,SEG_000000484,55.2,80,41.3,Moderate Misalignment,93.7,35.2,Separated Traffic,Rural,5,True,Industrial,Poor Infrastructure,Devanahalli-Doddaballapur Rd (SH-9),0,0.0,,False,80.2,80,0,0
485,Devanahalli-Doddaballapur Rd (SH-9) Seg-2,Highway,Aligned,12,12,Aligned,0.7599225703555036,0.7599225703555036,0.23323574766105545,0.006826131275526689,1.5550707914315118e-05,80,80,100.0,9.4,18.4,80,77.0,0,0.935,1.87,13.244166666666668,77.7025,13.248333333333331,77.695,"LINESTRING(77.7025 13.244167, 77.695 13.248333)",60,11.1,No,0,0,0,Good,Low,0.11,0.66,34.0,29.4,Moderate Risk,SEG-00485,SEG_000000485,58.2,80,39.4,Moderate Misalignment,80.6,42.3,Separated Traffic,Rural,8,True,Residential,Poor Infrastructure,Devanahalli-Doddaballapur Rd (SH-9),1,0.0,,False,75.3,80,0,0
486,Devanahalli-Doddaballapur Rd (SH-9) Seg-3,Highway,Aligned,17,17,Aligned,0.5498325447597842,0.5498325447597842,0.4387809765030457,0.01137920317903898,7.275558131273594e-06,80,80,100.0,0.0,14.7,80,73.1,0,1.87,2.805,13.248333333333331,77.695,13.2525,77.6875,"LINESTRING(77.695 13.248333, 77.6875 13.2525)",90,5.9,No,0,0,0,Poor,Medium,0.14,1.0,0.0,26.1,Moderate Risk,SEG-00486,SEG_000000486,61.4,80,31.0,Moderate Misalignment,86.8,39.0,Separated Traffic,Rural,6,True,Residential,Poor Infrastructure | Above Human Tolerance Limit,Devanahalli-Doddaballapur Rd (SH-9),2,0.0,,False,72.1,80,0,0
487,Devanahalli-Doddaballapur Rd (SH-9) Seg-4,Highway,Moderate Misalignment,23,23,Moderate Misalignment,0.6997309568897466,0.27628836831080744,0.6997309568897466,0.02394504215839181,3.563264105403857e-05,79,79,100.0,14.1,16.3,80,53.1,0,2.805,3.74,13.2525,77.6875,13.256666666666666,77.67999999999999,"LINESTRING(77.6875 13.2525, 77.68 13.256667)",90,4.7,No,0,0,0,Poor,Low,0.11,1.0,0.0,24.5,Safe,SEG-00487,SEG_000000487,65.0,79,29.7,Moderate Misalignment,79.2,45.5,Separated Traffic,Rural,8,True,Industrial,Poor Infrastructure | Above Human Tolerance Limit,Devanahalli-Doddaballapur Rd (SH-9),3,0.206,Light,False,58.8,79,0,0
488,Devanahalli-Doddaballapur Rd (SH-9) Seg-5,Highway,Aligned,9,9,Aligned,0.9156209457387334,0.9156209457387334,0.07941836612485972,0.004954456394569539,6.231741837535812e-06,52,52,100.0,14.1,21.4,80,70.2,0,3.7400000000000007,4.675000000000001,13.256666666666666,77.67999999999999,13.260833333333332,77.6725,"LINESTRING(77.68 13.256667, 77.6725 13.260833)",60,15.9,No,0,0,1,Poor,Medium,0.14,1.0,0.0,21.3,Safe,SEG-00488,SEG_000000488,71.7,52,18.5,Aligned,52.3,42.8,Separated Traffic,Rural,7,True,Industrial,Poor Infrastructure,Devanahalli-Doddaballapur Rd (SH-9),4,0.167,Light,False,40.1,52,0,0
489,Devanahalli-Doddaballapur Rd (SH-9) Seg-6,Highway,Aligned,10,10,Aligned,0.872419813519908,0.872419813519908,0.12359919107529956,0.003971359473407174,9.635931385055955e-06,66,66,100.0,9.4,18.8,80,76.1,0,4.675000000000001,5.610000000000001,13.260833333333332,77.6725,13.265,77.66499999999999,"LINESTRING(77.6725 13.260833, 77.665 13.265)",70,12.0,No,0,0,0,Poor,Medium,0.14,1.0,0.0,21.0,Safe,SEG-00489,SEG_000000489,71.0,66,18.2,Aligned,66.0,40.3,Separated Traffic,Rural,6,True,Residential,Poor Infrastructure,Devanahalli-Doddaballapur Rd (SH-9),5,0.0,,False,54.1,66,0,0
490,Devanahalli-Doddaballapur Rd (SH-9) Seg-7,Highway,Moderate Misalignment,20,20,Moderate Misalignment,0.5549997042509609,0.40659316535400697,0.5549997042509609,0.03836989053568291,3.723985934925109e-05,79,79,100.0,10.6,16.0,80,56.2,0,5.609999999999999,6.545,13.265,77.66499999999999,13.269166666666669,77.6575,"LINESTRING(77.665 13.265, 77.6575 13.269167)",90,9.3,No,0,0,0,Poor,Low,0.13,1.0,0.0,25.0,Moderate Risk,SEG-00490,SEG_000000490,64.1,79,30.1,Moderate Misalignment,79.0,35.7,Separated Traffic,Rural,4,True,Industrial,Poor Infrastructure | Above Human Tolerance Limit,Devanahalli-Doddaballapur Rd (SH-9),6,0.162,Light,False,60.8,79,0,0
491,Devanahalli-Doddaballapur Rd (SH-9) Seg-8,Highway,Aligned,8,8,Aligned,0.9395653538882006,0.9395653538882006,0.0543443900557958,0.006083341834949209,6.914221054126575e-06,74,74,100.0,4.7,20.3,80,68.2,0,6.545,7.48,13.269166666666669,77.6575,13.273333333333332,77.65,"LINESTRING(77.6575 13.269167, 77.65 13.273333)",80,12.8,No,0,0,0,Poor,Low,0.14,1.0,0.0,22.4,Safe,SEG-00491,SEG_000000491,69.3,74,19.4,Aligned,73.5,45.6,Separated Traffic,Rural,6,True,Industrial,Poor Infrastructure,Devanahalli-Doddaballapur Rd (SH-9),7,0.141,Light,False,58.8,74,0,0
492,Devanahalli-Doddaballapur Rd (SH-9) Seg-9,Highway,Aligned,13,13,Aligned,0.7083145511620696,0.7083145511620696,0.27816991178726946,0.012319078057714537,0.001196458992946268,68,68,100.0,5.9,17.2,80,77.3,0,7.48,8.415000000000001,13.273333333333332,77.65,13.2775,77.6425,"LINESTRING(77.65 13.273333, 77.6425 13.2775)",70,10.9,No,0,0,0,Poor,Low,0.12,1.0,0.0,21.0,Safe,SEG-00492,SEG_000000492,70.3,68,18.1,Aligned,68.3,38.7,Separated Traffic,Rural,5,True,Industrial,Poor Infrastructure,Devanahalli-Doddaballapur Rd (SH-9),8,0.0,,False,54.9,68,0,0
493,Devanahalli-Doddaballapur Rd (SH-9) Seg-10,Highway,Aligned,10,10,Aligned,0.8980174076513172,0.8980174076513172,0.08866399129753329,0.013304081548613612,1.4519502535938702e-05,47,47,100.0,32.9,24.0,80,68.1,0,8.415000000000001,9.35,13.2775,77.6425,13.281666666666666,77.635,"LINESTRING(77.6425 13.2775, 77.635 13.281667)",60,18.6,No,0,0,0,Good,Medium,0.13,1.0,0.0,19.5,Safe,SEG-00493,SEG_000000493,76.4,47,17.0,Aligned,47.3,46.8,Separated Traffic,Rural,8,True,Residential,Poor Infrastructure,Devanahalli-Doddaballapur Rd (SH-9),9,0.0,,False,38.7,47,0,0
494,Devanahalli-Doddaballapur Rd (SH-9) Seg-11,Highway,Aligned,9,9,Aligned,0.9122032318569488,0.9122032318569488,0.08473895822865699,0.0030508597069814885,6.9502074126404104e-06,64,64,100.0,12.9,18.1,80,73.4,0,9.35,10.285,13.281666666666666,77.635,13.285833333333333,77.6275,"LINESTRING(77.635 13.281667, 77.6275 13.285833)",70,13.6,No,0,0,0,Poor,High,0.1,1.0,0.0,20.2,Safe,SEG-00494,SEG_000000494,72.1,64,17.5,Aligned,63.9,36.8,Separated Traffic,Rural,4,True,Residential,Approach to Congestion (Tapered) | Poor Infrastructure,Devanahalli-Doddaballapur Rd (SH-9),10,0.0,,True,52.2,64,0,0
495,Devanahalli-Doddaballapur Rd (SH-9) Seg-12,Highway,Aligned,8,8,Aligned,0.9543139659119869,0.9543139659119869,0.04003997215393788,0.005642277945256668,3.783988818440235e-06,53,53,100.0,10.6,17.7,80,14.7,0,10.285,11.22,13.285833333333333,77.6275,13.29,77.62,"LINESTRING(77.6275 13.285833, 77.62 13.29)",70,11.0,No,0,0,0,Good,High,0.14,1.0,0.0,20.4,Safe,SEG-00495,SEG_000000495,71.5,53,17.7,Aligned,52.8,38.3,Separated Traffic,Rural,4,True,Residential,Active Congestion | Poor Infrastructure,Devanahalli-Doddaballapur Rd (SH-9),11,0.766,Severe,False,13.2,53,0,0
496,Devanahalli-Doddaballapur Rd (SH-9) Seg-13,Highway,Moderate Misalignment,29,29,Moderate Misalignment,0.891163095682367,0.038063048719566166,0.891163095682367,0.07071416115136811,5.96944466986549e-05,80,80,100.0,0.0,16.3,80,97.0,0,11.22,12.111,13.29,77.62,13.290909090909093,77.61181818181818,"LINESTRING(77.62 13.29, 77.611818 13.290909)",80,6.2,No,0,0,0,Poor,Low,0.13,0.87,13.0,25.8,Moderate Risk,SEG-00496,SEG_000000496,62.4,80,29.4,Moderate Misalignment,90.4,42.6,Separated Traffic,Rural,7,True,Industrial,Poor Infrastructure,Devanahalli-Doddaballapur Rd (SH-9),12,0.0,,False,82.0,80,0,0
497,Devanahalli-Doddaballapur Rd (SH-9) Seg-14,Highway,Aligned,13,13,Aligned,0.7755987630993955,0.7755987630993955,0.19060516155315269,0.03377979495522283,1.6280392229075445e-05,80,80,100.0,0.0,14.1,80,79.3,0,12.111,13.002,13.290909090909093,77.61181818181818,13.29181818181818,77.60363636363637,"LINESTRING(77.611818 13.290909, 77.603636 13.291818)",80,6.0,No,0,0,0,Poor,High,0.1,0.92,8.0,23.5,Safe,SEG-00497,SEG_000000497,65.1,80,24.9,Aligned,86.8,35.5,Separated Traffic,Rural,7,True,Mixed,Approach to Congestion (Tapered) | Poor Infrastructure,Devanahalli-Doddaballapur Rd (SH-9),13,0.168,Light,True,66.2,80,0,0
498,Devanahalli-Doddaballapur Rd (SH-9) Seg-15,Highway,Aligned,9,9,Aligned,0.8966839873581787,0.8966839873581787,0.10079369153402666,0.0025194130532164255,2.9080545782797355e-06,69,69,100.0,0.0,12.2,80,28.8,0,13.002,13.893,13.29181818181818,77.60363636363637,13.292727272727271,77.59545454545454,"LINESTRING(77.603636 13.291818, 77.595455 13.292727)",70,3.9,No,0,0,0,Poor,High,0.11,1.0,0.0,19.9,Safe,SEG-00498,SEG_000000498,69.7,69,17.2,Aligned,69.4,33.4,Separated Traffic,Rural,8,True,Residential,Active Congestion | Poor Infrastructure,Devanahalli-Doddaballapur Rd (SH-9),14,0.678,Severe,False,22.5,69,0,0
499,Devanahalli-Doddaballapur Rd (SH-9) Seg-16,Highway,High Misalignment,41,41,High Misalignment,0.5652000088833496,0.04753555630179107,0.38717345675055914,0.5652000088833496,9.097806430022368e-05,50,50,100.0,0.0,16.3,50,81.4,0,13.893,14.784,13.292727272727271,77.59545454545454,13.293636363636365,77.58727272727273,"LINESTRING(77.595455 13.292727, 77.587273 13.293636)",60,7.6,No,0,0,0,Poor,High,0.12,1.0,0.0,26.7,Moderate Risk,SEG-00499,SEG_000000499,61.1,50,31.5,Moderate Misalignment,58.9,40.4,Side Impact Potential,Rural,6,False,Commercial,Poor Infrastructure | Above Human Tolerance Limit,Devanahalli-Doddaballapur Rd (SH-9),15,0.0,,False,47.6,50,0,0
500,Devanahalli-Doddaballapur Rd (SH-9) Seg-17,Highway,Aligned,9,9,Aligned,0.8889293856708924,0.8889293856708924,0.1075532442403872,0.0035097389690033343,7.631119716978728e-06,64,64,100.0,9.4,19.2,80,69.3,0,14.784,15.675,13.293636363636365,77.58727272727273,13.294545454545457,77.57909090909091,"LINESTRING(77.587273 13.293636, 77.579091 13.294545)",70,14.8,No,0,0,0,Good,Medium,0.13,1.0,0.0,21.2,Safe,SEG-00500,SEG_000000500,70.8,64,18.4,Aligned,64.1,35.8,Separated Traffic,Rural,5,True,Industrial,Poor Infrastructure,Devanahalli-Doddaballapur Rd (SH-9),16,0.174,Light,False,49.5,64,0,0
501,Devanahalli-Doddaballapur Rd (SH-9) Seg-18,Highway,Aligned,9,9,Aligned,0.9019171662514699,0.9019171662514699,0.09142906983425335,0.0066457279563280685,8.035957948731309e-06,76,76,100.0,0.0,13.7,80,78.3,0,15.675000000000002,16.566000000000003,13.294545454545457,77.57909090909091,13.295454545454543,77.5709090909091,"LINESTRING(77.579091 13.294545, 77.570909 13.295455)",80,0.5,No,0,0,0,Good,Medium,0.1,1.0,0.0,20.5,Safe,SEG-00501,SEG_000000501,69.4,76,17.7,Aligned,75.8,44.6,Separated Traffic,Rural,5,True,Residential,Poor Infrastructure,Devanahalli-Doddaballapur Rd (SH-9),17,0.0,,False,65.6,76,0,0
502,Devanahalli-Doddaballapur Rd (SH-9) Seg-19,Highway,Aligned,17,17,Aligned,0.5701445257404795,0.5701445257404795,0.386395106760117,0.04322541245001587,0.00023495504938783547,67,67,100.0,10.6,20.0,80,88.2,0,16.566000000000003,17.457,13.295454545454543,77.5709090909091,13.296363636363637,77.56272727272727,"LINESTRING(77.570909 13.295455, 77.562727 13.296364)",70,13.9,No,0,0,0,Poor,Medium,0.14,1.0,0.0,21.3,Safe,SEG-00502,SEG_000000502,71.0,67,18.5,Aligned,67.2,41.6,Separated Traffic,Rural,5,True,Residential,Poor Infrastructure,Devanahalli-Doddaballapur Rd (SH-9),18,0.0,,False,62.1,67,0,0
503,Devanahalli-Doddaballapur Rd (SH-9) Seg-20,Highway,Moderate Misalignment,24,24,Moderate Misalignment,0.8296834369551062,0.16839270471052634,0.8296834369551062,0.0019158210649048016,8.037269462695202e-06,78,78,100.0,0.0,12.4,80,74.7,0,17.457,18.348,13.296363636363637,77.56272727272727,13.297272727272729,77.55454545454546,"LINESTRING(77.562727 13.296364, 77.554545 13.297273)",90,3.0,No,0,0,0,Poor,Low,0.11,1.0,0.0,25.2,Moderate Risk,SEG-00503,SEG_000000503,61.9,78,30.2,Moderate Misalignment,77.7,36.1,Separated Traffic,Rural,7,True,Residential,Poor Infrastructure | Above Human Tolerance Limit,Devanahalli-Doddaballapur Rd (SH-9),19,0.0,,False,73.1,78,0,0
504,Devanahalli-Doddaballapur Rd (SH-9) Seg-21,Highway,Aligned,11,11,Aligned,0.8210834857567417,0.8210834857567417,0.15067975388328164,0.02823005136320895,6.708996767988948e-06,59,59,100.0,9.4,16.2,80,58.5,0,18.348,19.239,13.297272727272729,77.55454545454546,13.29818181818182,77.54636363636364,"LINESTRING(77.554545 13.297273, 77.546364 13.298182)",80,7.8,No,0,0,0,Good,Medium,0.14,1.0,0.0,20.0,Safe,SEG-00504,SEG_000000504,71.5,59,17.3,Aligned,58.8,40.2,Separated Traffic,Rural,6,True,Residential,Approach to Congestion (Tapered) | Poor Infrastructure,Devanahalli-Doddaballapur Rd (SH-9),20,0.0,,True,52.3,59,0,0
505,Devanahalli-Doddaballapur Rd (SH-9) Seg-22,Highway,High Misalignment,46,46,High Misalignment,0.8404300986789591,0.1000259373207739,0.05953163604946605,0.8404300986789591,1.2327950800900346e-05,80,80,100.0,5.9,20.8,80,11.9,0,19.239000000000004,20.130000000000003,13.29818181818182,77.54636363636364,13.299090909090909,77.53818181818183,"LINESTRING(77.546364 13.298182, 77.538182 13.299091)",90,13.2,No,0,0,0,Poor,Low,0.13,0.73,27.0,37.7,Moderate Risk,SEG-00505,SEG_000000505,46.5,80,57.8,High Misalignment,114.6,45.7,Separated Traffic,Rural,5,True,Residential,Speed Limit Misaligned | Active Congestion | Poor Infrastructure,Devanahalli-Doddaballapur Rd (SH-9),21,0.737,Severe,False,31.3,80,0,0
506,Devanahalli-Doddaballapur Rd (SH-9) Seg-23,Highway,Aligned,11,11,Aligned,0.8112496118022027,0.8112496118022027,0.1782658641139835,0.01048149403934086,3.0300444730023527e-06,64,64,100.0,0.0,15.0,80,30.4,0,20.130000000000003,21.021,13.299090909090909,77.53818181818183,13.3,77.53,"LINESTRING(77.538182 13.299091, 77.53 13.3)",70,5.5,No,0,0,0,Good,Medium,0.12,1.0,0.0,21.0,Safe,SEG-00506,SEG_000000506,69.1,64,18.1,Aligned,64.1,40.6,Separated Traffic,Rural,5,True,Residential,Active Congestion | Poor Infrastructure,Devanahalli-Doddaballapur Rd (SH-9),22,0.628,Severe,False,23.6,64,0,0
237,Hosur Road Extension Seg-1,Highway,Moderate Misalignment,31,31,Moderate Misalignment,0.8212010158411722,0.035641902359786676,0.8212010158411722,0.1423174218118713,0.0008396599871697299,46,46,100.0,43.5,37.0,50,49.9,0,0.0,1.818,12.93,77.63,12.915,77.63666666666666,"LINESTRING(77.63 12.93, 77.636667 12.915)",70,30.9,No,0,0,1,Poor,Low,0.63,1.0,0.0,33.3,Moderate Risk,SEG-00237,SEG_000000237,61.1,46,46.0,Moderate Misalignment,45.7,67.9,Side Impact Potential,Urban,8,False,Mixed,Above Human Tolerance Limit,Hosur Road Extension,0,0.133,Light,False,36.6,46,0,0
238,Hosur Road Extension Seg-2,Highway,Aligned,9,9,Aligned,0.9161741028663121,0.9161741028663121,0.07424758526010275,0.009549873949027374,2.8437924557867978e-05,43,43,100.0,21.2,25.7,80,62.6,0,1.818,3.636,12.915,77.63666666666666,12.9,77.64333333333333,"LINESTRING(77.636667 12.915, 77.643333 12.9)",60,11.7,No,0,0,0,Good,Low,0.43,1.0,0.0,21.9,Safe,SEG-00238,SEG_000000238,72.8,43,19.1,Aligned,42.9,64.7,Separated Traffic,Urban,6,True,Mixed,Poor Infrastructure,Hosur Road Extension,1,0.0,,False,35.1,43,0,0
239,Hosur Road Extension Seg-3,Highway,Aligned,10,10,Aligned,0.8706017352958572,0.8706017352958572,0.1108174837018792,0.01853244760156423,4.833340069934131e-05,47,47,100.0,29.4,30.3,80,71.1,0,3.636,4.847,12.9,77.64333333333333,12.890004,77.647776,"LINESTRING(77.643333 12.9, 77.647776 12.890004)",60,17.4,No,0,0,0,Good,Low,0.49,1.0,0.0,22.5,Safe,SEG-00239,SEG_000000239,74.1,47,19.6,Aligned,46.7,68.8,Separated Traffic,Urban,8,True,Mixed,Poor Infrastructure,Hosur Road Extension,2,0.0,,False,40.8,47,0,0
240,Hosur Road Extension Seg-4,Highway,Aligned,9,9,Aligned,0.9102090577519075,0.9102090577519075,0.08272978179402772,0.007052166641130251,8.993812934504328e-06,61,61,100.0,0.0,23.7,80,71.4,0,4.847,5.453,12.890004,77.647776,12.885,77.65,"LINESTRING(77.647776 12.890004, 77.65 12.885)",70,9.1,No,0,0,0,Good,Medium,0.51,1.0,0.0,24.4,Safe,SEG-00240,SEG_000000240,67.3,61,21.1,Aligned,60.9,61.8,Separated Traffic,Peri-Urban,8,True,Residential,Poor Infrastructure,Hosur Road Extension,3,0.0,,False,50.9,61,0,0
241,Hosur Road Extension Seg-5,Highway,Aligned,9,9,Aligned,0.8933098289079681,0.8933098289079681,0.101519718755128,0.005160696011304194,9.756325599775675e-06,58,58,100.0,18.8,19.2,80,59.3,0,5.453000000000001,7.271000000000001,12.885,77.65,12.87,77.65666666666667,"LINESTRING(77.65 12.885, 77.656667 12.87)",70,5.9,No,0,0,0,Poor,Low,0.53,1.0,0.0,19.8,Safe,SEG-00241,SEG_000000241,73.4,58,17.2,Aligned,58.1,54.0,Separated Traffic,Peri-Urban,8,True,Commercial,Poor Infrastructure,Hosur Road Extension,4,0.201,Light,False,42.9,58,0,0
242,Hosur Road Extension Seg-6,Highway,Aligned,10,10,Aligned,0.8714687255681847,0.8714687255681847,0.10833320737866102,0.020169276511604224,2.8790541550065578e-05,50,50,100.0,24.7,30.2,80,52.5,0,7.271000000000001,9.089,12.87,77.65666666666667,12.855,77.66333333333333,"LINESTRING(77.656667 12.87, 77.663333 12.855)",70,22.7,No,0,0,1,Good,Low,0.45,1.0,0.0,23.2,Safe,SEG-00242,SEG_000000242,72.8,50,20.2,Aligned,49.8,60.7,Separated Traffic,Peri-Urban,4,True,Mixed,Approach to Congestion (Tapered) | Poor Infrastructure,Hosur Road Extension,5,0.171,Light,True,38.3,50,0,0
243,Hosur Road Extension Seg-7,Highway,Moderate Misalignment,27,27,Moderate Misalignment,0.9463998689818189,0.040646916423656955,0.9463998689818189,0.012945831835791583,7.382758732340971e-06,80,80,100.0,32.9,27.5,80,10.3,0,9.089,10.907,12.855,77.66333333333333,12.84,77.67,"LINESTRING(77.663333 12.855, 77.67 12.84)",90,24.2,No,0,0,1,Poor,Medium,0.42,1.0,0.0,26.1,Moderate Risk,SEG-00243,SEG_000000243,67.9,80,31.2,Moderate Misalignment,82.4,48.2,Separated Traffic,Peri-Urban,8,True,Industrial,Active Congestion | Poor Infrastructure | Above Human Tolerance Limit,Hosur Road Extension,6,0.635,Severe,False,30.2,80,0,0
244,Hosur Road Extension Seg-8,Highway,High Misalignment,30,30,High Misalignment,0.428209615041671,0.40614012403451677,0.16552257271507564,0.428209615041671,0.00012768820873658508,80,80,100.0,21.2,30.2,80,82.6,0,10.907,12.612,12.84,77.67,12.825714285714286,77.67571428571429,"LINESTRING(77.67 12.84, 77.675714 12.825714)",100,25.4,No,0,0,1,Good,Medium,0.36,0.84,16.0,40.8,Moderate Risk,SEG-00244,SEG_000000244,46.1,80,63.5,High Misalignment,116.3,56.8,Separated Traffic,Peri-Urban,7,True,Residential,Speed Limit Misaligned | Poor Infrastructure | Above Human Tolerance Limit,Hosur Road Extension,7,0.0,,False,111.6,80,0,0
245,Hosur Road Extension Seg-9,Highway,Moderate Misalignment,31,31,Moderate Misalignment,0.8760122583840586,0.00476683755716124,0.8760122583840586,0.11464611910491052,0.0045747849538696995,50,50,100.0,9.4,24.7,50,95.9,0,12.612,14.317,12.825714285714286,77.67571428571429,12.811428571428571,77.68142857142857,"LINESTRING(77.675714 12.825714, 77.681429 12.811429)",60,11.9,No,0,0,0,Good,High,0.35,0.79,21.0,33.7,Moderate Risk,SEG-00245,SEG_000000245,54.2,50,46.1,Moderate Misalignment,72.4,61.9,Side Impact Potential,Peri-Urban,6,False,Residential,Poor Infrastructure | Above Human Tolerance Limit,Hosur Road Extension,8,0.151,Light,False,57.2,50,0,0
246,Hosur Road Extension Seg-10,Highway,Aligned,13,13,Aligned,0.7325368215107649,0.7325368215107649,0.25472345601125296,0.011538628152381257,0.001201094325600908,80,80,100.0,0.0,17.1,80,78.5,0,14.317000000000002,16.022000000000002,12.811428571428571,77.68142857142857,12.797142857142855,77.68714285714286,"LINESTRING(77.681429 12.811429, 77.687143 12.797143)",80,8.9,No,0,0,0,Poor,High,0.32,0.92,8.0,24.3,Safe,SEG-00246,SEG_000000246,64.9,80,25.1,Moderate Misalignment,86.0,42.1,Separated Traffic,Rural,7,True,Residential,Poor Infrastructure,Hosur Road Extension,9,0.167,Light,False,65.7,80,0,0
247,Hosur Road Extension Seg-11,Highway,Moderate Misalignment,22,22,Moderate Misalignment,0.6958680297022903,0.2900046953741273,0.6958680297022903,0.014119311841331214,7.963082251140767e-06,66,66,100.0,0.0,15.1,80,49.5,0,16.022,17.726999999999997,12.797142857142855,77.68714285714286,12.782857142857145,77.69285714285714,"LINESTRING(77.687143 12.797143, 77.692857 12.782857)",90,7.3,No,0,0,0,Poor,Low,0.34,1.0,0.0,26.2,Moderate Risk,SEG-00247,SEG_000000247,61.3,66,31.1,Moderate Misalignment,66.5,36.8,Separated Traffic,Rural,8,True,Residential,Poor Infrastructure | Above Human Tolerance Limit,Hosur Road Extension,10,0.0,,False,56.3,66,0,0
248,Hosur Road Extension Seg-12,Highway,Aligned,8,8,Aligned,0.925733802425303,0.925733802425303,0.0732802551738158,0.0009822497820857715,3.6926187953404692e-06,66,66,100.0,0.0,13.2,80,69.4,0,17.727000000000004,19.432,12.782857142857145,77.69285714285714,12.768571428571429,77.69857142857143,"LINESTRING(77.692857 12.782857, 77.698571 12.768571)",70,4.6,No,0,0,0,Good,Medium,0.3,1.0,0.0,20.3,Safe,SEG-00248,SEG_000000248,69.5,66,17.5,Aligned,66.0,36.2,Separated Traffic,Rural,6,True,Residential,Poor Infrastructure,Hosur Road Extension,11,0.184,Light,False,49.6,66,0,0
249,Hosur Road Extension Seg-13,Highway,Aligned,8,8,Aligned,0.9441514414178271,0.9441514414178271,0.05441937230647861,0.0014239404611207022,5.245814573730893e-06,60,60,100.0,0.0,13.0,80,60.3,0,19.432,21.137,12.768571428571429,77.69857142857143,12.754285714285714,77.7042857142857,"LINESTRING(77.698571 12.768571, 77.704286 12.754286)",70,1.8,No,0,0,0,Poor,High,0.26,1.0,0.0,20.2,Safe,SEG-00249,SEG_000000249,69.6,60,17.4,Aligned,59.8,40.1,Separated Traffic,Rural,4,True,Residential,Poor Infrastructure,Hosur Road Extension,12,0.215,Light,False,43.5,60,0,0
250,Hosur Road Extension Seg-14,Highway,Moderate Misalignment,28,28,Moderate Misalignment,0.8656653302205572,0.07653236013757814,0.8656653302205572,0.05743067636479862,0.00037163327706597185,50,50,100.0,0.0,12.1,50,84.4,0,21.137,22.842,12.754285714285714,77.7042857142857,12.74,77.71,"LINESTRING(77.704286 12.754286, 77.71 12.74)",70,3.6,No,0,0,0,Poor,Low,0.24,0.95,5.0,31.7,Moderate Risk,SEG-00250,SEG_000000250,51.9,50,46.8,Moderate Misalignment,73.6,34.1,Side Impact Potential,Rural,7,False,Residential,Poor Infrastructure | Above Human Tolerance Limit,Hosur Road Extension,13,0.0,,False,59.6,50,0,0
251,Hosur Road Extension Seg-15,Highway,High Misalignment,50,50,High Misalignment,0.8650317027007846,0.0017591534731705783,0.12788128322966788,0.8650317027007846,0.005327860596376898,50,50,100.0,0.0,12.1,50,98.1,0,22.842,24.514,12.74,77.71,12.72625,77.71625,"LINESTRING(77.71 12.74, 77.71625 12.72625)",70,4.1,No,0,0,0,Poor,Medium,0.15,0.65,35.0,40.3,Moderate Risk,SEG-00251,SEG_000000251,39.1,50,68.2,High Misalignment,94.3,33.2,Side Impact Potential,Rural,5,False,Residential,Speed Limit Misaligned | Poor Infrastructure | Above Human Tolerance Limit,Hosur Road Extension,14,0.22,Light,False,68.8,50,0,0
252,Hosur Road Extension Seg-16,Highway,Moderate Misalignment,20,20,Moderate Misalignment,0.6267579581212404,0.3707604969670364,0.6267579581212404,0.002466667308428912,1.487760329445376e-05,78,78,100.0,14.1,15.6,80,58.8,0,24.514000000000003,24.708,12.72625,77.71625,12.724655,77.71697499999999,"LINESTRING(77.71625 12.72625, 77.716975 12.724655)",90,7.8,No,0,0,0,Poor,Medium,0.17,1.0,0.0,24.3,Safe,SEG-00252,SEG_000000252,65.1,78,29.5,Moderate Misalignment,78.3,38.9,Separated Traffic,Rural,5,True,Residential,Poor Infrastructure | Above Human Tolerance Limit,Hosur Road Extension,15,0.13,Light,False,62.5,78,0,0