segment_id,road_name,road_type,risk_category,road_risk_score,segment_risk_score,ai_risk_label,ai_risk_probability,prob_low_risk,prob_medium_risk,prob_high_risk,prob_critical_risk,ai_recommended_speed,recommended_safe_speed,road_function_score,infrastructure_score,exposure_score,human_tolerance_limit,operating_speed_score,crash_risk_score,start_km,end_km,start_lat,start_lon,end_lat,end_lon,geometry,posted_speed_limit,pedestrian_exposure_score,blackspot_flag,crash_count,fatal_crashes,schools_count,lighting_quality,roadside_hazards,intersection_density,speed_compliance_rate,speed_violation_score,hotspot_score,hotspot_category,human_segment_id,internal_id,speed_safety_score,original_safe_speed,misalignment_score,misalignment_category,speed_p85,ptw_share_pct,exposure_tier,urban_rural_flag,lane_count,median_presence,land_use_type,top_ai_factors,corridor_base,corridor_seq,congestion_index,congestion_category,congestion_smoothed,operating_speed_mean,final_safe_speed,minor_crashes,major_crashes
253,Hosur Road Extension Seg-17,Highway,Moderate Misalignment,18,18,Moderate Misalignment,0.5065358695407772,0.4871952011336835,0.5065358695407772,0.0057762826385329155,0.0004926466870064303,76,76,100.0,7.1,17.1,80,58.6,0,24.708,26.186,12.724655,77.71697499999999,12.7125,77.7225,"LINESTRING(77.716975 12.724655, 77.7225 12.7125)",90,11.4,No,0,0,0,Good,Medium,0.15,1.0,0.0,25.9,Moderate Risk,SEG-00253,SEG_000000253,62.9,76,30.9,Moderate Misalignment,76.4,37.7,Separated Traffic,Rural,4,True,Residential,Poor Infrastructure | Above Human Tolerance Limit,Hosur Road Extension,16,0.0,,False,62.4,76,0,0
254,Hosur Road Extension Seg-18,Highway,Moderate Misalignment,32,32,Moderate Misalignment,0.6738352671217763,0.09097356302261636,0.6738352671217763,0.23478486142430932,0.0004063084312978923,50,50,100.0,5.9,16.6,50,80.5,0,26.186,27.858,12.7125,77.7225,12.69875,77.72874999999999,"LINESTRING(77.7225 12.7125, 77.72875 12.69875)",60,8.0,No,0,0,0,Poor,Medium,0.14,0.96,4.0,27.0,Moderate Risk,SEG-00254,SEG_000000254,61.0,50,33.7,Moderate Misalignment,62.7,40.7,Side Impact Potential,Rural,4,False,Industrial,Poor Infrastructure | Above Human Tolerance Limit,Hosur Road Extension,17,0.196,Light,False,47.0,50,0,0
255,Hosur Road Extension Seg-19,Highway,High Misalignment,43,43,High Misalignment,0.626063899933021,0.01985180588310817,0.3478737693642996,0.626063899933021,0.006210524819571369,50,50,100.0,0.0,16.3,50,86.3,0,27.858000000000004,29.53100000000001,12.69875,77.72874999999999,12.685,77.735,"LINESTRING(77.72875 12.69875, 77.735 12.685)",60,9.0,No,0,0,0,Poor,Low,0.11,0.68,32.0,34.7,Moderate Risk,SEG-00255,SEG_000000255,49.0,50,51.6,High Misalignment,79.3,38.3,Side Impact Potential,Rural,8,False,Residential,Speed Limit Misaligned | Approach to Congestion (Tapered) | Poor Infrastructure,Hosur Road Extension,18,0.0,,True,69.1,50,0,0
256,Hosur Road Extension Seg-20,Highway,Moderate Misalignment,28,28,Moderate Misalignment,0.9829867611825769,0.016554348529133307,0.9829867611825769,0.0004564562132186533,2.4340750712997857e-06,80,80,100.0,24.7,15.5,80,7.6,0,29.531,31.204,12.685,77.735,12.67125,77.74125000000001,"LINESTRING(77.735 12.685, 77.74125 12.67125)",90,8.6,No,0,0,0,Poor,Low,0.12,1.0,0.0,22.6,Safe,SEG-00256,SEG_000000256,68.1,80,28.1,Moderate Misalignment,81.5,36.5,Separated Traffic,Rural,5,True,Residential,Active Congestion | Poor Infrastructure | Above Human Tolerance Limit,Hosur Road Extension,19,0.66,Severe,False,28.4,80,0,0
257,Hosur Road Extension Seg-21,Highway,Moderate Misalignment,29,29,Moderate Misalignment,0.9257993881840516,0.03105531918857957,0.9257993881840516,0.043090840057430815,5.4452569937937285e-05,50,50,100.0,0.0,19.8,50,71.0,0,31.204,32.877,12.67125,77.74125000000001,12.6575,77.7475,"LINESTRING(77.74125 12.67125, 77.7475 12.6575)",60,11.0,No,0,0,0,Poor,Medium,0.14,1.0,0.0,28.1,Moderate Risk,SEG-00257,SEG_000000257,60.3,50,32.8,Moderate Misalignment,51.4,46.0,Side Impact Potential,Rural,4,False,Residential,Poor Infrastructure | Above Human Tolerance Limit,Hosur Road Extension,20,0.138,Light,False,40.7,50,0,0
258,Hosur Road Extension Seg-22,Highway,Moderate Misalignment,27,27,Moderate Misalignment,0.8482902136675873,0.10911847429056772,0.8482902136675873,0.04251185209528736,7.945994655753643e-05,80,80,100.0,0.0,10.5,80,99.1,0,32.877,34.550000000000004,12.6575,77.7475,12.64375,77.75375,"LINESTRING(77.7475 12.6575, 77.75375 12.64375)",80,0.5,No,0,0,0,Poor,High,0.1,0.81,19.0,25.7,Moderate Risk,SEG-00258,SEG_000000258,60.4,80,32.7,Moderate Misalignment,95.5,34.1,Separated Traffic,Rural,4,True,Residential,Poor Infrastructure,Hosur Road Extension,21,0.0,,False,79.4,80,0,0
259,Hosur Road Extension Seg-23,Highway,Aligned,10,10,Aligned,0.8741659944548619,0.8741659944548619,0.11793239254420859,0.007896159780420575,5.453220508861248e-06,44,44,100.0,0.0,15.0,80,63.8,0,34.55,36.223,12.64375,77.75375,12.63,77.76,"LINESTRING(77.75375 12.64375, 77.76 12.63)",60,7.9,No,0,0,0,Good,Medium,0.11,1.0,0.0,21.0,Safe,SEG-00259,SEG_000000259,69.1,44,18.1,Aligned,43.9,35.7,Separated Traffic,Rural,5,True,Residential,Poor Infrastructure,Hosur Road Extension,22,0.0,,False,35.9,44,0,0
448,Inner Ring Road Seg-1,Arterial,Aligned,8,8,Aligned,0.9611197795334474,0.9611197795334474,0.03835582304051682,0.0004946041174787104,2.979330855718609e-05,41,41,77.5,23.5,40.5,50,76.6,0,0.0,0.418,12.995,77.595,12.993571428571428,77.59857142857143,"LINESTRING(77.595 12.995, 77.598571 12.993571)",50,43.7,No,0,0,1,Good,Low,2.16,1.0,0.0,27.3,Moderate Risk,SEG-00448,SEG_000000448,70.4,41,23.9,Aligned,40.9,55.3,Side Impact Potential,Urban,5,False,Residential,Poor Infrastructure,Inner Ring Road,0,0.0,,False,34.4,41,0,0
449,Inner Ring Road Seg-2,Arterial,Moderate Misalignment,24,24,Moderate Misalignment,0.8281323338590323,0.168204129395601,0.8281323338590323,0.0036510037585521194,1.2532986814490365e-05,50,50,80.5,10.6,21.9,50,95.0,0,0.418,0.836,12.993571428571428,77.59857142857143,12.992142857142856,77.60214285714285,"LINESTRING(77.598571 12.993571, 77.602143 12.992143)",40,9.6,No,0,0,0,Good,Medium,2.17,0.72,28.0,26.8,Moderate Risk,SEG-00449,SEG_000000449,63.5,50,31.0,Moderate Misalignment,51.4,56.4,Side Impact Potential,Urban,3,True,Industrial,Poor Infrastructure,Inner Ring Road,1,0.0,,False,43.4,50,0,0
450,Inner Ring Road Seg-3,Arterial,High Misalignment,50,50,High Misalignment,0.925088753300726,0.005699933241173522,0.06906758012463396,0.925088753300726,0.0001437333334665414,30,30,77.5,49.4,54.1,30,71.4,0,0.8360000000000001,1.254,12.992142857142856,77.60214285714285,12.990714285714285,77.60571428571428,"LINESTRING(77.602143 12.992143, 77.605714 12.990714)",50,64.6,No,0,0,2,Poor,High,2.13,1.0,0.0,39.1,Moderate Risk,SEG-00450,SEG_000000450,59.2,30,51.2,High Misalignment,38.1,59.6,Significant Pedestrian Interaction,Urban,5,False,Residential,Speed Limit Misaligned | High Pedestrian Interaction | Above Human Tolerance Limit,Inner Ring Road,2,0.0,,False,30.9,30,0,0
451,Inner Ring Road Seg-4,Arterial,Aligned,8,8,Aligned,0.9334262836113134,0.9334262836113134,0.06595514639210559,0.0005669738928089854,5.159610377193903e-05,29,29,85.5,57.6,42.5,50,72.8,0,1.254,1.672,12.990714285714285,77.60571428571428,12.989285714285714,77.60928571428572,"LINESTRING(77.605714 12.990714, 77.609286 12.989286)",40,51.6,No,0,0,1,Poor,High,2.3,1.0,0.0,22.9,Safe,SEG-00451,SEG_000000451,79.4,29,20.2,Aligned,29.0,55.4,Side Impact Potential,Urban,5,True,Commercial,Meets Safe System Standards,Inner Ring Road,3,0.182,Light,False,21.9,29,0,0
452,Inner Ring Road Seg-5,Arterial,Aligned,10,10,Aligned,0.8982504533777197,0.8982504533777197,0.08565628122155466,0.01571734591615038,0.00037591948457544244,36,36,78.0,49.4,46.5,50,86.3,0,1.672,2.09,12.989285714285714,77.60928571428572,12.987857142857145,77.61285714285715,"LINESTRING(77.609286 12.989286, 77.612857 12.987857)",40,52.0,No,0,0,1,Good,High,1.96,1.0,0.0,25.7,Moderate Risk,SEG-00452,SEG_000000452,76.3,36,22.6,Aligned,36.0,61.7,Side Impact Potential,Urban,2,True,Mixed,Meets Safe System Standards,Inner Ring Road,4,0.0,,False,30.9,36,0,0
453,Inner Ring Road Seg-6,Arterial,Moderate Misalignment,26,26,Moderate Misalignment,0.8295311568239444,0.13575506346835942,0.8295311568239444,0.03421312925616949,0.0005006504515267242,30,30,83.0,76.5,43.2,30,87.0,0,2.09,2.508,12.987857142857145,77.61285714285715,12.98642857142857,77.61642857142857,"LINESTRING(77.612857 12.987857, 77.616429 12.986429)",40,45.5,No,0,0,0,Good,High,2.09,1.0,0.0,25.5,Moderate Risk,SEG-00453,SEG_000000453,76.8,30,30.9,Moderate Misalignment,38.8,64.5,Significant Pedestrian Interaction,Urban,4,True,Residential,High Pedestrian Interaction | Above Human Tolerance Limit,Inner Ring Road,5,0.0,,False,31.3,30,0,0
454,Inner Ring Road Seg-7,Arterial,Aligned,8,8,Aligned,0.9740961897476851,0.9740961897476851,0.023779854708284153,0.0020898180111265756,3.413753290406255e-05,35,35,77.5,57.6,32.7,50,64.6,0,2.508,2.926,12.98642857142857,77.61642857142857,12.985,77.62,"LINESTRING(77.616429 12.986429, 77.62 12.985)",50,27.6,No,0,0,0,Good,Medium,2.05,1.0,0.0,19.1,Safe,SEG-00454,SEG_000000454,81.4,35,16.8,Aligned,35.4,57.5,Side Impact Potential,Urban,5,False,Commercial,Approach to Congestion (Tapered),Inner Ring Road,6,0.2,Light,True,26.4,35,0,0
455,Inner Ring Road Seg-8,Arterial,Moderate Misalignment,24,24,Moderate Misalignment,0.7911863539587357,0.20004127751090778,0.7911863539587357,0.008720636324364813,5.1732205991756196e-05,50,50,70.0,58.8,47.0,50,45.7,0,2.926,3.384,12.985,77.62,12.981,77.62100000000001,"LINESTRING(77.62 12.985, 77.621 12.981)",50,47.8,No,0,0,2,Good,Medium,2.2,0.76,24.0,29.4,Moderate Risk,SEG-00455,SEG_000000455,71.4,50,33.9,Moderate Misalignment,61.9,67.7,Side Impact Potential,Urban,2,False,Mixed,Active Congestion,Inner Ring Road,7,0.793,Severe,False,13.8,50,0,0
456,Inner Ring Road Seg-9,Arterial,Moderate Misalignment,24,24,Moderate Misalignment,0.782200773301365,0.21393450249534593,0.782200773301365,0.0037930274226848303,7.16967806043737e-05,44,44,85.5,23.5,33.2,50,91.0,0,3.384,3.842,12.981,77.62100000000001,12.977,77.622,"LINESTRING(77.621 12.981, 77.622 12.977)",40,25.6,No,0,0,1,Good,Low,1.83,0.9,10.0,26.1,Moderate Risk,SEG-00456,SEG_000000456,69.5,44,25.3,Moderate Misalignment,43.8,61.9,Side Impact Potential,Urban,5,True,Commercial,Poor Infrastructure,Inner Ring Road,8,0.161,Light,False,34.0,44,0,0
457,Inner Ring Road Seg-10,Arterial,Moderate Misalignment,24,24,Moderate Misalignment,0.8171870557356262,0.1737438479843594,0.8171870557356262,0.00895751664812487,0.00011157963188940732,50,50,88.0,45.9,32.5,50,94.4,0,3.842,4.3,12.977,77.622,12.973,77.623,"LINESTRING(77.622 12.977, 77.623 12.973)",50,24.0,No,0,0,0,Good,High,1.68,0.86,14.0,23.7,Safe,SEG-00457,SEG_000000457,74.0,50,25.3,Moderate Misalignment,56.8,62.7,Side Impact Potential,Urban,6,True,Commercial,Meets Safe System Standards,Inner Ring Road,9,0.0,,False,46.3,50,0,0
458,Inner Ring Road Seg-11,Arterial,Aligned,15,15,Aligned,0.6192122017591631,0.6192122017591631,0.36325421556161,0.017331503061154555,0.0002020796180722224,49,49,88.0,25.9,34.1,50,90.0,0,4.3,4.758,12.973,77.623,12.969,77.624,"LINESTRING(77.623 12.973, 77.624 12.969)",50,25.1,No,0,0,0,Good,High,1.73,1.0,0.0,24.5,Safe,SEG-00458,SEG_000000458,72.3,49,21.4,Aligned,49.1,66.1,Side Impact Potential,Urban,6,True,Residential,Poor Infrastructure,Inner Ring Road,10,0.0,,False,43.4,49,0,0
459,Inner Ring Road Seg-12,Arterial,High Misalignment,50,50,High Misalignment,0.8859859412446353,0.004473002770043398,0.10946822375423486,0.8859859412446353,7.283223108656478e-05,30,30,85.5,49.4,49.3,30,63.2,0,4.758,5.216,12.969,77.624,12.965,77.625,"LINESTRING(77.624 12.969, 77.625 12.965)",60,57.1,No,0,0,2,Good,Medium,1.8,1.0,0.0,42.4,Moderate Risk,SEG-00459,SEG_000000459,52.4,30,62.5,High Misalignment,48.0,65.2,Significant Pedestrian Interaction,Urban,5,True,Mixed,Speed Limit Misaligned | High Pedestrian Interaction | Recent Severe Crash History,Inner Ring Road,11,0.2,Light,False,35.4,30,0,0
460,Inner Ring Road Seg-13,Arterial,Moderate Misalignment,24,24,Moderate Misalignment,0.8177740317379677,0.17324639536285655,0.8177740317379677,0.008934507153079575,4.5065746096062424e-05,50,50,88.0,29.4,30.3,50,94.7,0,5.216,5.703,12.965,77.625,12.963,77.621,"LINESTRING(77.625 12.965, 77.621 12.963)",60,23.1,No,0,0,0,Good,Low,2.34,0.87,13.0,31.0,Moderate Risk,SEG-00460,SEG_000000460,61.4,50,40.8,Moderate Misalignment,67.9,60.4,Side Impact Potential,Urban,6,True,Mixed,Poor Infrastructure | Above Human Tolerance Limit,Inner Ring Road,12,0.0,,False,63.5,50,0,0
461,Inner Ring Road Seg-14,Arterial,Aligned,8,8,Aligned,0.9541738678734882,0.9541738678734882,0.0430925387935457,0.002716722787985967,1.6870544980136065e-05,50,50,72.5,22.4,30.3,50,85.7,0,5.702999999999999,6.19,12.963,77.621,12.961,77.617,"LINESTRING(77.621 12.963, 77.617 12.961)",50,23.1,No,0,0,0,Good,Medium,2.25,0.92,8.0,25.1,Moderate Risk,SEG-00461,SEG_000000461,69.8,50,24.5,Aligned,53.8,60.8,Side Impact Potential,Urban,3,False,Commercial,Poor Infrastructure,Inner Ring Road,13,0.194,Light,False,40.5,50,0,0
462,Inner Ring Road Seg-15,Arterial,Aligned,8,8,Aligned,0.9790835391734077,0.9790835391734077,0.019960065836761704,0.0009437090408533839,1.2685948977105908e-05,40,40,80.5,27.1,27.0,50,77.7,0,6.19,6.677,12.961,77.617,12.959,77.613,"LINESTRING(77.617 12.961, 77.613 12.959)",50,14.5,No,0,0,0,Good,Medium,2.3,1.0,0.0,21.6,Safe,SEG-00462,SEG_000000462,74.1,40,18.8,Aligned,40.3,64.3,Side Impact Potential,Urban,3,True,Residential,Poor Infrastructure,Inner Ring Road,14,0.0,,False,35.2,40,0,0
463,Inner Ring Road Seg-16,Arterial,Moderate Misalignment,29,29,Moderate Misalignment,0.918857380371217,0.02599883481741302,0.918857380371217,0.055078587540727496,6.519727064275644e-05,30,30,78.0,65.9,48.9,30,77.1,0,6.677,7.164,12.959,77.613,12.957,77.60900000000001,"LINESTRING(77.613 12.959, 77.609 12.957)",40,56.1,No,0,0,2,Good,High,2.06,1.0,0.0,29.4,Moderate Risk,SEG-00463,SEG_000000463,72.6,30,34.3,Moderate Misalignment,32.2,57.1,Significant Pedestrian Interaction,Urban,2,True,Commercial,High Pedestrian Interaction | Above Human Tolerance Limit,Inner Ring Road,15,0.165,Light,False,24.7,30,0,0
464,Inner Ring Road Seg-17,Arterial,Aligned,8,8,Aligned,0.9748180599589005,0.9748180599589005,0.023011801249187457,0.0018397515676751958,0.0003303872242367255,37,37,85.5,61.2,34.2,50,74.0,0,7.164,7.651,12.957,77.60900000000001,12.955,77.605,"LINESTRING(77.609 12.957, 77.605 12.955)",50,25.7,No,0,0,0,Good,Medium,1.78,1.0,0.0,19.2,Safe,SEG-00464,SEG_000000464,82.2,37,16.8,Aligned,36.8,67.6,Side Impact Potential,Urban,5,True,Commercial,Meets Safe System Standards,Inner Ring Road,16,0.0,,False,32.7,37,0,0
465,Inner Ring Road Seg-18,Arterial,Aligned,8,8,Aligned,0.9750773467574502,0.9750773467574502,0.023821702872230222,0.0010632345242738521,3.771584604591367e-05,41,41,72.5,35.3,42.4,50,82.3,0,7.650999999999999,8.068999999999999,12.955,77.605,12.956428571428573,77.60142857142857,"LINESTRING(77.605 12.955, 77.601429 12.956429)",50,46.8,No,0,0,1,Good,High,2.09,1.0,0.0,26.3,Moderate Risk,SEG-00465,SEG_000000465,73.3,41,23.0,Aligned,41.0,61.1,Side Impact Potential,Urban,3,False,Industrial,Approach to Congestion (Tapered),Inner Ring Road,17,0.0,,True,38.2,41,0,0
466,Inner Ring Road Seg-19,Arterial,Aligned,8,8,Aligned,0.9431849410031786,0.9431849410031786,0.04822557804686351,0.008557414971604156,3.2065978353591065e-05,36,36,88.0,24.7,31.5,50,51.8,0,8.069,8.487,12.956428571428573,77.60142857142857,12.957857142857144,77.59785714285715,"LINESTRING(77.601429 12.956429, 77.597857 12.957857)",40,25.5,No,0,0,0,Poor,High,2.45,1.0,0.0,23.6,Safe,SEG-00466,SEG_000000466,72.6,36,20.6,Aligned,36.5,59.7,Side Impact Potential,Urban,6,True,Residential,Active Congestion | Poor Infrastructure,Inner Ring Road,18,0.804,Severe,False,7.9,36,0,0
467,Inner Ring Road Seg-20,Arterial,Aligned,8,8,Aligned,0.9791408611416685,0.9791408611416685,0.019948278621257858,0.000898725332533602,1.2134904540001833e-05,28,28,83.0,37.6,30.9,50,70.6,0,8.487,8.644,12.957857142857144,77.59785714285715,12.958393,77.5965175,"LINESTRING(77.597857 12.957857, 77.596518 12.958393)",40,23.3,No,0,0,0,Poor,Medium,2.16,1.0,0.0,21.5,Safe,SEG-00467,SEG_000000467,76.2,28,18.8,Aligned,27.5,61.9,Side Impact Potential,Urban,4,True,Commercial,Meets Safe System Standards,Inner Ring Road,19,0.203,Light,False,20.4,28,0,0
468,Inner Ring Road Seg-21,Arterial,Aligned,8,8,Aligned,0.9519173126903115,0.9519173126903115,0.04695596658595091,0.0011115749907009244,1.5145733036529626e-05,41,41,88.0,22.4,29.0,50,72.9,0,8.644,8.736,12.958393,77.5965175,12.958708,77.59573,"LINESTRING(77.596518 12.958393, 77.59573 12.958708)",50,19.5,No,0,0,0,Good,Low,2.27,1.0,0.0,23.0,Safe,SEG-00468,SEG_000000468,72.4,41,20.1,Aligned,40.9,63.3,Side Impact Potential,Urban,6,True,Residential,Poor Infrastructure,Inner Ring Road,20,0.155,Light,False,31.9,41,0,0
469,Inner Ring Road Seg-22,Arterial,Aligned,8,8,Aligned,0.9690043161935736,0.9690043161935736,0.03028782801282489,0.0006948370403844152,1.3018753216942354e-05,42,42,70.0,14.1,28.0,50,77.6,0,8.735999999999999,8.905,12.958708,77.59573,12.959285714285716,77.59428571428572,"LINESTRING(77.59573 12.958708, 77.594286 12.959286)",50,14.9,No,0,0,1,Good,Medium,2.05,1.0,0.0,23.9,Safe,SEG-00469,SEG_000000469,70.3,42,20.8,Aligned,41.7,67.3,Side Impact Potential,Urban,2,False,Commercial,Poor Infrastructure,Inner Ring Road,21,0.0,,False,35.1,42,0,0
470,Inner Ring Road Seg-23,Arterial,High Misalignment,46,46,High Misalignment,0.7647104253627302,0.01555666453069324,0.2193830576322522,0.7647104253627302,0.0003498524743245117,30,30,78.0,51.8,51.3,30,90.0,0,8.905000000000001,9.323,12.959285714285716,77.59428571428572,12.960714285714284,77.59071428571428,"LINESTRING(77.594286 12.959286, 77.590714 12.960714)",40,66.2,No,0,0,1,Poor,Medium,1.86,0.96,4.0,33.1,Moderate Risk,SEG-00470,SEG_000000470,67.1,30,38.7,Moderate Misalignment,41.7,58.8,Significant Pedestrian Interaction,Urban,2,True,Commercial,High Pedestrian Interaction | Above Human Tolerance Limit,Inner Ring Road,22,0.131,Light,False,33.3,30,0,0
471,Inner Ring Road Seg-24,Arterial,Moderate Misalignment,27,27,Moderate Misalignment,0.9538681546787572,0.04481815156737584,0.9538681546787572,0.0012882798845265343,2.541386934017118e-05,50,50,72.5,32.9,37.9,50,97.2,0,9.323,9.741,12.960714285714284,77.59071428571428,12.962142857142856,77.58714285714285,"LINESTRING(77.590714 12.960714, 77.587143 12.962143)",40,33.6,No,0,0,1,Good,High,2.28,0.73,27.0,29.4,Moderate Risk,SEG-00471,SEG_000000471,66.7,50,33.1,Moderate Misalignment,50.9,67.8,Side Impact Potential,Urban,3,False,Mixed,Poor Infrastructure,Inner Ring Road,23,0.0,,False,41.9,50,0,0
472,Inner Ring Road Seg-25,Arterial,Aligned,8,8,Aligned,0.9723259287739706,0.9723259287739706,0.026768867763288733,0.0008996237113249027,5.5797514159532915e-06,30,30,78.0,0.0,22.8,50,80.1,0,9.741,10.159,12.962142857142856,77.58714285714285,12.963571428571427,77.58357142857143,"LINESTRING(77.587143 12.962143, 77.583571 12.963571)",40,7.5,No,0,0,0,Good,Low,2.15,1.0,0.0,24.0,Safe,SEG-00472,SEG_000000472,67.5,30,20.8,Aligned,29.5,62.9,Side Impact Potential,Urban,2,True,Mixed,Approach to Congestion (Tapered) | Poor Infrastructure,Inner Ring Road,24,0.0,,True,26.7,30,0,0
473,Inner Ring Road Seg-26,Arterial,Moderate Misalignment,29,29,Moderate Misalignment,0.9226573655735149,0.00789750902063665,0.9226573655735149,0.0694349539520346,1.0171453813749042e-05,30,30,75.0,63.5,52.7,30,51.3,0,10.159,10.577,12.963571428571427,77.58357142857143,12.965,77.58,"LINESTRING(77.583571 12.963571, 77.58 12.965)",50,64.7,No,0,0,2,Good,Medium,2.02,1.0,0.0,36.4,Moderate Risk,SEG-00473,SEG_000000473,63.4,30,48.9,Moderate Misalignment,42.5,67.5,Significant Pedestrian Interaction,Urban,4,False,Industrial,High Pedestrian Interaction | Active Congestion | Above Human Tolerance Limit,Inner Ring Road,25,0.569,Severe,False,17.5,30,0,0
474,Inner Ring Road Seg-27,Arterial,Aligned,16,16,Aligned,0.5856477399730087,0.5856477399730087,0.4071320831562032,0.0071729724444845435,4.72044263036528e-05,42,42,85.5,27.1,25.4,50,92.8,0,10.577,11.022,12.965,77.58,12.969,77.58,"LINESTRING(77.58 12.965, 77.58 12.969)",40,12.4,No,0,0,0,Good,Low,1.94,0.94,6.0,21.9,Safe,SEG-00474,SEG_000000474,73.1,42,20.6,Aligned,42.3,63.7,Side Impact Potential,Urban,5,True,Residential,Poor Infrastructure,Inner Ring Road,26,0.0,,False,35.2,42,0,0
475,Inner Ring Road Seg-28,Arterial,Aligned,13,13,Aligned,0.7171601631275194,0.7171601631275194,0.27994030564972144,0.0028775065906018783,2.2024632157224667e-05,36,36,77.5,20.0,27.9,50,91.0,0,11.022,11.467,12.969,77.58,12.973,77.58,"LINESTRING(77.58 12.969, 77.58 12.973)",40,14.8,No,0,0,0,Good,Medium,2.32,1.0,0.0,23.0,Safe,SEG-00475,SEG_000000475,72.0,36,20.0,Aligned,36.5,66.3,Side Impact Potential,Urban,5,False,Commercial,Poor Infrastructure,Inner Ring Road,27,0.0,,False,34.0,36,0,0
476,Inner Ring Road Seg-29,Arterial,Moderate Misalignment,24,24,Moderate Misalignment,0.7774960170609199,0.21667719165348484,0.7774960170609199,0.005791284946125613,3.550633946962362e-05,50,50,72.5,41.2,27.3,50,96.8,0,11.467,11.912,12.973,77.58,12.977,77.58,"LINESTRING(77.58 12.973, 77.58 12.977)",60,20.7,No,0,0,0,Good,High,1.99,0.81,19.0,29.5,Moderate Risk,SEG-00476,SEG_000000476,63.1,50,41.9,Moderate Misalignment,71.5,55.5,Side Impact Potential,Urban,3,False,Mixed,Above Human Tolerance Limit,Inner Ring Road,28,0.0,,False,62.1,50,0,0
477,Inner Ring Road Seg-30,Arterial,Moderate Misalignment,28,28,Moderate Misalignment,0.9753097874063583,0.014425308336599107,0.9753097874063583,0.010237569917972707,2.733433906984268e-05,30,30,70.0,71.8,61.9,30,83.4,0,11.912,12.357,12.977,77.58,12.981,77.58,"LINESTRING(77.58 12.977, 77.58 12.981)",40,79.7,No,0,0,1,Good,High,2.21,1.0,0.0,33.5,Moderate Risk,SEG-00477,SEG_000000477,71.6,30,38.0,Moderate Misalignment,39.0,61.0,Significant Pedestrian Interaction,Urban,2,False,Residential,High Pedestrian Interaction | Approach to Congestion (Tapered) | Above Human Tolerance Limit,Inner Ring Road,29,0.195,Light,True,29.0,30,0,0
478,Inner Ring Road Seg-31,Arterial,Aligned,8,8,Aligned,0.9686209395393418,0.9686209395393418,0.026604090230977713,0.004738744161162025,3.622606851861565e-05,41,41,83.0,35.3,31.6,50,47.7,0,12.357,12.568,12.981,77.58,12.982896,77.58,"LINESTRING(77.58 12.981, 77.58 12.982896)",50,26.4,No,0,0,0,Good,High,1.93,1.0,0.0,22.1,Safe,SEG-00478,SEG_000000478,75.5,41,19.3,Aligned,41.3,57.3,Side Impact Potential,Urban,4,True,Commercial,Active Congestion,Inner Ring Road,30,0.632,Severe,False,15.1,41,0,0
479,Inner Ring Road Seg-32,Arterial,Aligned,8,8,Aligned,0.9440146088841856,0.9440146088841856,0.05360794992261925,0.002369065712692955,8.375480502016746e-06,42,42,85.5,10.6,24.4,50,63.7,0,12.568,12.802,12.982896,77.58,12.985,77.58,"LINESTRING(77.58 12.982896, 77.58 12.985)",40,13.9,No,0,0,0,Good,High,2.34,0.96,4.0,23.7,Safe,SEG-00479,SEG_000000479,69.1,42,21.7,Aligned,41.6,57.3,Side Impact Potential,Urban,5,True,Industrial,Active Congestion | Poor Infrastructure,Inner Ring Road,31,0.606,Severe,False,15.8,42,0,0
480,Inner Ring Road Seg-33,Arterial,Aligned,8,8,Aligned,0.9641475053658003,0.9641475053658003,0.03506048505752654,0.000787344243213894,4.665333459169173e-06,37,37,80.0,10.6,22.6,50,76.3,0,12.802,13.294,12.985,77.58,12.9875,77.58375,"LINESTRING(77.58 12.985, 77.58375 12.9875)",50,6.5,No,0,0,0,Good,Low,2.01,1.0,0.0,22.4,Safe,SEG-00480,SEG_000000480,70.5,37,19.4,Aligned,36.7,62.9,Side Impact Potential,Urban,6,False,Industrial,Poor Infrastructure,Inner Ring Road,32,0.0,,False,34.2,37,0,0