segment_id,road_name,road_type,risk_category,road_risk_score,segment_risk_score,ai_risk_label,ai_risk_probability,prob_low_risk,prob_medium_risk,prob_high_risk,prob_critical_risk,ai_recommended_speed,recommended_safe_speed,road_function_score,infrastructure_score,exposure_score,human_tolerance_limit,operating_speed_score,crash_risk_score,start_km,end_km,start_lat,start_lon,end_lat,end_lon,geometry,posted_speed_limit,pedestrian_exposure_score,blackspot_flag,crash_count,fatal_crashes,schools_count,lighting_quality,roadside_hazards,intersection_density,speed_compliance_rate,speed_violation_score,hotspot_score,hotspot_category,human_segment_id,internal_id,speed_safety_score,original_safe_speed,misalignment_score,misalignment_category,speed_p85,ptw_share_pct,exposure_tier,urban_rural_flag,lane_count,median_presence,land_use_type,top_ai_factors,corridor_base,corridor_seq,congestion_index,congestion_category,congestion_smoothed,operating_speed_mean,final_safe_speed,minor_crashes,major_crashes
481,Inner Ring Road Seg-34,Arterial,Moderate Misalignment,30,30,Moderate Misalignment,0.8837358198736558,0.015526954292609151,0.8837358198736558,0.09992060607990472,0.0008166197538303522,30,30,88.0,72.9,58.3,30,89.0,0,13.294,13.786,12.9875,77.58375,12.989999999999998,77.5875,"LINESTRING(77.58375 12.9875, 77.5875 12.99)",50,77.4,No,0,0,1,Poor,Medium,2.1,0.72,28.0,42.8,Moderate Risk,SEG-00481,SEG_000000481,56.2,30,63.9,High Misalignment,63.8,55.1,Significant Pedestrian Interaction,Urban,6,True,Residential,Speed Limit Misaligned | High Pedestrian Interaction | Above Human Tolerance Limit,Inner Ring Road,33,0.0,,False,57.3,30,0,0
482,Inner Ring Road Seg-35,Arterial,Moderate Misalignment,27,27,Moderate Misalignment,0.9242205295355914,0.06527800218441664,0.9242205295355914,0.010441530095847683,5.993818414421794e-05,30,30,80.5,54.1,36.4,30,93.9,0,13.786,14.278000000000002,12.989999999999998,77.5875,12.9925,77.59125,"LINESTRING(77.5875 12.99, 77.59125 12.9925)",40,35.7,No,0,0,0,Good,Medium,2.48,0.8,20.0,29.6,Moderate Risk,SEG-00482,SEG_000000482,66.9,30,39.8,Moderate Misalignment,48.0,55.1,Significant Pedestrian Interaction,Urban,3,True,Mixed,High Pedestrian Interaction | Above Human Tolerance Limit,Inner Ring Road,34,0.193,Light,False,35.9,30,0,0
483,Inner Ring Road Seg-36,Arterial,Moderate Misalignment,27,27,Moderate Misalignment,0.9286569711391756,0.05037539728282795,0.9286569711391756,0.020817161739964996,0.0001504698380314093,30,30,70.0,58.8,50.2,30,84.9,0,14.278,14.77,12.9925,77.59125,12.995,77.595,"LINESTRING(77.59125 12.9925, 77.595 12.995)",40,57.2,No,0,0,1,Good,High,2.29,1.0,0.0,30.9,Moderate Risk,SEG-00483,SEG_000000483,70.4,30,35.6,Moderate Misalignment,37.1,63.8,Significant Pedestrian Interaction,Urban,2,False,Mixed,High Pedestrian Interaction | Above Human Tolerance Limit,Inner Ring Road,35,0.0,,False,30.0,30,0,0
899,Local Rd Zone2-899,Local,Moderate Misalignment,30,40,Moderate Misalignment,0.9117149723228178,0.08596994838603234,0.9117149723228178,0.0023070550482954203,8.024242854347937e-06,24,22,27.5,0.0,24.6,50,98.3,10,0.0,0.233,13.131850110566802,77.56344594461432,13.133589518253832,77.56224762423433,"LINESTRING(77.563446 13.13185, 77.562248 13.13359)",20,11.1,No,1,0,0,Good,Medium,3.0,0.8,20.0,28.8,Moderate Risk,SEG-00899,SEG_000000899,62.7,24,25.5,Moderate Misalignment,23.9,61.5,Side Impact Potential,Peri-Urban,1,False,Commercial,Poor Infrastructure,Local Rd Zone2-899,0,0.14,Light,False,18.9,22,1,0
900,Local Rd Zone2-900,Local,Aligned,7,7,Aligned,0.9933530694231566,0.9933530694231566,0.006132768200449997,0.0005104532964369648,3.7090799565233638e-06,25,25,30.0,30.6,26.6,50,86.4,0,0.2329999999999999,0.511,13.133589518253832,77.56224762423433,13.1352498908249,77.56033007161189,"LINESTRING(77.562248 13.13359, 77.56033 13.13525)",30,22.1,No,0,0,1,Poor,Low,2.72,1.0,0.0,20.9,Safe,SEG-00900,SEG_000000900,75.2,25,18.2,Aligned,25.0,51.4,Side Impact Potential,Peri-Urban,2,False,Industrial,Poor Infrastructure,Local Rd Zone2-899,1,0.0,,False,21.0,25,0,0
901,Local Rd Zone2-901,Local,Aligned,7,7,Aligned,0.9976527173220664,0.9976527173220664,0.002297484207353892,4.6605632375126126e-05,3.192838204450272e-06,26,26,27.5,14.1,18.6,50,87.0,0,0.0,0.261,12.839325930085677,77.67230228544435,12.837210372516092,77.6712498519732,"LINESTRING(77.672302 12.839326, 77.67125 12.83721)",30,7.1,No,0,0,0,Poor,Medium,2.91,1.0,0.0,20.3,Safe,SEG-00901,SEG_000000901,72.3,26,17.6,Aligned,25.9,49.8,Side Impact Potential,Peri-Urban,1,False,Residential,Poor Infrastructure,Local Rd Zone2-901,0,0.0,,False,21.3,26,0,0
902,Local Rd Zone2-902,Local,Aligned,8,8,Aligned,0.9769380498313857,0.9769380498313857,0.022250168809711243,0.0008078605612472719,3.920797655951441e-06,16,20,27.5,0.0,20.4,50,91.2,0,0.0,0.197,13.06522351956074,77.46056292281499,13.063476722138493,77.46087613474542,"LINESTRING(77.460563 13.065224, 77.460876 13.063477)",20,5.8,No,0,0,0,Good,Low,2.46,1.0,0.0,23.1,Safe,SEG-00902,SEG_000000902,68.0,16,20.0,Aligned,16.2,58.1,Side Impact Potential,Peri-Urban,1,False,Industrial,Poor Infrastructure,Local Rd Zone2-902,0,0.0,,False,14.1,20,0,0
903,Local Rd Zone2-903,Local,Aligned,7,7,Aligned,0.9873287924008919,0.9873287924008919,0.01223838008986703,0.0004304779583053573,2.3495509355773693e-06,26,26,30.0,10.6,20.6,50,64.0,0,0.0,0.22,12.862172774098797,77.71571294511601,12.86307302396549,77.7175206411553,"LINESTRING(77.715713 12.862173, 77.717521 12.863073)",30,5.9,No,0,0,0,Poor,High,2.31,1.0,0.0,21.6,Safe,SEG-00903,SEG_000000903,70.9,26,18.7,Aligned,25.9,57.6,Side Impact Potential,Peri-Urban,2,False,Residential,Active Congestion | Poor Infrastructure,Local Rd Zone2-903,0,0.789,Severe,False,6.0,26,0,0
904,Local Rd Zone2-904,Local,Aligned,8,8,Aligned,0.9370422389328534,0.9370422389328534,0.06163699683828445,0.0013164299956670222,4.334233195035212e-06,23,23,30.0,20.0,22.0,50,99.1,0,0.0,0.278,13.006484622029786,77.75591173684256,13.008074342775112,77.75392866443802,"LINESTRING(77.755912 13.006485, 77.753929 13.008074)",20,13.2,No,0,0,0,Good,Medium,3.03,0.84,16.0,22.1,Safe,SEG-00904,SEG_000000904,71.2,23,21.4,Aligned,23.3,50.9,Side Impact Potential,Peri-Urban,2,False,Residential,Poor Infrastructure,Local Rd Zone2-904,0,0.0,,False,19.4,23,0,0
905,Local Rd Zone2-905,Local,Aligned,8,8,Aligned,0.9559702176306056,0.9559702176306056,0.043037567606926855,0.0009867523898735029,5.4623725939619715e-06,29,29,27.5,14.1,24.6,50,89.4,0,0.0,0.298,13.108373466256127,77.52493131082088,13.108240318491108,77.52768380538289,"LINESTRING(77.524931 13.108373, 77.527684 13.10824)",30,16.3,No,0,0,0,Poor,Medium,3.05,1.0,0.0,22.6,Safe,SEG-00905,SEG_000000905,71.1,29,19.6,Aligned,29.1,53.2,Side Impact Potential,Peri-Urban,1,False,Residential,Poor Infrastructure,Local Rd Zone2-905,0,0.153,Light,False,23.0,29,0,0
906,Local Rd Zone2-906,Local,Aligned,8,8,Aligned,0.9837228376463262,0.9837228376463262,0.01571373042087431,0.0005584692139528754,4.962718846536826e-06,27,27,30.0,20.0,25.0,50,92.2,0,0.0,0.222,12.919112287745303,77.49019799575167,12.918046827524964,77.49192719198632,"LINESTRING(77.490198 12.919112, 77.491927 12.918047)",20,17.4,No,0,0,0,Good,Low,3.58,0.66,34.0,24.6,Safe,SEG-00906,SEG_000000906,68.5,27,25.9,Moderate Misalignment,26.7,51.9,Side Impact Potential,Peri-Urban,2,False,Commercial,Poor Infrastructure,Local Rd Zone2-906,0,0.0,,False,25.2,27,0,0
907,Local Rd Zone2-907,Local,Aligned,8,8,Aligned,0.9454384179450185,0.9454384179450185,0.05309350661269581,0.0014615691181470128,6.506324138761646e-06,19,20,27.5,0.0,22.9,50,92.3,0,0.0,0.277,12.906075404384874,77.70822104148877,12.90748412943321,77.70611386193241,"LINESTRING(77.708221 12.906075, 77.706114 12.907484)",20,9.0,No,0,0,0,Poor,Medium,3.7,1.0,0.0,24.1,Safe,SEG-00907,SEG_000000907,67.5,19,20.9,Aligned,19.0,60.0,Side Impact Potential,Peri-Urban,1,False,Industrial,Poor Infrastructure,Local Rd Zone2-907,0,0.153,Light,False,14.9,20,0,0
908,Local Rd Zone2-908,Local,Aligned,9,9,Aligned,0.888499203679024,0.888499203679024,0.11003360176588584,0.0014531918782822732,1.4002676807926934e-05,21,21,30.0,24.7,28.4,50,95.2,0,0.0,0.224,12.868400217730022,77.44729710026861,12.869902291025454,77.44867158342572,"LINESTRING(77.447297 12.8684, 77.448672 12.869902)",20,19.7,No,0,0,0,Poor,Medium,2.5,0.94,6.0,23.0,Safe,SEG-00908,SEG_000000908,72.4,21,20.9,Aligned,21.3,58.8,Side Impact Potential,Peri-Urban,2,False,Industrial,Poor Infrastructure,Local Rd Zone2-908,0,0.139,Light,False,16.8,21,0,0
909,Local Rd Zone2-909,Local,Aligned,7,7,Aligned,0.9876056743830822,0.9876056743830822,0.012048732424406985,0.00034339262618950735,2.2005663212577338e-06,20,20,30.0,16.5,23.4,50,77.3,0,0.224,0.397,12.869902291025454,77.44867158342572,12.871259317506894,77.44945638174825,"LINESTRING(77.448672 12.869902, 77.449456 12.871259)",30,16.2,No,0,0,0,Good,Medium,2.15,1.0,0.0,21.8,Safe,SEG-00909,SEG_000000909,72.0,20,18.9,Aligned,19.6,48.9,Side Impact Potential,Peri-Urban,2,False,Residential,Poor Infrastructure,Local Rd Zone2-908,1,0.186,Light,False,14.9,20,0,0
910,Local Rd Zone2-910,Local,Aligned,7,7,Aligned,0.993512344025118,0.993512344025118,0.006300720747160153,0.000184221250219218,2.7139775025359276e-06,18,20,30.0,31.8,26.1,50,77.4,0,0.0,0.213,12.946183512360744,77.70603101186363,12.94740377810163,77.70754057998445,"LINESTRING(77.706031 12.946184, 77.707541 12.947404)",20,18.9,No,0,0,0,Poor,Medium,3.46,1.0,0.0,20.5,Safe,SEG-00910,SEG_000000910,75.6,18,17.9,Aligned,18.0,50.8,Side Impact Potential,Peri-Urban,2,False,Residential,Active Congestion | Poor Infrastructure,Local Rd Zone2-910,0,0.731,Severe,False,4.9,20,0,0
911,Local Rd Zone2-911,Local,Moderate Misalignment,20,20,Moderate Misalignment,0.6036057583778202,0.3920939350100832,0.6036057583778202,0.004277383516600236,2.2923095496386427e-05,26,26,27.5,0.0,19.5,50,94.4,0,0.0,0.248,13.097271224722586,77.62092131882707,13.09559164676378,77.61941357105097,"LINESTRING(77.620921 13.097271, 77.619414 13.095592)",20,1.9,No,0,0,0,Poor,High,2.83,0.7,30.0,25.2,Moderate Risk,SEG-00911,SEG_000000911,64.5,26,25.9,Moderate Misalignment,26.0,61.7,Side Impact Potential,Peri-Urban,1,False,Commercial,Poor Infrastructure,Local Rd Zone2-911,0,0.0,,False,23.8,26,0,0
912,Local Rd Zone2-912,Local,Aligned,7,7,Aligned,0.9982175393578513,0.9982175393578513,0.001668121526950149,0.00011381366745259003,5.254477460502372e-07,25,25,27.5,0.0,17.5,50,82.4,0,0.0,0.272,12.972769274517256,77.70655164875056,12.970413531118746,77.70722856256585,"LINESTRING(77.706552 12.972769, 77.707229 12.970414)",30,4.2,No,0,0,0,Poor,High,3.36,1.0,0.0,22.0,Safe,SEG-00912,SEG_000000912,68.6,25,19.0,Aligned,24.8,51.2,Side Impact Potential,Peri-Urban,1,False,Commercial,Poor Infrastructure,Local Rd Zone2-912,0,0.214,Light,False,18.3,25,0,0
913,Local Rd Zone2-913,Local,Aligned,7,7,Aligned,0.9889830189109676,0.9889830189109676,0.010540946178112088,0.0004594606188442078,1.657429207616111e-05,25,25,27.5,10.6,22.6,50,87.0,0,0.0,0.202,12.849804703843503,77.51135388076547,12.85160497283044,77.5116088929911,"LINESTRING(77.511354 12.849805, 77.511609 12.851605)",30,7.9,No,0,0,0,Good,Medium,2.8,1.0,0.0,22.4,Safe,SEG-00913,SEG_000000913,70.5,25,19.4,Aligned,24.9,60.6,Side Impact Potential,Peri-Urban,1,False,Mixed,Poor Infrastructure,Local Rd Zone2-913,0,0.0,,False,21.3,25,0,0
914,Local Rd Zone2-914,Local,Aligned,8,8,Aligned,0.9830874336282825,0.9830874336282825,0.016159912964224744,0.0007502582232019027,2.39518429096552e-06,41,41,30.0,20.0,20.8,50,90.7,0,0.0,0.241,12.995216113801424,77.47875137856566,12.997239970264616,77.477965172352,"LINESTRING(77.478751 12.995216, 77.477965 12.99724)",40,9.3,No,0,0,0,Good,High,3.34,0.98,2.0,20.6,Safe,SEG-00914,SEG_000000914,72.9,41,18.5,Aligned,40.9,53.3,Side Impact Potential,Peri-Urban,2,False,Residential,Poor Infrastructure,Local Rd Zone2-914,0,0.0,,False,33.8,41,0,0
915,Local Rd Zone2-915,Local,Aligned,7,7,Aligned,0.9892745386181511,0.9892745386181511,0.010066453000325475,0.0006557348423812677,3.273539142043506e-06,25,25,35.5,0.0,19.5,50,84.3,0,0.0,0.298,13.001672875857254,77.46625471755708,12.999869396254066,77.46422453467358,"LINESTRING(77.466255 13.001673, 77.464225 12.999869)",30,7.7,No,0,0,0,Good,Medium,3.6,1.0,0.0,22.8,Safe,SEG-00915,SEG_000000915,68.2,25,19.7,Aligned,24.6,51.9,Side Impact Potential,Peri-Urban,1,True,Residential,Poor Infrastructure,Local Rd Zone2-915,0,0.144,Light,False,19.5,25,0,0
916,Local Rd Zone2-916,Local,Aligned,7,7,Aligned,0.9887555286729566,0.9887555286729566,0.010663754109806549,0.0005784811409374187,2.236076299323935e-06,18,20,27.5,28.2,23.9,50,91.7,0,0.298,0.515,12.999869396254066,77.46422453467358,12.998211945596733,77.46316523513636,"LINESTRING(77.464225 12.999869, 77.463165 12.998212)",20,10.7,No,0,0,0,Poor,Low,3.44,1.0,0.0,20.2,Safe,SEG-00916,SEG_000000916,75.1,18,17.6,Aligned,17.5,61.2,Side Impact Potential,Peri-Urban,1,False,Residential,Poor Infrastructure,Local Rd Zone2-915,1,0.0,,False,14.4,20,0,0
917,Local Rd Zone2-917,Local,Aligned,8,8,Aligned,0.9186606332607851,0.9186606332607851,0.08003627031318715,0.0012998065093991298,3.289916628490778e-06,33,33,27.5,5.9,18.5,50,98.2,0,0.0,0.218,12.910361475520505,77.69892732920964,12.912318415104894,77.6987711534317,"LINESTRING(77.698927 12.910361, 77.698771 12.912318)",30,6.1,No,0,0,0,Poor,High,3.11,0.9,10.0,22.8,Safe,SEG-00917,SEG_000000917,68.1,33,21.8,Aligned,33.1,50.6,Side Impact Potential,Peri-Urban,1,False,Residential,Poor Infrastructure,Local Rd Zone2-917,0,0.0,,False,28.8,33,0,0
918,Local Rd Zone2-918,Local,Aligned,7,7,Aligned,0.9941500767437806,0.9941500767437806,0.005316970501304967,0.0005306057830819438,2.3469718325742778e-06,20,20,30.0,0.0,20.3,50,81.9,0,0.0,0.17,12.841205160767808,77.61167620627377,12.842718915739432,77.61146055726282,"LINESTRING(77.611676 12.841205, 77.611461 12.842719)",30,5.0,No,0,0,0,Poor,Low,3.43,1.0,0.0,23.1,Safe,SEG-00918,SEG_000000918,68.0,20,20.0,Aligned,20.2,58.6,Side Impact Potential,Peri-Urban,2,False,Commercial,Poor Infrastructure,Local Rd Zone2-918,0,0.0,,False,17.9,20,0,0
919,Local Rd Zone2-919,Local,Aligned,8,8,Aligned,0.9776255308691151,0.9776255308691151,0.02160035175738381,0.0007710814183854158,3.035955115576484e-06,26,26,30.0,0.0,22.4,50,85.9,0,0.0,0.214,12.954121625610016,77.77457000518353,12.9521983944821,77.77451959992021,"LINESTRING(77.77457 12.954122, 77.77452 12.952198)",30,10.0,No,0,0,0,Poor,High,2.8,1.0,0.0,23.9,Safe,SEG-00919,SEG_000000919,67.6,26,20.7,Aligned,26.5,55.4,Side Impact Potential,Peri-Urban,2,False,Mixed,Poor Infrastructure,Local Rd Zone2-919,0,0.166,Light,False,20.6,26,0,0
920,Local Rd Zone2-920,Local,Aligned,8,8,Aligned,0.976147410394605,0.976147410394605,0.023261265511153352,0.0005852750160896402,6.049078152069468e-06,30,30,27.5,23.5,26.9,50,90.8,0,0.0,0.279,13.113551053855687,77.56788760846148,13.113411620624186,77.57046231942898,"LINESTRING(77.567888 13.113551, 77.570462 13.113412)",30,19.0,No,0,0,0,Poor,Medium,3.19,1.0,0.0,22.1,Safe,SEG-00920,SEG_000000920,73.2,30,19.2,Aligned,29.9,55.4,Side Impact Potential,Peri-Urban,1,False,Commercial,Poor Infrastructure,Local Rd Zone2-920,0,0.143,Light,False,23.9,30,0,0
921,Local Rd Zone2-921,Local,Aligned,7,7,Aligned,0.9980280296105919,0.9980280296105919,0.0019453098501474014,2.6327389340911318e-05,3.331499198108485e-07,20,20,27.5,9.4,17.7,50,77.3,0,0.0,0.297,13.050508478523104,77.49084922163098,13.048451634013384,77.49259782054395,"LINESTRING(77.490849 13.050508, 77.492598 13.048452)",30,4.8,No,0,0,0,Poor,High,3.15,1.0,0.0,20.6,Safe,SEG-00921,SEG_000000921,71.1,20,17.9,Aligned,20.3,49.9,Side Impact Potential,Peri-Urban,1,False,Residential,Poor Infrastructure,Local Rd Zone2-921,0,0.21,Light,False,14.9,20,0,0
922,Local Rd Zone2-922,Local,Aligned,7,7,Aligned,0.9978557424453102,0.9978557424453102,0.0019428523999589116,0.00019926886685349852,2.1362878774815075e-06,29,29,27.5,47.1,25.8,50,89.3,0,0.0,0.252,13.098964644411057,77.62044385644462,13.09719874188914,77.62190808144722,"LINESTRING(77.620444 13.098965, 77.621908 13.097199)",30,19.0,No,0,0,0,Poor,Low,3.56,1.0,0.0,18.1,Safe,SEG-00922,SEG_000000922,79.9,29,15.8,Aligned,29.1,51.5,Side Impact Potential,Peri-Urban,1,False,Industrial,Meets Safe System Standards,Local Rd Zone2-922,0,0.141,Light,False,22.9,29,0,0
923,Local Rd Zone2-923,Local,Moderate Misalignment,18,18,Moderate Misalignment,0.5255455537497594,0.4706401385932518,0.5255455537497594,0.0037998995956023034,1.4408061386441931e-05,39,39,27.5,0.0,21.5,50,98.3,0,0.0,0.258,12.958344616280836,77.75487166952189,12.956920204251368,77.75675078199532,"LINESTRING(77.754872 12.958345, 77.756751 12.95692)",30,11.6,No,0,0,0,Poor,Low,2.7,0.71,29.0,27.2,Moderate Risk,SEG-00923,SEG_000000923,62.3,39,29.5,Moderate Misalignment,38.8,50.0,Side Impact Potential,Peri-Urban,1,False,Commercial,Poor Infrastructure,Local Rd Zone2-923,0,0.0,,False,31.2,39,0,0
924,Local Rd Zone2-924,Local,Aligned,7,7,Aligned,0.9929690256554439,0.9929690256554439,0.006944530414569398,8.575134485184124e-05,6.925851348527272e-07,40,40,30.0,10.6,19.0,50,93.1,0,0.0,0.285,13.052227666124107,77.4845787212384,13.04991792334721,77.48342768681592,"LINESTRING(77.484579 13.052228, 77.483428 13.049918)",30,4.6,No,0,0,0,Poor,High,2.54,0.66,34.0,25.1,Moderate Risk,SEG-00924,SEG_000000924,65.0,40,28.6,Moderate Misalignment,40.1,54.8,Side Impact Potential,Peri-Urban,2,False,Mixed,Poor Infrastructure,Local Rd Zone2-924,0,0.0,,False,34.6,40,0,0
925,Local Rd Zone2-925,Local,Aligned,18,18,Aligned,0.509554957247916,0.509554957247916,0.4869426134996165,0.0034741742773596617,2.825497510786749e-05,37,37,30.0,11.8,25.3,50,99.5,0,0.0,0.263,12.86074639952142,77.59846098865671,12.862426952801858,77.60016268852424,"LINESTRING(77.598461 12.860746, 77.600163 12.862427)",30,14.4,No,0,0,0,Poor,Medium,3.02,0.76,24.0,26.2,Moderate Risk,SEG-00925,SEG_000000925,65.8,37,27.6,Moderate Misalignment,37.2,58.5,Side Impact Potential,Peri-Urban,2,False,Residential,Poor Infrastructure,Local Rd Zone2-925,0,0.0,,False,30.4,37,0,0
926,Local Rd Zone2-926,Local,Aligned,8,8,Aligned,0.937182068952229,0.937182068952229,0.06178601961537141,0.001026687105642077,5.224326757578639e-06,22,22,30.0,0.0,20.8,50,94.1,0,0.0,0.257,13.124971965279384,77.52871987595249,13.123155984087692,77.52724541929327,"LINESTRING(77.52872 13.124972, 77.527245 13.123156)",20,7.6,No,0,0,0,Poor,Low,2.74,0.89,11.0,24.1,Safe,SEG-00926,SEG_000000926,66.6,22,22.3,Aligned,22.1,56.7,Side Impact Potential,Peri-Urban,2,False,Commercial,Poor Infrastructure,Local Rd Zone2-926,0,0.22,Light,False,16.1,22,0,0
927,Local Rd Zone2-927,Local,Aligned,7,7,Aligned,0.9852455348942989,0.9852455348942989,0.014025708921880247,0.0007151396371546524,1.3616546666074209e-05,16,20,27.5,38.8,32.5,30,90.6,0,0.0,0.177,13.040694131302836,77.7108879426547,13.039113887024934,77.71069169849322,"LINESTRING(77.710888 13.040694, 77.710692 13.039114)",20,26.9,No,0,0,1,Good,Medium,2.88,1.0,0.0,21.9,Safe,SEG-00927,SEG_000000927,76.2,16,19.2,Aligned,16.1,59.3,Significant Pedestrian Interaction,Peri-Urban,1,False,Mixed,High Pedestrian Interaction,Local Rd Zone2-927,0,0.0,,False,13.8,20,0,0
928,Local Rd Zone2-928,Local,Aligned,7,7,Aligned,0.9978334065577044,0.9978334065577044,0.002019882523501729,0.0001461439955049105,5.669232890764418e-07,28,28,27.5,0.0,18.7,50,86.0,0,0.0,0.166,13.069648996725686,77.54544038815291,13.06951204561006,77.54697080157874,"LINESTRING(77.54544 13.069649, 77.546971 13.069512)",30,5.6,No,0,0,0,Poor,Medium,3.24,1.0,0.0,22.4,Safe,SEG-00928,SEG_000000928,68.4,28,19.4,Aligned,27.8,52.7,Side Impact Potential,Peri-Urban,1,False,Industrial,Poor Infrastructure,Local Rd Zone2-928,0,0.201,Light,False,20.7,28,0,0
929,Local Rd Zone2-929,Local,Aligned,7,7,Aligned,0.9922209690590095,0.9922209690590095,0.007590395484283953,0.00018589679480787938,2.738661898677586e-06,22,22,27.5,24.7,25.9,50,79.5,0,0.0,0.207,13.096742012370656,77.62145527881057,13.09640034212169,77.62333463988332,"LINESTRING(77.621455 13.096742, 77.623335 13.0964)",30,14.5,No,0,0,0,Good,Medium,2.97,1.0,0.0,21.5,Safe,SEG-00929,SEG_000000929,73.7,22,18.7,Aligned,22.4,61.1,Side Impact Potential,Peri-Urban,1,False,Residential,Poor Infrastructure,Local Rd Zone2-929,0,0.219,Light,False,16.4,22,0,0
930,Local Rd Zone2-930,Local,Aligned,11,21,Aligned,0.9798015267045614,0.9798015267045614,0.01925017316444298,0.000934223438002525,1.4076692993231034e-05,15,20,30.0,43.5,37.4,30,90.1,10,0.0,0.181,12.909268317868404,77.71463273365666,12.910641378391633,77.71552358918011,"LINESTRING(77.714633 12.909268, 77.715524 12.910641)",20,42.2,No,1,0,2,Poor,Low,2.66,1.0,0.0,25.6,Moderate Risk,SEG-00930,SEG_000000930,74.6,15,20.2,Aligned,15.3,51.5,Significant Pedestrian Interaction,Peri-Urban,2,False,Commercial,High Pedestrian Interaction,Local Rd Zone2-930,0,0.0,,False,13.4,20,1,0
931,Local Rd Zone2-931,Local,Aligned,7,7,Aligned,0.9917437605327146,0.9917437605327146,0.008094221926196903,0.00016120094962417464,8.165914641686555e-07,17,20,30.0,0.0,17.4,50,92.2,0,0.0,0.198,13.133317814454443,77.51462326059664,13.131541977115775,77.5145749372103,"LINESTRING(77.514623 13.133318, 77.514575 13.131542)",20,3.6,No,0,0,0,Good,Low,2.01,1.0,0.0,22.0,Safe,SEG-00931,SEG_000000931,68.6,17,19.0,Aligned,17.4,52.1,Side Impact Potential,Peri-Urban,2,False,Residential,Poor Infrastructure,Local Rd Zone2-931,0,0.0,,False,14.8,20,0,0
932,Local Rd Zone2-932,Local,Aligned,7,7,Aligned,0.9865199684620218,0.9865199684620218,0.01312744904808471,0.0003474635994787751,5.118890414723584e-06,24,24,27.5,16.5,25.3,50,78.6,0,0.0,0.265,13.062728288318288,77.4556349571986,13.06461954755521,77.45413936077286,"LINESTRING(77.455635 13.062728, 77.454139 13.06462)",20,14.0,No,0,0,0,Poor,High,2.15,0.8,20.0,24.2,Safe,SEG-00932,SEG_000000932,69.1,24,23.7,Aligned,24.0,57.8,Side Impact Potential,Peri-Urban,1,False,Mixed,Active Congestion | Poor Infrastructure,Local Rd Zone2-932,0,0.782,Severe,False,5.7,24,0,0
933,Local Rd Zone2-933,Local,Aligned,14,14,Aligned,0.6764311392123453,0.6764311392123453,0.3177732601896238,0.005780614913147052,1.4985684883849001e-05,20,20,27.5,5.9,20.6,50,97.3,0,0.0,0.266,13.089269086232832,77.53707535311045,13.091253020860629,77.53844666150626,"LINESTRING(77.537075 13.089269, 77.538447 13.091253)",20,6.2,No,0,0,0,Good,Medium,3.27,1.0,0.0,22.3,Safe,SEG-00933,SEG_000000933,69.6,20,19.3,Aligned,19.8,57.4,Side Impact Potential,Peri-Urban,1,False,Commercial,Poor Infrastructure,Local Rd Zone2-933,0,0.0,,False,18.2,20,0,0
934,Local Rd Zone2-934,Local,Aligned,8,8,Aligned,0.9739464800746889,0.9739464800746889,0.025765340471941907,0.0002851813536664068,2.998099702963724e-06,26,26,30.0,14.1,19.2,50,89.2,0,0.266,0.515,13.091253020860629,77.53844666150626,13.093356450924595,77.53923146916013,"LINESTRING(77.538447 13.091253, 77.539231 13.093356)",30,6.8,No,0,0,0,Good,High,2.83,1.0,0.0,20.5,Safe,SEG-00934,SEG_000000934,72.1,26,17.8,Aligned,25.9,52.2,Side Impact Potential,Peri-Urban,2,False,Residential,Poor Infrastructure,Local Rd Zone2-933,1,0.0,,False,22.8,26,0,0
935,Local Rd Zone2-935,Local,Aligned,8,8,Aligned,0.9597726174039475,0.9597726174039475,0.03904277670794088,0.001180718473498842,3.887414612758795e-06,23,23,27.5,24.7,21.8,50,99.4,0,0.0,0.165,13.02140009225544,77.4346645849744,13.020213157131057,77.43375114539553,"LINESTRING(77.434665 13.0214, 77.433751 13.020213)",20,12.0,No,0,0,0,Good,Medium,2.57,0.84,16.0,21.2,Safe,SEG-00935,SEG_000000935,72.6,23,20.5,Aligned,23.1,50.2,Side Impact Potential,Peri-Urban,1,False,Commercial,Poor Infrastructure,Local Rd Zone2-935,0,0.0,,False,19.6,23,0,0
936,Local Rd Zone2-936,Local,Aligned,8,8,Aligned,0.9513191446492149,0.9513191446492149,0.04712182146504824,0.0015521244453146578,6.909440422301678e-06,31,31,30.0,0.0,23.6,50,90.9,0,0.165,0.377,13.020213157131057,77.43375114539553,13.018544381768324,77.43279546649974,"LINESTRING(77.433751 13.020213, 77.432795 13.018544)",30,10.1,No,0,0,0,Good,Low,3.06,0.98,2.0,24.6,Safe,SEG-00936,SEG_000000936,66.9,31,21.8,Aligned,30.7,60.9,Side Impact Potential,Peri-Urban,2,False,Mixed,Poor Infrastructure,Local Rd Zone2-935,1,0.152,Light,False,23.9,31,0,0