segment_id,road_name,road_type,risk_category,road_risk_score,segment_risk_score,ai_risk_label,ai_risk_probability,prob_low_risk,prob_medium_risk,prob_high_risk,prob_critical_risk,ai_recommended_speed,recommended_safe_speed,road_function_score,infrastructure_score,exposure_score,human_tolerance_limit,operating_speed_score,crash_risk_score,start_km,end_km,start_lat,start_lon,end_lat,end_lon,geometry,posted_speed_limit,pedestrian_exposure_score,blackspot_flag,crash_count,fatal_crashes,schools_count,lighting_quality,roadside_hazards,intersection_density,speed_compliance_rate,speed_violation_score,hotspot_score,hotspot_category,human_segment_id,internal_id,speed_safety_score,original_safe_speed,misalignment_score,misalignment_category,speed_p85,ptw_share_pct,exposure_tier,urban_rural_flag,lane_count,median_presence,land_use_type,top_ai_factors,corridor_base,corridor_seq,congestion_index,congestion_category,congestion_smoothed,operating_speed_mean,final_safe_speed,minor_crashes,major_crashes
937,Local Rd Zone2-937,Local,Aligned,7,7,Aligned,0.9903682247585258,0.9903682247585258,0.00941750789222301,0.00020711560792831477,7.151741322966548e-06,27,27,30.0,23.5,29.2,50,88.0,0,0.0,0.282,12.95819859568023,77.73803112361975,12.95621415834317,77.73965765918992,"LINESTRING(77.738031 12.958199, 77.739658 12.956214)",30,19.4,No,0,0,1,Poor,Low,3.08,1.0,0.0,23.0,Safe,SEG-00937,SEG_000000937,72.7,27,20.0,Aligned,26.9,60.7,Side Impact Potential,Peri-Urban,2,False,Mixed,Poor Infrastructure,Local Rd Zone2-937,0,0.0,,False,22.0,27,0,0
938,Local Rd Zone2-938,Local,Aligned,7,7,Aligned,0.988696392591882,0.988696392591882,0.010984432362749102,0.00031679731677706265,2.3777285918421805e-06,22,22,27.5,7.1,22.2,50,80.6,0,0.0,0.213,12.817406780310824,77.67401055516733,12.816507015914953,77.67574629159157,"LINESTRING(77.674011 12.817407, 77.675746 12.816507)",30,8.1,No,0,0,0,Poor,Medium,2.81,1.0,0.0,22.7,Safe,SEG-00938,SEG_000000938,69.6,22,19.7,Aligned,21.6,58.7,Side Impact Potential,Peri-Urban,1,False,Commercial,Poor Infrastructure,Local Rd Zone2-938,0,0.142,Light,False,17.1,22,0,0
939,Local Rd Zone2-939,Local,Moderate Misalignment,23,23,Moderate Misalignment,0.7615284927204625,0.2347769756000513,0.7615284927204625,0.0036690572368552558,2.547444263089984e-05,36,36,30.0,16.5,25.6,50,99.0,0,0.0,0.212,13.055111974346882,77.71540703869186,13.053970643196443,77.71697864830656,"LINESTRING(77.715407 13.055112, 77.716979 13.053971)",30,16.4,No,0,0,0,Good,High,3.18,0.79,21.0,25.2,Moderate Risk,SEG-00939,SEG_000000939,67.6,36,26.2,Moderate Misalignment,36.3,57.9,Side Impact Potential,Peri-Urban,2,False,Industrial,Poor Infrastructure,Local Rd Zone2-939,0,0.0,,False,29.4,36,0,0
940,Local Rd Zone2-940,Local,Aligned,8,8,Aligned,0.9706070834580409,0.9706070834580409,0.028646940209047397,0.0007004343469957716,4.5541985915794266e-05,16,20,30.0,21.2,34.6,30,88.1,0,0.0,0.276,13.095933778280983,77.57007113241252,13.096471404356278,77.56758253805619,"LINESTRING(77.570071 13.095934, 77.567583 13.096471)",20,30.0,No,0,0,1,Poor,High,3.67,1.0,0.0,25.4,Moderate Risk,SEG-00940,SEG_000000940,70.9,16,22.2,Aligned,16.1,59.3,Significant Pedestrian Interaction,Peri-Urban,2,False,Mixed,High Pedestrian Interaction | Poor Infrastructure,Local Rd Zone2-940,0,0.2,Light,False,12.1,20,0,0
941,Local Rd Zone2-941,Local,Moderate Misalignment,24,24,Moderate Misalignment,0.7752015348634697,0.22044287853926875,0.7752015348634697,0.004344648703233042,1.093789402854768e-05,36,36,30.0,9.4,24.3,50,97.1,0,0.276,0.505,13.096471404356278,77.56758253805619,13.096478474011896,77.56546574886835,"LINESTRING(77.567583 13.096471, 77.565466 13.096478)",30,11.4,No,0,0,0,Good,Low,2.56,0.79,21.0,25.8,Moderate Risk,SEG-00941,SEG_000000941,65.9,36,26.7,Moderate Misalignment,36.3,61.1,Side Impact Potential,Peri-Urban,2,False,Industrial,Poor Infrastructure,Local Rd Zone2-940,1,0.162,Light,False,28.1,36,0,0
942,Local Rd Zone2-942,Local,Moderate Misalignment,19,19,Moderate Misalignment,0.5667569007328405,0.427340588517686,0.5667569007328405,0.005881183342763342,2.132740671027512e-05,38,38,27.5,7.1,22.5,50,95.8,0,0.0,0.168,12.82734195465468,77.50810055670561,12.827214757142944,77.509641510205,"LINESTRING(77.508101 12.827342, 77.509642 12.827215)",30,7.6,No,0,0,0,Good,Low,2.45,0.75,25.0,26.0,Moderate Risk,SEG-00942,SEG_000000942,64.8,38,27.7,Moderate Misalignment,37.6,61.0,Side Impact Potential,Peri-Urban,1,False,Commercial,Poor Infrastructure,Local Rd Zone2-942,0,0.0,,False,32.8,38,0,0
943,Local Rd Zone2-943,Local,Aligned,9,9,Aligned,0.9076568760799093,0.9076568760799093,0.09083374298769943,0.0015023028879710108,7.078044420215996e-06,21,21,30.0,20.0,20.1,50,96.5,0,0.168,0.427,12.827214757142944,77.509641510205,12.826929823972383,77.51201016527574,"LINESTRING(77.509642 12.827215, 77.51201 12.82693)",20,6.7,No,0,0,0,Poor,Low,3.04,0.94,6.0,20.5,Safe,SEG-00943,SEG_000000943,72.8,21,18.7,Aligned,21.3,54.8,Side Impact Potential,Peri-Urban,2,False,Residential,Poor Infrastructure,Local Rd Zone2-942,1,0.0,,False,17.7,21,0,0
944,Local Rd Zone2-944,Local,Aligned,8,8,Aligned,0.9197574088105426,0.9197574088105426,0.07918681062469975,0.001017253766563236,3.8526798194291916e-05,22,22,27.5,30.6,35.8,30,78.8,0,0.0,0.189,13.03243227374573,77.45255589068485,13.033982225413084,77.45327437565342,"LINESTRING(77.452556 13.032432, 77.453274 13.033982)",30,34.2,No,0,0,1,Poor,High,2.74,1.0,0.0,24.4,Safe,SEG-00944,SEG_000000944,73.3,22,21.4,Aligned,21.6,54.8,Significant Pedestrian Interaction,Peri-Urban,1,False,Residential,High Pedestrian Interaction | Poor Infrastructure,Local Rd Zone2-944,0,0.212,Light,False,15.9,22,0,0
945,Local Rd Zone2-945,Local,Aligned,8,8,Aligned,0.9291901790381103,0.9291901790381103,0.06929819799361753,0.0015035635181453052,8.059450126951455e-06,18,20,30.0,0.0,19.4,50,92.1,0,0.0,0.199,13.079254853467528,77.54847496127925,13.08066593526318,77.54734779086608,"LINESTRING(77.548475 13.079255, 77.547348 13.080666)",20,2.6,No,0,0,0,Good,Medium,3.82,1.0,0.0,22.7,Safe,SEG-00945,SEG_000000945,68.2,18,19.7,Aligned,17.8,59.9,Side Impact Potential,Peri-Urban,2,False,Residential,Poor Infrastructure,Local Rd Zone2-945,0,0.0,,False,14.7,20,0,0
946,Local Rd Zone2-946,Local,Aligned,7,7,Aligned,0.9904473219308098,0.9904473219308098,0.00873174218842069,0.0008117827889469306,9.153091822600286e-06,22,22,30.0,14.1,27.5,50,83.9,0,0.0,0.301,12.822004271148174,77.65243588232447,12.82350505270579,77.65474207423219,"LINESTRING(77.652436 12.822004, 77.654742 12.823505)",30,17.0,No,0,0,1,Poor,Medium,2.33,1.0,0.0,23.7,Safe,SEG-00946,SEG_000000946,70.5,22,20.6,Aligned,22.3,61.4,Side Impact Potential,Peri-Urban,2,False,Residential,Poor Infrastructure,Local Rd Zone2-946,0,0.0,,False,19.3,22,0,0
947,Local Rd Zone2-947,Local,Aligned,7,7,Aligned,0.9952234482284085,0.9952234482284085,0.004508773194367911,0.00026689223404146526,8.863431821215719e-07,22,22,27.5,21.2,22.4,50,81.7,0,0.0,0.167,12.801654027026592,77.61399106996727,12.802983844864372,77.61326696589002,"LINESTRING(77.613991 12.801654, 77.613267 12.802984)",30,14.9,No,0,0,0,Poor,High,2.08,1.0,0.0,20.6,Safe,SEG-00947,SEG_000000947,73.5,22,17.9,Aligned,22.5,48.4,Side Impact Potential,Peri-Urban,1,False,Mixed,Poor Infrastructure,Local Rd Zone2-947,0,0.14,Light,False,17.8,22,0,0
948,Local Rd Zone2-948,Local,Aligned,10,10,Aligned,0.84215189404678,0.84215189404678,0.15351217692915486,0.004323905583823115,1.2023440241892728e-05,33,33,30.0,14.1,21.8,50,99.8,0,0.0,0.213,12.901832257454512,77.76085484781171,12.900657751636963,77.76240534314553,"LINESTRING(77.760855 12.901832, 77.762405 12.900658)",30,12.8,No,0,0,0,Good,Medium,2.83,0.9,10.0,22.8,Safe,SEG-00948,SEG_000000948,69.7,33,21.8,Aligned,33.0,48.4,Side Impact Potential,Peri-Urban,2,False,Residential,Poor Infrastructure,Local Rd Zone2-948,0,0.0,,False,30.1,33,0,0
949,Local Rd Zone2-949,Local,Aligned,8,8,Aligned,0.9538946495264872,0.9538946495264872,0.04511017917279442,0.0009849191696582056,1.025213106033683e-05,18,20,27.5,10.6,25.1,50,92.8,0,0.0,0.156,12.968007921260677,77.7719441217171,12.967618604195636,77.77056015501313,"LINESTRING(77.771944 12.968008, 77.77056 12.967619)",20,12.6,No,0,0,0,Good,Medium,2.41,1.0,0.0,23.3,Safe,SEG-00949,SEG_000000949,69.9,18,20.3,Aligned,17.8,61.6,Side Impact Potential,Peri-Urban,1,False,Residential,Poor Infrastructure,Local Rd Zone2-949,0,0.0,,False,15.2,20,0,0
950,Local Rd Zone2-950,Local,Aligned,7,7,Aligned,0.9918479493850544,0.9918479493850544,0.007958181956332569,0.00019295679818947644,9.118604236703115e-07,18,20,30.0,7.1,18.4,50,92.5,0,0.0,0.263,12.897417253039922,77.48188648045152,12.899379657389623,77.48323702345633,"LINESTRING(77.481886 12.897417, 77.483237 12.89938)",20,4.0,No,0,0,0,Poor,High,3.04,1.0,0.0,21.2,Safe,SEG-00950,SEG_000000950,70.4,18,18.4,Aligned,18.1,53.9,Side Impact Potential,Peri-Urban,2,False,Residential,Poor Infrastructure,Local Rd Zone2-950,0,0.0,,False,15.0,20,0,0
951,Local Rd Zone2-951,Local,Aligned,9,9,Aligned,0.8859443880403404,0.8859443880403404,0.11286529048099445,0.001178961235468103,1.1360243197097895e-05,20,20,30.0,21.2,27.6,50,95.5,0,0.263,0.434,12.899379657389623,77.48323702345633,12.900431302054288,77.484385544324,"LINESTRING(77.483237 12.89938, 77.484386 12.900431)",20,16.6,No,0,0,0,Poor,Medium,3.59,1.0,0.0,22.7,Safe,SEG-00951,SEG_000000951,72.4,20,19.7,Aligned,19.5,60.9,Side Impact Potential,Peri-Urban,2,False,Industrial,Poor Infrastructure,Local Rd Zone2-950,1,0.0,,False,17.0,20,0,0
952,Local Rd Zone2-952,Local,Aligned,15,15,Aligned,0.6345235866705107,0.6345235866705107,0.3607741118270153,0.004684539157430573,1.7762345043422708e-05,21,21,30.0,0.0,22.1,50,98.9,0,0.0,0.206,12.84060072692349,77.56261856772106,12.840063820436097,77.56443512803673,"LINESTRING(77.562619 12.840601, 77.564435 12.840064)",20,8.5,No,0,0,0,Poor,High,2.67,0.96,4.0,24.1,Safe,SEG-00952,SEG_000000952,67.1,21,21.5,Aligned,20.9,58.8,Side Impact Potential,Peri-Urban,2,False,Industrial,Poor Infrastructure,Local Rd Zone2-952,0,0.0,,False,19.3,21,0,0
953,Local Rd Zone2-953,Local,Aligned,8,8,Aligned,0.9811994432608612,0.9811994432608612,0.018528780900438715,0.0002696067341841793,2.1691045158328092e-06,29,29,30.0,0.0,21.3,50,78.1,0,0.0,0.209,13.01606401020966,77.72640733837001,13.015923923837,77.72832697019004,"LINESTRING(77.726407 13.016064, 77.728327 13.015924)",40,5.8,No,0,0,0,Good,Low,3.55,1.0,0.0,23.4,Safe,SEG-00953,SEG_000000953,67.8,29,20.3,Aligned,29.1,61.1,Side Impact Potential,Peri-Urban,2,False,Residential,Poor Infrastructure,Local Rd Zone2-953,0,0.0,,False,25.4,29,0,0
954,Local Rd Zone2-954,Local,Aligned,8,8,Aligned,0.9818733501554734,0.9818733501554734,0.017945571232031696,0.00017862059207443375,2.4580204204062916e-06,30,30,30.0,0.0,15.8,50,94.1,0,0.0,0.295,12.99167114490204,77.44559029004378,12.98974723913636,77.44747087306713,"LINESTRING(77.44559 12.991671, 77.447471 12.989747)",30,1.2,No,0,0,0,Poor,Medium,2.73,1.0,0.0,21.3,Safe,SEG-00954,SEG_000000954,69.0,30,18.4,Aligned,29.7,50.6,Side Impact Potential,Peri-Urban,2,False,Residential,Poor Infrastructure,Local Rd Zone2-954,0,0.0,,False,26.1,30,0,0
955,Local Rd Zone2-955,Local,Aligned,8,8,Aligned,0.9761678793048799,0.9761678793048799,0.02319829116525591,0.0005968940284402902,3.693550142396259e-05,25,25,27.5,56.5,36.5,30,88.4,0,0.0,0.255,13.018662261984757,77.42304079383419,13.020802854648034,77.42389011591901,"LINESTRING(77.423041 13.018662, 77.42389 13.020803)",30,37.9,No,0,0,2,Poor,Low,2.23,1.0,0.0,20.8,Safe,SEG-00955,SEG_000000955,80.4,25,18.2,Aligned,25.0,57.3,Significant Pedestrian Interaction,Peri-Urban,1,False,Mixed,High Pedestrian Interaction,Local Rd Zone2-955,0,0.0,,False,22.3,25,0,0
956,Local Rd Zone2-956,Local,Aligned,8,8,Aligned,0.9372142465730727,0.9372142465730727,0.06213661839016813,0.0006460824524447277,3.0525843145584487e-06,25,25,30.0,5.9,17.7,50,94.5,0,0.0,0.263,13.089430217217394,77.67433765701932,13.087240686847132,77.67341508191741,"LINESTRING(77.674338 13.08943, 77.673415 13.087241)",20,5.0,No,0,0,0,Good,Low,2.61,0.76,24.0,23.2,Safe,SEG-00956,SEG_000000956,67.2,25,23.3,Aligned,24.8,49.8,Side Impact Potential,Peri-Urban,2,False,Residential,Poor Infrastructure,Local Rd Zone2-956,0,0.0,,False,23.7,25,0,0
957,Local Rd Zone2-957,Local,Aligned,7,7,Aligned,0.9845031352124722,0.9845031352124722,0.014991604708558951,0.0005015585254088611,3.70155356005574e-06,22,22,27.5,0.0,24.4,50,80.6,0,0.0,0.264,13.08082754768311,77.47427531184223,13.079193069529516,77.47251268364091,"LINESTRING(77.474275 13.080828, 77.472513 13.079193)",30,11.8,No,0,0,0,Poor,Medium,2.68,1.0,0.0,24.7,Safe,SEG-00957,SEG_000000957,67.2,22,21.4,Aligned,22.4,59.4,Side Impact Potential,Peri-Urban,1,False,Mixed,Poor Infrastructure,Local Rd Zone2-957,0,0.18,Light,False,17.1,22,0,0
958,Local Rd Zone2-958,Local,Aligned,7,7,Aligned,0.9973593278056707,0.9973593278056707,0.0023396751504254866,0.0002985651225866141,2.431921317257211e-06,23,23,27.5,34.1,27.2,50,81.7,0,0.0,0.28,13.137889154340796,77.63435673090578,13.13553023296702,77.63346472126068,"LINESTRING(77.634357 13.137889, 77.633465 13.13553)",20,21.4,No,0,0,1,Good,High,2.49,0.84,16.0,21.9,Safe,SEG-00958,SEG_000000958,74.0,23,21.3,Aligned,23.2,50.9,Side Impact Potential,Peri-Urban,1,False,Mixed,Active Congestion | Poor Infrastructure,Local Rd Zone2-958,0,0.666,Severe,False,7.8,23,0,0
959,Local Rd Zone2-959,Local,Aligned,7,7,Aligned,0.9961730633701281,0.9961730633701281,0.0033741424678605577,0.00045137859698146394,1.4155650299653661e-06,25,25,27.5,30.6,24.5,50,85.5,0,0.0,0.181,13.02407545175347,77.72601338924447,13.023211833170343,77.72742899196662,"LINESTRING(77.726013 13.024075, 77.727429 13.023212)",30,18.1,No,0,0,0,Poor,Low,3.41,1.0,0.0,20.1,Safe,SEG-00959,SEG_000000959,75.6,25,17.5,Aligned,25.4,49.1,Side Impact Potential,Peri-Urban,1,False,Industrial,Poor Infrastructure,Local Rd Zone2-959,0,0.0,,False,20.3,25,0,0
960,Local Rd Zone2-960,Local,Aligned,7,7,Aligned,0.993963191578049,0.993963191578049,0.00547343717896657,0.0005593071786316083,4.064064352767509e-06,13,20,27.5,20.0,27.9,50,86.3,0,0.0,0.296,12.986946664621108,77.41868633578338,12.98777344748257,77.42128614319589,"LINESTRING(77.418686 12.986947, 77.421286 12.987773)",20,18.1,No,0,0,0,Poor,High,2.05,1.0,0.0,23.0,Safe,SEG-00960,SEG_000000960,72.0,13,20.0,Aligned,13.2,58.5,Side Impact Potential,Peri-Urban,1,False,Residential,Poor Infrastructure,Local Rd Zone2-960,0,0.0,,False,10.9,20,0,0
961,Local Rd Zone2-961,Local,Aligned,8,8,Aligned,0.9432414403953925,0.9432414403953925,0.055651082820650684,0.0010983770067273992,9.09977722943316e-06,21,21,27.5,25.9,25.0,50,95.6,0,0.0,0.26,12.91771819673133,77.74057163790741,12.917008621038937,77.74285531282831,"LINESTRING(77.740572 12.917718, 77.742855 12.917009)",20,14.1,No,0,0,0,Poor,Medium,2.26,0.93,7.0,21.5,Safe,SEG-00961,SEG_000000961,73.4,21,19.7,Aligned,21.4,57.9,Side Impact Potential,Peri-Urban,1,False,Residential,Poor Infrastructure,Local Rd Zone2-961,0,0.131,Light,False,17.0,21,0,0
962,Local Rd Zone2-962,Local,Aligned,8,8,Aligned,0.9820570095042948,0.9820570095042948,0.017482634874334133,0.00045420165678927785,6.1539645818969435e-06,15,20,27.5,14.1,25.5,50,88.8,0,0.0,0.221,12.957665288038896,77.4842240706561,12.959552260881718,77.48357971607791,"LINESTRING(77.484224 12.957665, 77.48358 12.959552)",20,14.0,No,0,0,0,Poor,Medium,2.89,1.0,0.0,22.9,Safe,SEG-00962,SEG_000000962,70.9,15,19.9,Aligned,15.4,58.9,Side Impact Potential,Peri-Urban,1,False,Commercial,Poor Infrastructure,Local Rd Zone2-962,0,0.0,,False,12.5,20,0,0
963,Local Rd Zone2-963,Local,Aligned,7,7,Aligned,0.9934684892997202,0.9934684892997202,0.006018986788771589,0.0005105504164276403,1.9734950804685204e-06,27,27,30.0,36.5,23.7,50,91.3,0,0.0,0.24,12.908528073264993,77.72233335994984,12.906388456363004,77.72203192548953,"LINESTRING(77.722333 12.908528, 77.722032 12.906388)",30,15.1,No,0,0,0,Poor,High,3.06,1.0,0.0,18.8,Safe,SEG-00963,SEG_000000963,77.5,27,16.4,Aligned,26.8,51.8,Side Impact Potential,Peri-Urban,2,False,Commercial,Meets Safe System Standards,Local Rd Zone2-963,0,0.0,,False,24.2,27,0,0
964,Local Rd Zone2-964,Local,Moderate Misalignment,26,26,Moderate Misalignment,0.8876381959605801,0.1097516842819702,0.8876381959605801,0.002572490414738837,3.762934271077866e-05,26,26,27.5,56.5,41.1,30,97.4,0,0.0,0.203,13.12985702098416,77.68221812840197,13.128488831526733,77.68346090810412,"LINESTRING(77.682218 13.129857, 77.683461 13.128489)",20,47.3,No,0,0,3,Poor,High,2.67,0.69,31.0,25.1,Moderate Risk,SEG-00964,SEG_000000964,75.5,26,26.3,Moderate Misalignment,26.2,56.3,Significant Pedestrian Interaction,Peri-Urban,1,False,Industrial,High Pedestrian Interaction,Local Rd Zone2-964,0,0.0,,False,21.7,26,0,0
965,Local Rd Zone2-965,Local,Aligned,7,7,Aligned,0.9958741790514173,0.9958741790514173,0.004057056177952595,6.824387643037112e-05,5.208941997303987e-07,17,20,35.5,12.9,17.8,50,91.1,0,0.0,0.155,12.982259976254715,77.47123628032267,12.98086496041926,77.47126966792305,"LINESTRING(77.471236 12.98226, 77.47127 12.980865)",20,4.5,No,0,0,0,Poor,Medium,3.16,1.0,0.0,20.1,Safe,SEG-00965,SEG_000000965,72.1,17,17.4,Aligned,17.3,51.0,Side Impact Potential,Peri-Urban,1,True,Mixed,Poor Infrastructure,Local Rd Zone2-965,0,0.0,,False,14.1,20,0,0
966,Local Rd Zone2-966,Local,Aligned,8,8,Aligned,0.9594828261582579,0.9594828261582579,0.03909565383266983,0.0014167379724271368,4.782036645036321e-06,26,26,27.5,40.0,22.4,50,96.2,0,0.155,0.366,12.98086496041926,77.47126966792305,12.979044146078412,77.47181330309644,"LINESTRING(77.47127 12.980865, 77.471813 12.979044)",20,14.0,No,0,0,0,Poor,Low,3.34,0.7,30.0,20.2,Safe,SEG-00966,SEG_000000966,75.0,26,21.6,Aligned,25.9,51.4,Side Impact Potential,Peri-Urban,1,False,Residential,Meets Safe System Standards,Local Rd Zone2-965,1,0.0,,False,22.5,26,0,0
967,Local Rd Zone2-967,Local,Aligned,8,8,Aligned,0.9504315338453894,0.9504315338453894,0.04899118219488578,0.0005745704000167165,2.713559708102109e-06,31,31,30.0,0.0,17.6,50,95.2,0,0.0,0.236,13.098154457960238,77.58317107069271,13.098696760343095,77.58528114798493,"LINESTRING(77.583171 13.098154, 77.585281 13.098697)",30,2.0,No,0,0,0,Poor,Low,3.28,0.96,4.0,22.6,Safe,SEG-00967,SEG_000000967,67.8,31,20.4,Aligned,31.3,55.2,Side Impact Potential,Peri-Urban,2,False,Residential,Poor Infrastructure,Local Rd Zone2-967,0,0.0,,False,26.8,31,0,0
968,Local Rd Zone2-968,Local,Aligned,7,7,Aligned,0.9894796252716435,0.9894796252716435,0.010141495101895805,0.0003766843630121988,2.19526344844005e-06,23,23,30.0,5.9,22.1,50,81.1,0,0.0,0.215,12.864425679467764,77.70220838729554,12.865320989779317,77.70045354053444,"LINESTRING(77.702208 12.864426, 77.700454 12.865321)",30,10.5,No,0,0,0,Good,Medium,2.26,1.0,0.0,22.9,Safe,SEG-00968,SEG_000000968,69.3,23,19.8,Aligned,23.2,55.6,Side Impact Potential,Peri-Urban,2,False,Industrial,Poor Infrastructure,Local Rd Zone2-968,0,0.197,Light,False,17.4,23,0,0
969,Local Rd Zone2-969,Local,Aligned,8,8,Aligned,0.9377325654893587,0.9377325654893587,0.06147457795979128,0.0007872152183718387,5.641332478120423e-06,18,20,30.0,16.5,19.3,50,91.3,0,0.0,0.176,12.855094291590008,77.72260358122084,12.853653902132333,77.7219334417126,"LINESTRING(77.722604 12.855094, 77.721933 12.853654)",20,6.1,No,0,0,0,Poor,Medium,2.27,1.0,0.0,20.2,Safe,SEG-00969,SEG_000000969,72.8,18,17.5,Aligned,18.0,53.2,Side Impact Potential,Peri-Urban,2,False,Industrial,Poor Infrastructure,Local Rd Zone2-969,0,0.149,Light,False,14.2,20,0,0
970,Local Rd Zone2-970,Local,Aligned,8,8,Aligned,0.9772662216017074,0.9772662216017074,0.022168570048770875,0.0005621596663576492,3.048683164181637e-06,18,20,27.5,10.6,20.5,50,92.8,0,0.0,0.28,12.933567048745257,77.75468374239838,12.933153724124391,77.75213593885188,"LINESTRING(77.754684 12.933567, 77.752136 12.933154)",20,8.1,No,0,0,0,Good,Medium,3.19,1.0,0.0,21.5,Safe,SEG-00970,SEG_000000970,70.9,18,18.7,Aligned,18.0,53.5,Side Impact Potential,Peri-Urban,1,False,Residential,Poor Infrastructure,Local Rd Zone2-970,0,0.0,,False,15.2,20,0,0
971,Local Rd Zone2-971,Local,Aligned,7,7,Aligned,0.9968120394949479,0.9968120394949479,0.0028204478375574104,0.00036400880748026915,3.5038600143927247e-06,25,25,27.5,28.2,30.5,50,84.4,0,0.0,0.186,13.084844001641557,77.61207617489444,13.086409250105689,77.61266919218941,"LINESTRING(77.612076 13.084844, 77.612669 13.086409)",30,21.6,No,0,0,2,Good,Low,3.05,1.0,0.0,22.7,Safe,SEG-00971,SEG_000000971,73.8,25,19.8,Aligned,24.8,60.8,Side Impact Potential,Peri-Urban,1,False,Residential,Poor Infrastructure,Local Rd Zone2-971,0,0.142,Light,False,19.6,25,0,0
972,Local Rd Zone2-972,Local,Aligned,7,7,Aligned,0.9976377721542113,0.9976377721542113,0.0022974497902801677,6.194518714547742e-05,2.8328683630405366e-06,36,36,27.5,15.3,17.9,50,86.7,0,0.186,0.4,13.086409250105689,77.61266919218941,13.088197226994582,77.61340765019507,"LINESTRING(77.612669 13.086409, 77.613408 13.088197)",40,5.1,No,0,0,0,Poor,Low,3.83,1.0,0.0,19.8,Safe,SEG-00972,SEG_000000972,72.7,36,17.2,Aligned,36.2,50.3,Side Impact Potential,Peri-Urban,1,False,Mixed,Poor Infrastructure,Local Rd Zone2-971,1,0.0,,False,31.1,36,0,0
973,Local Rd Zone2-973,Local,Aligned,14,39,Aligned,0.9854505166479881,0.9854505166479881,0.013324626273591714,0.00121990780754259,4.949270877582244e-06,21,20,30.0,0.0,23.9,50,82.5,25,0.0,0.275,12.82825721394157,77.59398922481013,12.830725329987924,77.59381536461325,"LINESTRING(77.593989 12.828257, 77.593815 12.830725)",30,12.3,No,1,0,0,Poor,High,2.88,1.0,0.0,30.7,Moderate Risk,SEG-00973,SEG_000000973,62.3,21,21.2,Aligned,21.0,56.6,Side Impact Potential,Peri-Urban,2,False,Industrial,Poor Infrastructure,Local Rd Zone2-973,0,0.0,,False,18.3,20,0,1
974,Local Rd Zone2-974,Local,Aligned,7,7,Aligned,0.9971238482665776,0.9971238482665776,0.002817684513921896,5.8062113022049355e-05,4.05106478519579e-07,28,28,27.5,0.0,18.7,50,89.0,0,0.0,0.19,13.079302539618824,77.49879630379563,13.078435487773646,77.49728717983379,"LINESTRING(77.498796 13.079303, 77.497287 13.078435)",30,0.2,No,0,0,0,Good,Medium,2.58,1.0,0.0,22.4,Safe,SEG-00974,SEG_000000974,68.4,28,19.4,Aligned,28.1,62.0,Side Impact Potential,Peri-Urban,1,False,Residential,Poor Infrastructure,Local Rd Zone2-974,0,0.0,,False,22.7,28,0,0
975,Local Rd Zone2-975,Local,Aligned,9,9,Aligned,0.8922615457674155,0.8922615457674155,0.10612269692261428,0.0015868437671934547,2.891354277673782e-05,30,30,27.5,32.9,39.6,30,95.6,0,0.0,0.196,12.838290810331406,77.57605634954001,12.836576097830468,77.57648197849203,"LINESTRING(77.576056 12.838291, 77.576482 12.836576)",30,42.1,No,0,0,2,Poor,Medium,2.41,1.0,0.0,25.6,Moderate Risk,SEG-00975,SEG_000000975,73.1,30,22.4,Aligned,29.7,55.8,Significant Pedestrian Interaction,Peri-Urban,1,False,Residential,High Pedestrian Interaction | Poor Infrastructure,Local Rd Zone2-975,0,0.0,,False,27.1,30,0,0
976,Local Rd Zone2-976,Local,Aligned,9,9,Aligned,0.9056839979216332,0.9056839979216332,0.09334310491319757,0.0009597702534205886,1.3126911748601879e-05,19,20,30.0,14.1,28.9,30,93.5,0,0.0,0.17,13.050648793217997,77.70616419797301,13.051712292868425,77.7050323957243,"LINESTRING(77.706164 13.050649, 77.705032 13.051712)",20,27.1,No,0,0,1,Poor,Low,2.67,1.0,0.0,24.3,Safe,SEG-00976,SEG_000000976,70.2,19,21.1,Aligned,19.3,50.6,Significant Pedestrian Interaction,Peri-Urban,2,False,Commercial,High Pedestrian Interaction | Poor Infrastructure,Local Rd Zone2-976,0,0.0,,False,15.7,20,0,0
977,Local Rd Zone2-977,Local,Aligned,8,8,Aligned,0.9799194097838264,0.9799194097838264,0.01952479513077334,0.000553349620256325,2.445465143965914e-06,19,20,30.0,20.0,21.0,50,93.6,0,0.0,0.157,12.984837564933835,77.76769982429654,12.985665074032989,77.7688779424675,"LINESTRING(77.7677 12.984838, 77.768878 12.985665)",20,10.5,No,0,0,0,Good,Medium,2.36,1.0,0.0,20.3,Safe,SEG-00977,SEG_000000977,73.4,19,17.6,Aligned,18.7,50.8,Side Impact Potential,Peri-Urban,2,False,Commercial,Poor Infrastructure,Local Rd Zone2-977,0,0.0,,False,15.7,20,0,0