segment_id,road_name,road_type,risk_category,road_risk_score,segment_risk_score,ai_risk_label,ai_risk_probability,prob_low_risk,prob_medium_risk,prob_high_risk,prob_critical_risk,ai_recommended_speed,recommended_safe_speed,road_function_score,infrastructure_score,exposure_score,human_tolerance_limit,operating_speed_score,crash_risk_score,start_km,end_km,start_lat,start_lon,end_lat,end_lon,geometry,posted_speed_limit,pedestrian_exposure_score,blackspot_flag,crash_count,fatal_crashes,schools_count,lighting_quality,roadside_hazards,intersection_density,speed_compliance_rate,speed_violation_score,hotspot_score,hotspot_category,human_segment_id,internal_id,speed_safety_score,original_safe_speed,misalignment_score,misalignment_category,speed_p85,ptw_share_pct,exposure_tier,urban_rural_flag,lane_count,median_presence,land_use_type,top_ai_factors,corridor_base,corridor_seq,congestion_index,congestion_category,congestion_smoothed,operating_speed_mean,final_safe_speed,minor_crashes,major_crashes
978,Local Rd Zone2-978,Local,Aligned,7,7,Aligned,0.9949385453477946,0.9949385453477946,0.004828379987683317,0.00022567541054160223,7.399253980380751e-06,24,24,30.0,23.5,23.0,50,87.1,0,0.0,0.239,13.143776608210612,77.64578780080824,13.143750531173104,77.64358009042574,"LINESTRING(77.645788 13.143777, 77.64358 13.143751)",30,14.5,No,0,0,0,Poor,Medium,2.35,1.0,0.0,20.6,Safe,SEG-00978,SEG_000000978,74.0,24,17.9,Aligned,23.8,52.4,Side Impact Potential,Peri-Urban,2,False,Industrial,Poor Infrastructure,Local Rd Zone2-978,0,0.0,,False,21.4,24,0,0
979,Local Rd Zone2-979,Local,Moderate Misalignment,20,20,Moderate Misalignment,0.6316709686780441,0.36139432926910836,0.6316709686780441,0.006910062267015863,2.4639785831777186e-05,36,36,27.5,0.0,22.7,50,96.9,0,0.0,0.189,13.105280581310982,77.60403987894901,13.103876109421968,77.603057897429,"LINESTRING(77.60404 13.105281, 77.603058 13.103876)",30,11.5,No,0,0,0,Poor,Low,2.95,0.8,20.0,26.5,Moderate Risk,SEG-00979,SEG_000000979,63.7,36,27.1,Moderate Misalignment,36.1,54.7,Side Impact Potential,Peri-Urban,1,False,Residential,Poor Infrastructure,Local Rd Zone2-979,0,0.154,Light,False,27.9,36,0,0
980,Local Rd Zone2-980,Local,Aligned,7,7,Aligned,0.9937711072556452,0.9937711072556452,0.00577819585820585,0.0004493009031630466,1.395982986047039e-06,25,25,30.0,22.4,21.0,50,86.4,0,0.1889999999999999,0.358,13.103876109421968,77.603057897429,13.102484253262784,77.60243407468205,"LINESTRING(77.603058 13.103876, 77.602434 13.102484)",30,9.0,No,0,0,0,Good,Low,3.09,1.0,0.0,19.9,Safe,SEG-00980,SEG_000000980,74.1,25,17.3,Aligned,25.4,54.7,Side Impact Potential,Peri-Urban,2,False,Residential,Poor Infrastructure,Local Rd Zone2-979,1,0.0,,False,21.0,25,0,0
981,Local Rd Zone2-981,Local,Aligned,11,11,Aligned,0.7921489938327881,0.7921489938327881,0.20491683869754804,0.0029210489038827233,1.3118565781047826e-05,21,21,30.0,0.0,20.5,50,94.6,0,0.0,0.271,13.01126004783954,77.4449848407594,13.011307165690008,77.44248117232426,"LINESTRING(77.444985 13.01126, 77.442481 13.011307)",20,6.2,No,0,0,0,Good,Low,2.76,0.93,7.0,23.7,Safe,SEG-00981,SEG_000000981,67.1,21,21.5,Aligned,21.4,57.4,Side Impact Potential,Peri-Urban,2,False,Industrial,Poor Infrastructure,Local Rd Zone2-981,0,0.169,Light,False,16.4,21,0,0
982,Local Rd Zone2-982,Local,Aligned,7,7,Aligned,0.9863243708903568,0.9863243708903568,0.01317973857760858,0.0004935831114988415,2.3074205357519643e-06,17,20,27.5,11.8,20.1,50,90.7,0,0.271,0.505,13.011307165690008,77.44248117232426,13.011029748686452,77.44034244003907,"LINESTRING(77.442481 13.011307, 77.440342 13.01103)",20,10.3,No,0,0,0,Good,Medium,2.24,1.0,0.0,21.2,Safe,SEG-00982,SEG_000000982,71.3,17,18.4,Aligned,16.8,48.2,Side Impact Potential,Peri-Urban,1,False,Industrial,Poor Infrastructure,Local Rd Zone2-981,1,0.0,,False,13.8,20,0,0
1000,Local Rd Zone3-1000,Local,Aligned,8,8,Aligned,0.9650902306907749,0.9650902306907749,0.03424510243845701,0.000663062888542276,1.6039822257359226e-06,24,24,27.5,0.0,14.8,50,78.0,0,0.0,0.293,12.680694485777856,77.5972259446861,12.68327080305139,77.59779735786275,"LINESTRING(77.597226 12.680694, 77.597797 12.683271)",20,4.3,No,0,0,0,Poor,Low,1.04,0.8,20.0,22.5,Safe,SEG-01000,SEG_000001000,66.7,24,22.1,Aligned,23.9,41.6,Side Impact Potential,Rural,1,False,Industrial,Active Congestion | Poor Infrastructure,Local Rd Zone3-1000,0,0.791,Severe,False,5.4,24,0,0
1001,Local Rd Zone3-1001,Local,Aligned,10,10,Aligned,0.855248437970865,0.855248437970865,0.14253364127521845,0.0022031102229010807,1.481053101568669e-05,19,20,30.0,0.0,14.7,50,90.6,0,0.0,0.23,13.17713720471092,77.66803770772272,13.179064293666968,77.66725978549083,"LINESTRING(77.668038 13.177137, 77.66726 13.179064)",20,3.2,No,0,0,0,Poor,High,1.97,1.0,0.0,20.9,Safe,SEG-01001,SEG_000001001,69.2,19,18.0,Aligned,19.3,43.4,Side Impact Potential,Rural,2,False,Residential,Poor Infrastructure,Local Rd Zone3-1001,0,0.235,Light,False,13.7,20,0,0
1002,Local Rd Zone3-1002,Local,Aligned,7,7,Aligned,0.9972226578667929,0.9972226578667929,0.0026779529639204794,9.787428650015078e-05,1.5148827864416319e-06,25,25,27.5,14.1,15.8,50,83.4,0,0.23,0.45,13.179064293666968,77.66725978549083,13.180958592711804,77.66668098494557,"LINESTRING(77.66726 13.179064, 77.666681 13.180959)",30,6.7,No,0,0,0,Poor,High,1.61,1.0,0.0,19.2,Safe,SEG-01002,SEG_000001002,72.9,25,16.6,Aligned,25.1,39.7,Side Impact Potential,Rural,1,False,Residential,Poor Infrastructure,Local Rd Zone3-1001,1,0.177,Light,False,19.0,25,0,0
1003,Local Rd Zone3-1003,Local,Aligned,8,8,Aligned,0.9407183076415299,0.9407183076415299,0.05816391248242247,0.0011088706782314392,8.909197816082988e-06,23,23,27.5,0.0,15.4,50,99.1,0,0.0,0.172,13.132748810715684,77.70966722707749,13.132916480639553,77.71124685411586,"LINESTRING(77.709667 13.132749, 77.711247 13.132916)",20,5.5,No,0,0,0,Poor,Medium,2.1,0.84,16.0,22.5,Safe,SEG-01003,SEG_000001003,67.0,23,21.6,Aligned,23.2,41.1,Side Impact Potential,Rural,1,False,Industrial,Poor Infrastructure,Local Rd Zone3-1003,0,0.0,,False,20.6,23,0,0
1004,Local Rd Zone3-1004,Local,Aligned,10,10,Aligned,0.8546066503695672,0.8546066503695672,0.14242668250198137,0.002951867711417321,1.4799417034353902e-05,16,20,30.0,0.0,14.8,50,90.6,0,0.172,0.405,13.132916480639553,77.71124685411586,13.13347967133675,77.71331514891743,"LINESTRING(77.711247 13.132916, 77.713315 13.13348)",20,8.7,No,0,0,0,Good,Medium,1.96,1.0,0.0,20.9,Safe,SEG-01004,SEG_000001004,69.1,16,18.1,Aligned,15.6,34.1,Side Impact Potential,Rural,2,False,Residential,Poor Infrastructure,Local Rd Zone3-1003,1,0.0,,False,13.7,20,0,0
1005,Local Rd Zone3-1005,Local,Aligned,7,7,Aligned,0.9980910079948208,0.9980910079948208,0.0017199318073932684,0.00018792242633781,1.137771448080612e-06,27,27,27.5,0.0,16.4,50,83.8,0,0.0,0.287,12.7851584637199,77.51419903735247,12.783412245804469,77.5161536728808,"LINESTRING(77.514199 12.785158, 77.516154 12.783412)",30,11.2,No,0,0,0,Poor,Medium,1.69,1.0,0.0,21.5,Safe,SEG-01005,SEG_000001005,68.8,27,18.6,Aligned,26.7,35.5,Side Impact Potential,Rural,1,False,Industrial,Poor Infrastructure,Local Rd Zone3-1005,0,0.226,Light,False,19.2,27,0,0
1006,Local Rd Zone3-1006,Local,Aligned,7,7,Aligned,0.9910655137380371,0.9910655137380371,0.00845535763622368,0.00047423113211334536,4.897493626028801e-06,28,28,30.0,29.4,28.9,30,92.3,0,0.0,0.243,13.219993289165606,77.41543073926695,13.221037018340503,77.4134557504581,"LINESTRING(77.415431 13.219993, 77.413456 13.221037)",30,36.4,No,0,0,1,Poor,Low,1.07,1.0,0.0,21.9,Safe,SEG-01006,SEG_000001006,74.4,28,19.1,Aligned,28.4,35.0,Significant Pedestrian Interaction,Rural,2,False,Residential,High Pedestrian Interaction | Poor Infrastructure,Local Rd Zone3-1006,0,0.0,,False,24.9,28,0,0
1007,Local Rd Zone3-1007,Local,Aligned,7,7,Aligned,0.9932192936567343,0.9932192936567343,0.006679472384032002,9.93800307095695e-05,1.8539285241246467e-06,22,22,27.5,14.1,16.1,50,66.3,0,0.0,0.268,13.243625132067692,77.62361262285474,13.245949543447932,77.62296962007929,"LINESTRING(77.623613 13.243625, 77.62297 13.24595)",30,11.7,No,0,0,0,Poor,Low,1.13,1.0,0.0,19.3,Safe,SEG-01007,SEG_000001007,72.8,22,16.7,Aligned,21.6,33.6,Side Impact Potential,Rural,1,False,Commercial,Active Congestion | Poor Infrastructure,Local Rd Zone3-1007,0,0.657,Severe,False,7.5,22,0,0
1008,Local Rd Zone3-1008,Local,Moderate Misalignment,22,22,Moderate Misalignment,0.6955521924035271,0.29851242416636786,0.6955521924035271,0.005927580344943103,7.803085162132083e-06,39,39,27.5,14.1,21.2,50,98.1,0,0.0,0.201,12.790084585924316,77.58319270582577,12.788276004653676,77.58310880311011,"LINESTRING(77.583193 12.790085, 77.583109 12.788276)",30,12.6,No,0,0,1,Poor,Medium,2.03,0.69,31.0,25.1,Moderate Risk,SEG-01008,SEG_000001008,66.0,39,28.0,Moderate Misalignment,39.2,46.8,Side Impact Potential,Rural,1,False,Residential,Poor Infrastructure,Local Rd Zone3-1008,0,0.129,Light,False,31.3,39,0,0
1009,Local Rd Zone3-1009,Local,Aligned,7,7,Aligned,0.9872167424351976,0.9872167424351976,0.012592424493484553,0.00017859777345248499,1.223529786526806e-05,14,20,30.0,10.6,19.8,50,87.2,0,0.0,0.198,12.793473357469324,77.7767534305524,12.795224958428214,77.77640974749123,"LINESTRING(77.776753 12.793473, 77.77641 12.795225)",20,15.2,No,0,0,0,Poor,Low,1.67,1.0,0.0,21.2,Safe,SEG-01009,SEG_000001009,71.1,14,18.4,Aligned,13.6,39.6,Side Impact Potential,Rural,2,False,Residential,Poor Infrastructure,Local Rd Zone3-1009,0,0.0,,False,11.5,20,0,0
1010,Local Rd Zone3-1010,Local,Aligned,15,15,Aligned,0.6030035026190808,0.6030035026190808,0.39397779566631996,0.003001589850284725,1.7111864314581504e-05,27,27,30.0,0.0,14.8,50,94.1,0,0.0,0.193,12.718002254055571,77.59577687979863,12.716926939108108,77.59437730215726,"LINESTRING(77.595777 12.718002, 77.594377 12.716927)",20,5.3,No,0,0,0,Poor,Medium,1.69,0.66,34.0,23.8,Safe,SEG-01010,SEG_000001010,64.9,27,25.2,Moderate Misalignment,26.9,40.1,Side Impact Potential,Rural,2,False,Residential,Poor Infrastructure,Local Rd Zone3-1010,0,0.0,,False,23.9,27,0,0
1011,Local Rd Zone3-1011,Local,Aligned,7,7,Aligned,0.9980733873695776,0.9980733873695776,0.001825218557337935,0.0001005094070070091,8.846660773671937e-07,20,20,30.0,10.6,16.3,50,81.2,0,0.1929999999999999,0.347,12.716926939108108,77.59437730215726,12.71620057511397,77.5931669474732,"LINESTRING(77.594377 12.716927, 77.593167 12.716201)",30,7.2,No,0,0,0,Poor,Low,1.58,1.0,0.0,19.9,Safe,SEG-01011,SEG_000001011,71.8,20,17.2,Aligned,19.6,41.2,Side Impact Potential,Rural,2,False,Industrial,Poor Infrastructure,Local Rd Zone3-1010,1,0.0,,False,17.5,20,0,0
1012,Local Rd Zone3-1012,Local,Aligned,8,8,Aligned,0.9537766275383182,0.9537766275383182,0.0457330822728318,0.0004887050098593577,1.5851789907756208e-06,20,20,27.5,0.0,14.5,50,77.1,0,0.0,0.262,13.209854473806615,77.6428253620089,13.208110305339382,77.64119324347944,"LINESTRING(77.642825 13.209854, 77.641193 13.20811)",20,2.2,No,0,0,0,Poor,Low,1.41,1.0,0.0,20.8,Safe,SEG-01012,SEG_000001012,69.2,20,18.0,Aligned,19.8,44.4,Side Impact Potential,Rural,1,False,Mixed,Active Congestion | Poor Infrastructure,Local Rd Zone3-1012,0,0.778,Severe,False,4.7,20,0,0
1013,Local Rd Zone3-1013,Local,Moderate Misalignment,23,23,Moderate Misalignment,0.7610079043570694,0.23662338508577324,0.7610079043570694,0.00236083065878543,7.879898371891642e-06,38,38,30.0,0.0,19.8,50,96.7,0,0.0,0.249,12.763672587359132,77.75783293571399,12.765834359179484,77.75842117420706,"LINESTRING(77.757833 12.763673, 77.758421 12.765834)",30,11.3,No,0,0,0,Poor,High,1.15,0.72,28.0,26.4,Moderate Risk,SEG-01013,SEG_000001013,62.9,38,28.5,Moderate Misalignment,38.4,45.8,Side Impact Potential,Rural,2,False,Residential,Poor Infrastructure,Local Rd Zone3-1013,0,0.225,Light,False,27.8,38,0,0
1014,Local Rd Zone3-1014,Local,Aligned,7,7,Aligned,0.9935271906641648,0.9935271906641648,0.006350545751704779,0.00012081819574438956,1.4453883860377e-06,27,27,27.5,16.5,15.8,50,85.9,0,0.0,0.232,12.801087649577784,77.52837657769291,12.801100884338894,77.5262338249553,"LINESTRING(77.528377 12.801088, 77.526234 12.801101)",30,7.9,No,0,0,0,Poor,Low,2.39,1.0,0.0,18.8,Safe,SEG-01014,SEG_000001014,73.5,27,16.3,Aligned,27.4,39.1,Side Impact Potential,Rural,1,False,Residential,Poor Infrastructure,Local Rd Zone3-1014,0,0.182,Light,False,20.6,27,0,0
1015,Local Rd Zone3-1015,Local,Aligned,7,7,Aligned,0.9859512394068864,0.9859512394068864,0.013956313180461968,8.787398399057292e-05,4.573428661169766e-06,18,20,30.0,0.0,11.8,50,89.8,0,0.2319999999999999,0.487,12.801100884338894,77.5262338249553,12.801280204831688,77.52388811722955,"LINESTRING(77.526234 12.801101, 77.523888 12.80128)",20,2.7,No,0,0,0,Poor,Low,2.44,1.0,0.0,19.8,Safe,SEG-01015,SEG_000001015,69.8,18,17.0,Aligned,17.7,34.6,Side Impact Potential,Rural,2,False,Industrial,Poor Infrastructure,Local Rd Zone3-1014,1,0.204,Light,False,13.2,20,0,0
1016,Local Rd Zone3-1016,Local,Aligned,7,7,Aligned,0.9873306631719784,0.9873306631719784,0.012425612342097058,0.0002425272662766595,1.1972196478331026e-06,27,27,30.0,5.9,14.2,50,79.8,0,0.0,0.162,13.147524639694788,77.50429736734985,13.148960295760986,77.50454037141215,"LINESTRING(77.504297 13.147525, 77.50454 13.14896)",20,4.3,No,0,0,0,Poor,Medium,2.5,0.66,34.0,22.6,Safe,SEG-01016,SEG_000001016,66.8,27,24.0,Aligned,26.7,39.4,Side Impact Potential,Rural,2,False,Residential,Active Congestion | Poor Infrastructure,Local Rd Zone3-1016,0,0.77,Severe,False,6.5,27,0,0
1017,Local Rd Zone3-1017,Local,Aligned,8,8,Aligned,0.9374681838301632,0.9374681838301632,0.059401547029279474,0.0025895122745791897,0.0005407568659781536,22,22,27.5,0.0,16.8,50,94.5,0,0.162,0.313,13.148960295760986,77.50454037141215,13.15031664487459,77.50451287719254,"LINESTRING(77.50454 13.14896, 77.504513 13.150317)",20,6.8,No,0,0,0,Poor,Medium,2.56,0.92,8.0,22.3,Safe,SEG-01017,SEG_000001017,67.8,22,20.3,Aligned,21.5,43.3,Side Impact Potential,Rural,1,False,Residential,Poor Infrastructure,Local Rd Zone3-1016,1,0.186,Light,False,16.3,22,0,0
1018,Local Rd Zone3-1018,Local,Aligned,7,7,Aligned,0.9960275784919191,0.9960275784919191,0.0038169900169219458,6.825944188871664e-05,8.717204927007466e-05,14,20,27.5,0.0,16.9,50,87.5,0,0.0,0.266,13.085107139830752,77.79439042276404,13.08283031871114,77.7951319249098,"LINESTRING(77.79439 13.085107, 77.795132 13.08283)",20,5.6,No,0,0,0,Poor,High,2.09,1.0,0.0,21.7,Safe,SEG-01018,SEG_000001018,68.7,14,18.8,Aligned,14.5,46.1,Side Impact Potential,Rural,1,False,Industrial,Poor Infrastructure,Local Rd Zone3-1018,0,0.0,,False,11.7,20,0,0
1019,Local Rd Zone3-1019,Local,Aligned,8,8,Aligned,0.9679672080816598,0.9679672080816598,0.03184865678280486,0.0001711982603980019,1.2936875137502214e-05,20,20,30.0,20.0,15.2,50,93.9,0,0.0,0.163,13.162064369691636,77.78860920338887,13.16165043254033,77.79005800702592,"LINESTRING(77.788609 13.162064, 77.790058 13.16165)",20,9.3,No,0,0,0,Poor,Low,1.14,0.98,2.0,18.2,Safe,SEG-01019,SEG_000001019,74.4,20,16.0,Aligned,20.4,34.6,Side Impact Potential,Rural,2,False,Residential,Poor Infrastructure,Local Rd Zone3-1019,0,0.147,Light,False,15.9,20,0,0
1020,Local Rd Zone3-1020,Local,Aligned,7,7,Aligned,0.9972588398522774,0.9972588398522774,0.002668225255805754,4.6793921289860025e-05,2.6140970627160735e-05,20,20,27.5,0.0,17.1,50,78.5,0,0.1629999999999999,0.4549999999999999,13.16165043254033,77.79005800702592,13.161053747994412,77.7926812394427,"LINESTRING(77.790058 13.16165, 77.792681 13.161054)",30,10.2,No,0,0,0,Poor,Low,1.25,1.0,0.0,21.8,Safe,SEG-01020,SEG_000001020,68.7,20,18.9,Aligned,20.5,38.6,Side Impact Potential,Rural,1,False,Industrial,Poor Infrastructure,Local Rd Zone3-1019,1,0.173,Light,False,15.7,20,0,0
1021,Local Rd Zone3-1021,Local,Aligned,7,7,Aligned,0.9980840156489662,0.9980840156489662,0.0018416068260740032,7.3836359829274e-05,5.41165130423283e-07,22,22,30.0,5.9,17.5,50,82.8,0,0.0,0.155,12.854663876665024,77.3845369145943,12.85332101452875,77.38492093016114,"LINESTRING(77.384537 12.854664, 77.384921 12.853321)",30,9.2,No,0,0,0,Poor,High,1.4,1.0,0.0,21.1,Safe,SEG-01021,SEG_000001021,70.3,22,18.2,Aligned,22.3,42.5,Side Impact Potential,Rural,2,False,Residential,Poor Infrastructure,Local Rd Zone3-1021,0,0.0,,False,18.5,22,0,0
1022,Local Rd Zone3-1022,Local,Aligned,8,8,Aligned,0.9726319402718164,0.9726319402718164,0.026868076939856895,0.0004983662717620617,1.6165165647386026e-06,18,20,30.0,0.0,14.5,50,79.4,0,0.0,0.283,13.000393976734202,77.8630506027952,12.999110702647108,77.86078990021112,"LINESTRING(77.863051 13.000394, 77.86079 12.999111)",20,6.1,No,0,0,0,Poor,Low,1.3,1.0,0.0,20.8,Safe,SEG-01022,SEG_000001022,69.2,18,18.0,Aligned,17.6,37.1,Side Impact Potential,Rural,2,False,Residential,Active Congestion | Poor Infrastructure,Local Rd Zone3-1022,0,0.642,Severe,False,6.3,20,0,0
1023,Local Rd Zone3-1023,Local,Aligned,7,7,Aligned,0.9971575608946955,0.9971575608946955,0.0027466530152548754,9.451175955835271e-05,1.2743304914060422e-06,25,25,30.0,10.6,15.7,50,85.6,0,0.0,0.18,13.006977977893811,77.34397352261051,13.006763688248231,77.34561949317862,"LINESTRING(77.343974 13.006978, 77.345619 13.006764)",30,5.1,No,0,0,0,Good,Low,1.25,1.0,0.0,19.7,Safe,SEG-01023,SEG_000001023,71.9,25,17.0,Aligned,25.3,42.7,Side Impact Potential,Rural,2,False,Residential,Poor Infrastructure,Local Rd Zone3-1023,0,0.0,,False,20.4,25,0,0
1024,Local Rd Zone3-1024,Local,Aligned,8,8,Aligned,0.9714693243059292,0.9714693243059292,0.027846921260359928,0.000673848181250495,9.90625246035754e-06,35,35,30.0,0.0,15.9,50,99.6,0,0.0,0.184,13.209643945664558,77.42211431383237,13.21083580635141,77.42092873183014,"LINESTRING(77.422114 13.209644, 77.420929 13.210836)",30,5.9,No,0,0,0,Poor,Low,0.77,0.85,15.0,23.3,Safe,SEG-01024,SEG_000001024,66.1,35,23.2,Aligned,34.6,43.0,Side Impact Potential,Rural,2,False,Residential,Poor Infrastructure,Local Rd Zone3-1024,0,0.0,,False,29.8,35,0,0
1025,Local Rd Zone3-1025,Local,Moderate Misalignment,21,21,Moderate Misalignment,0.6672071283492435,0.3310388376180972,0.6672071283492435,0.0016665099548246905,8.752407783455728e-05,50,50,30.0,10.6,14.8,50,95.0,0,0.184,0.42,13.21083580635141,77.42092873183014,13.212688102983572,77.41986365336645,"LINESTRING(77.420929 13.210836, 77.419864 13.212688)",40,3.5,No,0,0,0,Poor,Medium,0.76,0.7,30.0,24.4,Safe,SEG-01025,SEG_000001025,64.5,50,29.3,Moderate Misalignment,52.2,43.2,Side Impact Potential,Rural,2,False,Industrial,Poor Infrastructure,Local Rd Zone3-1024,1,0.0,,False,43.3,50,0,0
1026,Local Rd Zone3-1026,Local,Aligned,7,7,Aligned,0.9968361058492687,0.9968361058492687,0.003088000445737766,7.490570006744187e-05,9.880049259898703e-07,29,29,27.5,0.0,15.9,50,88.5,0,0.0,0.163,12.830964028717249,77.8139967225926,12.830613155825558,77.81545394328367,"LINESTRING(77.813997 12.830964, 77.815454 12.830613)",30,8.5,No,0,0,0,Poor,High,1.27,1.0,0.0,21.4,Safe,SEG-01026,SEG_000001026,68.9,29,18.5,Aligned,29.4,37.2,Side Impact Potential,Rural,1,False,Residential,Poor Infrastructure,Local Rd Zone3-1026,0,0.184,Light,False,22.3,29,0,0
1027,Local Rd Zone3-1027,Local,Aligned,11,11,Aligned,0.8485073166666871,0.8485073166666871,0.1121718777533181,0.03928111950197471,3.96860780202298e-05,27,27,27.5,0.0,13.8,50,99.6,0,0.0,0.22,12.766343586497644,77.36987068731409,12.764381827054978,77.36960382216328,"LINESTRING(77.369871 12.766344, 77.369604 12.764382)",20,2.6,No,0,0,0,Poor,Medium,0.83,0.66,34.0,23.4,Safe,SEG-01027,SEG_000001027,65.1,27,24.8,Aligned,26.8,41.2,Side Impact Potential,Rural,1,False,Mixed,Poor Infrastructure,Local Rd Zone3-1027,0,0.204,Light,False,19.7,27,0,0
1028,Local Rd Zone3-1028,Local,Aligned,10,10,Aligned,0.8473573041200337,0.8473573041200337,0.14533993117729183,0.007273619498326688,2.9145204347843852e-05,24,24,30.0,0.0,10.7,50,98.2,0,0.0,0.237,13.064454706305154,77.87802977292807,13.06401165404105,77.8758936902448,"LINESTRING(77.87803 13.064455, 77.875894 13.064012)",20,1.4,No,0,0,0,Poor,Medium,0.99,0.82,18.0,20.8,Safe,SEG-01028,SEG_000001028,67.8,24,20.3,Aligned,23.5,33.0,Side Impact Potential,Rural,2,False,Mixed,Poor Infrastructure,Local Rd Zone3-1028,0,0.142,Light,False,18.8,24,0,0
1029,Local Rd Zone3-1029,Local,Aligned,8,8,Aligned,0.9498296550231585,0.9498296550231585,0.04895870629640036,0.0012068354998610283,4.80318058015815e-06,17,20,30.0,14.1,24.6,50,89.9,0,0.0,0.25,13.133135466610964,77.44207567783052,13.132845273348458,77.43978662966367,"LINESTRING(77.442076 13.133135, 77.439787 13.132845)",20,23.7,No,0,0,1,Poor,Low,1.55,1.0,0.0,22.6,Safe,SEG-01029,SEG_000001029,71.1,17,19.6,Aligned,16.9,40.6,Side Impact Potential,Rural,2,False,Residential,Poor Infrastructure,Local Rd Zone3-1029,0,0.148,Light,False,13.3,20,0,0
1030,Local Rd Zone3-1030,Local,Aligned,9,9,Aligned,0.901240705458693,0.901240705458693,0.09849768700148333,0.00024769769614623886,1.3909843677498139e-05,20,20,38.0,0.0,11.7,70,95.4,0,0.0,0.219,12.695949482937465,77.74973179487189,12.696716924487998,77.7478773388006,"LINESTRING(77.749732 12.695949, 77.747877 12.696717)",20,1.1,No,0,0,0,Poor,Medium,0.76,1.0,0.0,19.7,Safe,SEG-01030,SEG_000001030,69.8,20,17.0,Aligned,19.8,37.0,Separated Traffic,Rural,2,True,Residential,Poor Infrastructure,Local Rd Zone3-1030,0,0.0,,False,16.9,20,0,0
1031,Local Rd Zone3-1031,Local,Aligned,7,7,Aligned,0.9968361058492687,0.9968361058492687,0.003088000445737766,7.490570006744187e-05,9.880049259898703e-07,15,20,27.5,0.0,15.7,50,88.9,0,0.0,0.277,12.75759411807292,77.4988020064281,12.759550509853092,77.50037840624412,"LINESTRING(77.498802 12.757594, 77.500378 12.759551)",20,6.3,No,0,0,0,Poor,Low,1.79,1.0,0.0,21.3,Safe,SEG-01031,SEG_000001031,69.0,15,18.4,Aligned,14.9,41.8,Side Impact Potential,Rural,1,False,Residential,Poor Infrastructure,Local Rd Zone3-1031,0,0.0,,False,12.6,20,0,0
1032,Local Rd Zone3-1032,Local,Aligned,8,8,Aligned,0.9782083412673772,0.9782083412673772,0.021343007676316215,0.00044720050264508324,1.45055366152537e-06,36,36,27.5,0.0,14.2,50,75.9,0,0.0,0.285,12.977494070525296,77.83407132598435,12.974936595340994,77.83420979892131,"LINESTRING(77.834071 12.977494, 77.83421 12.974937)",30,7.2,No,0,0,0,Poor,Low,1.8,0.78,22.0,23.4,Safe,SEG-01032,SEG_000001032,65.2,36,24.6,Aligned,36.5,34.8,Side Impact Potential,Rural,1,False,Residential,Active Congestion | Poor Infrastructure,Local Rd Zone3-1032,0,0.612,Severe,False,13.9,36,0,0
1033,Local Rd Zone3-1033,Local,Aligned,8,8,Aligned,0.9665995702809383,0.9665995702809383,0.03285814643713464,0.0005367402423880421,5.543039538999118e-06,18,20,27.5,23.5,27.8,30,90.8,0,0.285,0.522,12.974936595340994,77.83420979892131,12.972910319136473,77.83487734751711,"LINESTRING(77.83421 12.974937, 77.834877 12.97291)",20,28.0,No,0,0,1,Poor,Low,1.83,1.0,0.0,22.4,Safe,SEG-01033,SEG_000001033,73.0,18,19.5,Aligned,17.5,41.6,Significant Pedestrian Interaction,Rural,1,False,Industrial,High Pedestrian Interaction | Poor Infrastructure,Local Rd Zone3-1032,1,0.137,Light,False,13.9,20,0,0
1034,Local Rd Zone3-1034,Local,Aligned,7,7,Aligned,0.9923703139398569,0.9923703139398569,0.007451159313848055,0.00017763846261893495,8.882836762257221e-07,18,20,27.5,5.9,18.9,50,91.0,0,0.0,0.238,12.72271902208684,77.68244475626693,12.721000238121114,77.68374931670334,"LINESTRING(77.682445 12.722719, 77.683749 12.721)",20,9.2,No,0,0,0,Poor,Low,1.4,1.0,0.0,21.6,Safe,SEG-01034,SEG_000001034,70.0,18,18.7,Aligned,17.7,47.0,Side Impact Potential,Rural,1,False,Mixed,Poor Infrastructure,Local Rd Zone3-1034,0,0.142,Light,False,14.0,20,0,0
1035,Local Rd Zone3-1035,Local,Aligned,8,8,Aligned,0.9393601871147932,0.9393601871147932,0.06044453472784075,0.0001856195372996475,9.658620066371192e-06,17,20,27.5,0.0,12.6,50,89.8,0,0.0,0.27,13.0724709706819,77.36662713867646,13.072404444053587,77.3641311417512,"LINESTRING(77.366627 13.072471, 77.364131 13.072404)",20,3.6,No,0,0,0,Poor,Medium,1.65,1.0,0.0,20.1,Safe,SEG-01035,SEG_000001035,69.6,17,17.3,Aligned,16.9,35.3,Side Impact Potential,Rural,1,False,Residential,Poor Infrastructure,Local Rd Zone3-1035,0,0.159,Light,False,13.2,20,0,0
1036,Local Rd Zone3-1036,Local,Aligned,7,7,Aligned,0.9940286832150274,0.9940286832150274,0.005816103802633643,0.00015310564661097628,2.1073357280536783e-06,33,33,30.0,0.0,16.1,50,91.1,0,0.0,0.186,12.797186738779551,77.49223914929979,12.796818357630633,77.49391491138226,"LINESTRING(77.492239 12.797187, 77.493915 12.796818)",30,7.8,No,0,0,0,Good,Low,2.16,0.91,9.0,22.5,Safe,SEG-01036,SEG_000001036,67.2,33,21.3,Aligned,32.7,40.2,Side Impact Potential,Rural,2,False,Residential,Poor Infrastructure,Local Rd Zone3-1036,0,0.214,Light,False,24.1,33,0,0