segment_id,road_name,road_type,risk_category,road_risk_score,segment_risk_score,ai_risk_label,ai_risk_probability,prob_low_risk,prob_medium_risk,prob_high_risk,prob_critical_risk,ai_recommended_speed,recommended_safe_speed,road_function_score,infrastructure_score,exposure_score,human_tolerance_limit,operating_speed_score,crash_risk_score,start_km,end_km,start_lat,start_lon,end_lat,end_lon,geometry,posted_speed_limit,pedestrian_exposure_score,blackspot_flag,crash_count,fatal_crashes,schools_count,lighting_quality,roadside_hazards,intersection_density,speed_compliance_rate,speed_violation_score,hotspot_score,hotspot_category,human_segment_id,internal_id,speed_safety_score,original_safe_speed,misalignment_score,misalignment_category,speed_p85,ptw_share_pct,exposure_tier,urban_rural_flag,lane_count,median_presence,land_use_type,top_ai_factors,corridor_base,corridor_seq,congestion_index,congestion_category,congestion_smoothed,operating_speed_mean,final_safe_speed,minor_crashes,major_crashes
1037,Local Rd Zone3-1037,Local,Aligned,8,8,Aligned,0.951041902238848,0.951041902238848,0.04686419904077426,0.001033797899155353,0.0010601008212225095,36,36,38.0,14.1,17.3,50,97.5,0,0.0,0.282,12.757469483871285,77.57918912587948,12.759873455972206,77.57836431385262,"LINESTRING(77.579189 12.757469, 77.578364 12.759873)",30,12.6,No,0,0,1,Good,Low,2.12,0.81,19.0,22.1,Safe,SEG-01037,SEG_000001037,69.1,36,22.9,Aligned,35.6,35.5,Side Impact Potential,Rural,2,True,Industrial,Poor Infrastructure,Local Rd Zone3-1037,0,0.142,Light,False,28.4,36,0,0
1038,Local Rd Zone3-1038,Local,Aligned,8,8,Aligned,0.9512412872405417,0.9512412872405417,0.04824922307522675,0.0005067738126114276,2.715871620226588e-06,29,29,27.5,0.0,18.8,50,94.9,0,0.0,0.209,13.122099759570975,77.85901855633043,13.122897773643505,77.8572685357824,"LINESTRING(77.859019 13.1221, 77.857269 13.122898)",30,12.3,No,0,0,0,Poor,High,0.75,1.0,0.0,22.5,Safe,SEG-01038,SEG_000001038,68.3,29,19.5,Aligned,29.3,41.6,Side Impact Potential,Rural,1,False,Industrial,Poor Infrastructure,Local Rd Zone3-1038,0,0.0,,False,26.6,29,0,0
1039,Local Rd Zone3-1039,Local,Aligned,8,8,Aligned,0.9308652843181322,0.9308652843181322,0.06816452353533806,0.0009660990050108034,4.093141519092695e-06,26,26,27.5,5.9,21.2,50,89.8,0,0.0,0.257,12.70410667757866,77.53732158295617,12.70234654993597,77.53885710947083,"LINESTRING(77.537322 12.704107, 77.538857 12.702347)",30,13.9,No,0,0,0,Poor,Low,1.02,1.0,0.0,22.5,Safe,SEG-01039,SEG_000001039,69.5,26,19.5,Aligned,25.5,44.3,Side Impact Potential,Rural,1,False,Residential,Poor Infrastructure,Local Rd Zone3-1039,0,0.0,,False,23.2,26,0,0
1040,Local Rd Zone3-1040,Local,Aligned,9,9,Aligned,0.891828180352467,0.891828180352467,0.10568211096700397,0.0018216429004002624,0.0006680657801286682,22,22,30.0,0.0,17.1,50,97.3,0,0.257,0.542,12.70234654993597,77.53885710947083,12.700429834637989,77.54059453641798,"LINESTRING(77.538857 12.702347, 77.540595 12.70043)",20,11.9,No,0,0,0,Poor,Low,1.24,0.88,12.0,22.9,Safe,SEG-01040,SEG_000001040,67.1,22,21.5,Aligned,22.5,36.9,Side Impact Potential,Rural,2,False,Residential,Poor Infrastructure,Local Rd Zone3-1039,1,0.0,,False,18.2,22,0,0
1041,Local Rd Zone3-1041,Local,Aligned,8,8,Aligned,0.9776784044944591,0.9776784044944591,0.02219065361683584,0.00012404338686394502,6.898501841061327e-06,18,20,27.5,0.0,11.7,50,92.1,0,0.0,0.188,12.84484981723964,77.43161034641794,12.84651248360398,77.43130697666189,"LINESTRING(77.43161 12.84485, 77.431307 12.846512)",20,1.3,No,0,0,0,Good,High,1.83,1.0,0.0,19.7,Safe,SEG-01041,SEG_000001041,69.8,18,17.0,Aligned,17.5,36.6,Side Impact Potential,Rural,1,False,Residential,Poor Infrastructure,Local Rd Zone3-1041,0,0.0,,False,14.7,20,0,0
1042,Local Rd Zone3-1042,Local,Aligned,8,8,Aligned,0.9824188295674363,0.9824188295674363,0.01746125586283767,3.462764077281359e-05,8.528692895312934e-05,27,27,27.5,21.2,17.3,50,87.9,0,0.0,0.152,13.01540549437204,77.89549689233539,13.014038009155067,77.89546886301643,"LINESTRING(77.895497 13.015405, 77.895469 13.014038)",30,7.0,No,0,0,0,Poor,Low,0.91,1.0,0.0,18.7,Safe,SEG-01042,SEG_000001042,74.5,27,16.2,Aligned,26.7,45.1,Side Impact Potential,Rural,1,False,Residential,Poor Infrastructure,Local Rd Zone3-1042,0,0.0,,False,22.0,27,0,0
1043,Local Rd Zone3-1043,Local,Aligned,7,7,Aligned,0.991723804403589,0.991723804403589,0.008071613590093219,0.0002036197557081848,9.622506097213906e-07,29,29,27.5,7.1,18.0,50,91.9,0,0.152,0.379,13.014038009155067,77.89546886301643,13.011997339107372,77.89535595898718,"LINESTRING(77.895469 13.014038, 77.895356 13.011997)",30,10.6,No,0,0,0,Poor,Low,0.81,1.0,0.0,21.1,Safe,SEG-01043,SEG_000001043,70.4,29,18.3,Aligned,29.2,40.9,Side Impact Potential,Rural,1,False,Mixed,Poor Infrastructure,Local Rd Zone3-1042,1,0.0,,False,24.6,29,0,0
1044,Local Rd Zone3-1044,Local,Aligned,8,8,Aligned,0.9711051079761718,0.9711051079761718,0.028068928600208813,0.0008227572259080998,3.206197711140113e-06,31,31,30.0,9.4,18.4,50,97.5,0,0.0,0.268,12.778669992313548,77.71964849567327,12.779859154463814,77.72180166010702,"LINESTRING(77.719648 12.77867, 77.721802 12.779859)",30,13.0,No,0,0,0,Poor,Medium,1.71,0.98,2.0,21.2,Safe,SEG-01044,SEG_000001044,70.6,31,18.8,Aligned,30.7,38.0,Side Impact Potential,Rural,2,False,Residential,Poor Infrastructure,Local Rd Zone3-1044,0,0.0,,False,28.3,31,0,0
1045,Local Rd Zone3-1045,Local,Aligned,7,7,Aligned,0.995119637915877,0.995119637915877,0.004768455004763093,0.00011057618592083689,1.3308934389237485e-06,17,20,30.0,0.0,15.1,50,88.7,0,0.0,0.234,13.154084155556024,77.44535496332854,13.156185260034997,77.44539164321584,"LINESTRING(77.445355 13.154084, 77.445392 13.156185)",20,5.3,No,0,0,0,Poor,High,1.91,1.0,0.0,21.1,Safe,SEG-01045,SEG_000001045,69.1,17,18.2,Aligned,16.7,41.4,Side Impact Potential,Rural,2,False,Industrial,Poor Infrastructure,Local Rd Zone3-1045,0,0.196,Light,False,12.5,20,0,0
1046,Local Rd Zone3-1046,Local,Aligned,8,8,Aligned,0.956067276148622,0.956067276148622,0.042651791572663016,0.0012677362735736449,1.3196005141346118e-05,16,20,27.5,14.1,24.9,50,90.9,0,0.0,0.257,12.761459919975374,77.64991357165839,12.762421898574058,77.65206460908072,"LINESTRING(77.649914 12.76146, 77.652065 12.762422)",20,23.9,No,0,0,1,Poor,High,2.03,1.0,0.0,22.7,Safe,SEG-01046,SEG_000001046,71.0,16,19.7,Aligned,15.5,38.6,Side Impact Potential,Rural,1,False,Residential,Poor Infrastructure,Local Rd Zone3-1046,0,0.0,,False,13.9,20,0,0
1047,Local Rd Zone3-1047,Local,Aligned,7,7,Aligned,0.9967196939733313,0.9967196939733313,0.0020141299801052733,0.00010567628833004412,0.0011604997582334007,16,20,27.5,0.0,16.7,50,87.2,0,0.0,0.204,13.079355454572022,77.43058288427379,13.08019039030031,77.43226387028676,"LINESTRING(77.430583 13.079355, 77.432264 13.08019)",20,8.4,No,0,0,0,Good,High,2.18,1.0,0.0,21.7,Safe,SEG-01047,SEG_000001047,68.8,16,18.7,Aligned,16.0,41.5,Side Impact Potential,Rural,1,False,Residential,Poor Infrastructure,Local Rd Zone3-1047,0,0.237,Light,False,11.4,20,0,0
1048,Local Rd Zone3-1048,Local,Aligned,8,8,Aligned,0.970017608314527,0.970017608314527,0.029857748491506558,0.00011714017907692783,7.5030148894913495e-06,15,20,27.5,0.0,13.1,50,89.5,0,0.0,0.184,13.052230014188048,77.79141835078113,13.05057449607722,77.79145010154713,"LINESTRING(77.791418 13.05223, 77.79145 13.050574)",20,2.7,No,0,0,0,Poor,Medium,1.84,1.0,0.0,20.3,Safe,SEG-01048,SEG_000001048,69.5,15,17.5,Aligned,15.0,39.1,Side Impact Potential,Rural,1,False,Industrial,Poor Infrastructure,Local Rd Zone3-1048,0,0.0,,False,13.0,20,0,0
1049,Local Rd Zone3-1049,Local,Aligned,7,7,Aligned,0.9924923607861307,0.9924923607861307,0.0072378102472018205,0.00026340415655214604,6.42481011528661e-06,17,20,27.5,0.0,16.5,50,91.2,0,0.0,0.281,13.227955426412954,77.7409182444562,13.229819660248763,77.73916819973778,"LINESTRING(77.740918 13.227955, 77.739168 13.22982)",20,5.0,No,0,0,0,Poor,High,1.01,1.0,0.0,21.6,Safe,SEG-01049,SEG_000001049,68.8,17,18.7,Aligned,17.3,46.1,Side Impact Potential,Rural,1,False,Mixed,Poor Infrastructure,Local Rd Zone3-1049,0,0.0,,False,14.1,20,0,0
1050,Local Rd Zone3-1050,Local,Aligned,8,8,Aligned,0.9419260452433524,0.9419260452433524,0.05785772693545681,0.00020483838274184372,1.1389438448713553e-05,28,28,30.0,0.0,12.8,50,90.9,0,0.0,0.165,12.703682891055523,77.55088977852988,12.70282994513937,77.5496395885827,"LINESTRING(77.55089 12.703683, 77.54964 12.70283)",30,4.1,No,0,0,0,Good,Low,1.25,1.0,0.0,20.2,Safe,SEG-01050,SEG_000001050,69.6,28,17.4,Aligned,28.5,34.8,Side Impact Potential,Rural,2,False,Residential,Poor Infrastructure,Local Rd Zone3-1050,0,0.0,,False,23.9,28,0,0
1051,Local Rd Zone3-1051,Local,Aligned,8,8,Aligned,0.9272047230684278,0.9272047230684278,0.07113903421419161,0.0016394007270168769,1.6841990363875103e-05,24,24,30.0,0.0,16.0,50,97.3,0,0.165,0.326,12.70282994513937,77.5496395885827,12.701872856026988,77.54852281392279,"LINESTRING(77.54964 12.70283, 77.548523 12.701873)",20,9.3,No,0,0,0,Poor,Low,1.14,0.79,21.0,23.1,Safe,SEG-01051,SEG_000001051,66.3,24,22.8,Aligned,24.2,37.1,Side Impact Potential,Rural,2,False,Industrial,Poor Infrastructure,Local Rd Zone3-1050,1,0.189,Light,False,18.2,24,0,0
1052,Local Rd Zone3-1052,Local,Moderate Misalignment,22,22,Moderate Misalignment,0.6982621043609026,0.2985686398912962,0.6982621043609026,0.0031452130754116396,2.4042672389643243e-05,40,40,30.0,0.0,14.6,50,95.1,0,0.0,0.175,12.862946608954893,77.3745956616796,12.863797152241233,77.37324148320968,"LINESTRING(77.374596 12.862947, 77.373241 12.863797)",30,6.3,No,0,0,0,Poor,Medium,1.83,0.68,32.0,24.8,Safe,SEG-01052,SEG_000001052,63.3,40,27.8,Moderate Misalignment,39.5,36.8,Side Impact Potential,Rural,2,False,Residential,Poor Infrastructure,Local Rd Zone3-1052,0,0.0,,False,33.2,40,0,0
1053,Local Rd Zone3-1053,Local,Aligned,7,7,Aligned,0.9928090969811654,0.9928090969811654,0.007132903650187354,5.344653129879697e-05,4.552837348566808e-06,48,48,27.5,11.8,15.4,50,92.2,0,0.175,0.4589999999999999,12.863797152241233,77.37324148320968,12.865539881357956,77.37133037452371,"LINESTRING(77.373241 12.863797, 77.37133 12.86554)",40,4.8,No,0,0,0,Poor,Medium,1.7,0.79,21.0,22.9,Safe,SEG-01053,SEG_000001053,67.0,48,25.6,Moderate Misalignment,48.5,42.7,Side Impact Potential,Rural,1,False,Industrial,Poor Infrastructure,Local Rd Zone3-1052,1,0.0,,False,45.2,48,0,0
1054,Local Rd Zone3-1054,Local,Aligned,8,8,Aligned,0.9824517496999315,0.9824517496999315,0.017123207235972788,0.0004229940201880056,2.049043907718231e-06,26,26,27.5,10.6,19.0,50,100.0,0,0.0,0.189,12.799093471032878,77.8236329754346,12.79808074872845,77.82222878436353,"LINESTRING(77.823633 12.799093, 77.822229 12.798081)",20,13.8,No,0,0,0,Poor,High,1.23,0.69,31.0,23.5,Safe,SEG-01054,SEG_000001054,67.4,26,24.6,Aligned,26.2,37.5,Side Impact Potential,Rural,1,False,Residential,Poor Infrastructure,Local Rd Zone3-1054,0,0.174,Light,False,20.0,26,0,0
1055,Local Rd Zone3-1055,Local,Moderate Misalignment,25,25,Moderate Misalignment,0.8710245533783827,0.1270337514994848,0.8710245533783827,0.001880792467291312,6.09026548414057e-05,39,39,27.5,0.0,11.4,50,96.9,0,0.0,0.183,13.127714807018698,77.71618404199128,13.126649330050414,77.71489912615033,"LINESTRING(77.716184 13.127715, 77.714899 13.126649)",30,0.4,No,0,0,0,Poor,Low,2.33,0.69,31.0,23.4,Safe,SEG-01055,SEG_000001055,64.2,39,26.4,Moderate Misalignment,39.2,37.2,Side Impact Potential,Rural,1,False,Residential,Poor Infrastructure,Local Rd Zone3-1055,0,0.0,,False,32.1,39,0,0
1056,Local Rd Zone3-1056,Local,Aligned,8,8,Aligned,0.9827238177746309,0.9827238177746309,0.016644759503888166,0.0006286444992601367,2.7782222208347066e-06,18,20,30.0,20.0,20.7,50,92.0,0,0.0,0.276,12.706827860479663,77.52634930118789,12.70910445295062,77.52533759797704,"LINESTRING(77.526349 12.706828, 77.525338 12.709104)",20,13.4,No,0,0,0,Good,Low,1.34,1.0,0.0,20.2,Safe,SEG-01056,SEG_000001056,73.5,18,17.5,Aligned,17.8,43.6,Side Impact Potential,Rural,2,False,Residential,Poor Infrastructure,Local Rd Zone3-1056,0,0.0,,False,14.7,20,0,0
1057,Local Rd Zone3-1057,Local,Aligned,8,8,Aligned,0.9725952483388168,0.9725952483388168,0.02711695182906858,0.00027982629660869003,7.97353550612222e-06,34,34,27.5,9.4,15.7,50,99.6,0,0.0,0.244,13.25101962154635,77.57374999818525,13.252273463251052,77.57189701428099,"LINESTRING(77.57375 13.25102, 77.571897 13.252273)",30,7.9,No,0,0,0,Poor,Medium,1.08,0.87,13.0,21.5,Safe,SEG-01057,SEG_000001057,69.2,34,21.2,Aligned,33.9,39.0,Side Impact Potential,Rural,1,False,Industrial,Poor Infrastructure,Local Rd Zone3-1057,0,0.0,,False,29.8,34,0,0
983,Local Rd Zone3-983,Local,Aligned,7,7,Aligned,0.9892863646648515,0.9892863646648515,0.009061998266580622,0.00031041615875673247,0.0013412209098110487,28,28,27.5,0.0,16.7,50,90.5,0,0.0,0.213,13.176109904278354,77.49895872343215,13.175315340425538,77.49717100025639,"LINESTRING(77.498959 13.17611, 77.497171 13.175315)",30,8.9,No,0,0,0,Poor,High,1.63,1.0,0.0,21.7,Safe,SEG-00983,SEG_000000983,68.8,28,18.7,Aligned,28.4,40.5,Side Impact Potential,Rural,1,False,Mixed,Poor Infrastructure,Local Rd Zone3-983,0,0.0,,False,23.7,28,0,0
984,Local Rd Zone3-984,Local,Aligned,11,11,Aligned,0.8186878487037098,0.8186878487037098,0.17854684669416904,0.0026595257704799084,0.00010577883164126649,38,38,27.5,10.6,13.9,50,95.9,0,0.213,0.436,13.175315340425538,77.49717100025639,13.174522686655369,77.49527595406559,"LINESTRING(77.497171 13.175315, 77.495276 13.174523)",30,7.1,No,0,0,0,Good,Medium,2.13,0.73,27.0,22.3,Safe,SEG-00984,SEG_000000984,67.3,38,24.7,Aligned,38.0,33.0,Side Impact Potential,Rural,1,False,Residential,Poor Infrastructure,Local Rd Zone3-983,1,0.0,,False,32.7,38,0,0
985,Local Rd Zone3-985,Local,Aligned,8,8,Aligned,0.9756486155368986,0.9756486155368986,0.024176065042021768,0.0001741403157845147,1.1791052950621255e-06,28,28,27.5,21.2,17.8,50,94.6,0,0.0,0.169,12.76262370245973,77.55698334708869,12.764008350761175,77.55762356108859,"LINESTRING(77.556983 12.762624, 77.557624 12.764008)",30,7.3,No,0,0,0,Poor,Low,1.6,1.0,0.0,18.9,Safe,SEG-00985,SEG_000000985,74.4,28,16.4,Aligned,28.2,46.9,Side Impact Potential,Rural,1,False,Residential,Poor Infrastructure,Local Rd Zone3-985,0,0.0,,False,26.4,28,0,0
986,Local Rd Zone3-986,Local,Aligned,7,7,Aligned,0.9946580386117525,0.9946580386117525,0.004990199965051492,0.00035003605262467265,1.7253705715197723e-06,32,32,30.0,34.1,20.5,50,92.2,0,0.169,0.434,12.764008350761175,77.55762356108859,12.766324340980487,77.55821049133228,"LINESTRING(77.557624 12.764008, 77.55821 12.766324)",30,16.7,No,0,0,0,Poor,High,2.17,0.93,7.0,18.8,Safe,SEG-00986,SEG_000000986,76.1,32,17.8,Aligned,32.1,38.8,Side Impact Potential,Rural,2,False,Residential,Poor Infrastructure,Local Rd Zone3-985,1,0.165,Light,False,24.8,32,0,0
987,Local Rd Zone3-987,Local,Aligned,7,7,Aligned,0.9979398847057636,0.9979398847057636,0.0018004649485587427,0.0002334915229414348,2.615882273616124e-05,32,32,27.5,0.0,16.8,50,70.0,0,0.0,0.245,12.925695404155103,77.2884594246741,12.927698520532928,77.2894050344786,"LINESTRING(77.288459 12.925695, 77.289405 12.927699)",30,8.2,No,0,0,0,Good,Medium,0.89,0.95,5.0,22.3,Safe,SEG-00987,SEG_000000987,67.8,32,20.3,Aligned,31.5,42.1,Side Impact Potential,Rural,1,False,Residential,Active Congestion | Poor Infrastructure,Local Rd Zone3-987,0,0.679,Severe,False,10.0,32,0,0
988,Local Rd Zone3-988,Local,Aligned,8,8,Aligned,0.9701563311310865,0.9701563311310865,0.029232304805655345,0.000605115028314903,6.249034943138242e-06,20,20,27.5,28.2,27.3,30,93.8,0,0.0,0.255,12.913895524890616,77.30075931997331,12.911929998760314,77.29954626131058,"LINESTRING(77.300759 12.913896, 77.299546 12.91193)",20,30.5,No,0,0,1,Good,High,0.98,1.0,0.0,21.5,Safe,SEG-00988,SEG_000000988,74.4,20,18.7,Aligned,19.5,39.1,Significant Pedestrian Interaction,Rural,1,False,Residential,High Pedestrian Interaction | Poor Infrastructure,Local Rd Zone3-988,0,0.0,,False,15.9,20,0,0
989,Local Rd Zone3-989,Local,Aligned,7,7,Aligned,0.9927680242624674,0.9927680242624674,0.007085718992932941,0.00014451733594998947,1.7394086495647185e-06,25,25,30.0,0.0,15.0,50,87.8,0,0.0,0.3,12.83854699272974,77.36588212396639,12.836055354431563,77.36694822866745,"LINESTRING(77.365882 12.838547, 77.366948 12.836055)",30,1.8,No,0,0,0,Poor,Medium,1.25,1.0,0.0,21.0,Safe,SEG-00989,SEG_000000989,69.1,25,18.1,Aligned,24.8,46.8,Side Impact Potential,Rural,2,False,Residential,Poor Infrastructure,Local Rd Zone3-989,0,0.0,,False,21.8,25,0,0
990,Local Rd Zone3-990,Local,Aligned,8,8,Aligned,0.9661474260858655,0.9661474260858655,0.03335299185753247,0.0004960274306380748,3.5546259640212503e-06,29,29,30.0,20.0,19.5,50,93.3,0,0.0,0.158,12.770406691737207,77.54236633156397,12.768998719880354,77.54253618567763,"LINESTRING(77.542366 12.770407, 77.542536 12.768999)",30,12.6,No,0,0,0,Poor,Low,1.92,1.0,0.0,19.7,Safe,SEG-00990,SEG_000000990,73.7,29,17.1,Aligned,29.2,43.7,Side Impact Potential,Rural,2,False,Industrial,Poor Infrastructure,Local Rd Zone3-990,0,0.0,,False,25.6,29,0,0
991,Local Rd Zone3-991,Local,Aligned,8,8,Aligned,0.9724548633802396,0.9724548633802396,0.02625042218293822,0.0012923595262099433,2.3549106121306227e-06,21,21,27.5,0.0,14.6,50,83.7,0,0.0,0.247,12.748860011169924,77.45905120879411,12.7476401763911,77.45714988397272,"LINESTRING(77.459051 12.74886, 77.45715 12.74764)",30,6.0,No,0,0,0,Poor,Medium,1.35,1.0,0.0,20.8,Safe,SEG-00991,SEG_000000991,69.2,21,18.0,Aligned,21.4,37.8,Side Impact Potential,Rural,1,False,Residential,Poor Infrastructure,Local Rd Zone3-991,0,0.0,,False,19.2,21,0,0
992,Local Rd Zone3-992,Local,Aligned,7,7,Aligned,0.9911350364975258,0.9911350364975258,0.00730929890241033,0.00026304392722088495,0.0012926206728428931,16,20,27.5,0.0,16.7,50,90.8,0,0.0,0.191,12.714306801881234,77.53119834833817,12.71295531993858,77.53010578260722,"LINESTRING(77.531198 12.714307, 77.530106 12.712955)",20,10.7,No,0,0,0,Poor,Low,1.48,1.0,0.0,21.7,Safe,SEG-00992,SEG_000000992,68.8,16,18.7,Aligned,15.6,36.2,Side Impact Potential,Rural,1,False,Residential,Poor Infrastructure,Local Rd Zone3-992,0,0.0,,False,13.9,20,0,0
993,Local Rd Zone3-993,Local,Aligned,7,7,Aligned,0.9934650545565378,0.9934650545565378,0.006372692893520935,0.00015894358564325065,3.3089642980042507e-06,28,28,27.5,16.5,14.1,50,73.0,0,0.0,0.184,12.843047902029928,77.31854119590828,12.844439612291287,77.31945267543426,"LINESTRING(77.318541 12.843048, 77.319453 12.84444)",40,6.6,No,0,0,0,Poor,Low,0.84,1.0,0.0,18.2,Safe,SEG-00993,SEG_000000993,73.9,28,15.7,Aligned,28.4,35.0,Side Impact Potential,Rural,1,False,Industrial,Poor Infrastructure,Local Rd Zone3-993,0,0.168,Light,False,22.0,28,0,0
994,Local Rd Zone3-994,Local,Aligned,8,8,Aligned,0.982701123203962,0.982701123203962,0.017164186299645334,0.00013361158006477486,1.0789163278978157e-06,21,21,30.0,14.1,18.7,50,94.0,0,0.0,0.217,12.728514794803898,77.42858737676292,12.726873673262867,77.42749827979019,"LINESTRING(77.428587 12.728515, 77.427498 12.726874)",20,13.4,No,0,0,0,Poor,Low,0.75,0.94,6.0,20.7,Safe,SEG-00994,SEG_000000994,71.6,21,18.7,Aligned,21.1,39.0,Side Impact Potential,Rural,2,False,Residential,Poor Infrastructure,Local Rd Zone3-994,0,0.18,Light,False,16.0,21,0,0
995,Local Rd Zone3-995,Local,Aligned,11,11,Aligned,0.8034226007572726,0.8034226007572726,0.1935224350864052,0.0030406927846498674,1.4271371672418248e-05,26,26,27.5,10.6,20.3,50,96.1,0,0.0,0.172,12.695811775150784,77.55929244062362,12.694766990777856,77.56045987367287,"LINESTRING(77.559292 12.695812, 77.56046 12.694767)",20,12.6,No,0,0,0,Poor,High,0.89,0.72,28.0,23.8,Safe,SEG-00995,SEG_000000995,67.5,26,24.4,Aligned,25.6,44.7,Side Impact Potential,Rural,1,False,Commercial,Poor Infrastructure,Local Rd Zone3-995,0,0.0,,False,22.6,26,0,0
996,Local Rd Zone3-996,Local,Aligned,11,11,Aligned,0.8029718853472834,0.8029718853472834,0.19556674874807745,0.001453025252525933,8.340652113186275e-06,37,37,27.5,21.2,19.7,50,96.7,0,0.0,0.166,13.188178805198032,77.513231483369,13.186685331511857,77.51318184138806,"LINESTRING(77.513231 13.188179, 77.513182 13.186685)",30,17.8,No,0,0,0,Poor,Medium,1.99,0.78,22.0,22.4,Safe,SEG-00996,SEG_000000996,69.8,37,24.0,Aligned,36.7,33.9,Side Impact Potential,Rural,1,False,Industrial,Poor Infrastructure,Local Rd Zone3-996,0,0.185,Light,False,27.8,37,0,0
997,Local Rd Zone3-997,Local,Aligned,7,7,Aligned,0.9971788597621779,0.9971788597621779,0.002756451274372878,6.391962769750951e-05,7.693357517500841e-07,14,20,30.0,0.0,15.3,50,88.2,0,0.0,0.167,12.755768751429178,77.79400051322312,12.755980313771918,77.79247547048709,"LINESTRING(77.794001 12.755769, 77.792475 12.75598)",20,6.8,No,0,0,0,Poor,Low,0.86,1.0,0.0,21.1,Safe,SEG-00997,SEG_000000997,69.1,14,18.2,Aligned,13.6,37.9,Side Impact Potential,Rural,2,False,Industrial,Poor Infrastructure,Local Rd Zone3-997,0,0.0,,False,12.1,20,0,0
998,Local Rd Zone3-998,Local,Aligned,7,7,Aligned,0.993072260723076,0.993072260723076,0.006765504703631442,0.0001614168879550063,8.176853373632927e-07,18,20,27.5,0.0,17.5,50,92.6,0,0.1669999999999999,0.4619999999999999,12.755980313771918,77.79247547048709,12.75652339985473,77.78981649239651,"LINESTRING(77.792475 12.75598, 77.789816 12.756523)",20,8.8,No,0,0,0,Poor,Medium,0.8,1.0,0.0,22.0,Safe,SEG-00998,SEG_000000998,68.6,18,19.0,Aligned,18.4,43.1,Side Impact Potential,Rural,1,False,Residential,Poor Infrastructure,Local Rd Zone3-997,1,0.0,,False,15.1,20,0,0
999,Local Rd Zone3-999,Local,Aligned,7,7,Aligned,0.993016885923034,0.993016885923034,0.006927964526338545,5.1369702603970307e-05,3.7798480232563296e-06,25,25,27.5,0.0,12.2,50,86.7,0,0.0,0.233,13.13736055464176,77.50563148699581,13.13892233734428,77.50419448627032,"LINESTRING(77.505631 13.137361, 77.504194 13.138922)",30,1.3,No,0,0,0,Poor,Medium,2.39,1.0,0.0,19.9,Safe,SEG-00999,SEG_000000999,69.7,25,17.2,Aligned,25.4,38.4,Side Impact Potential,Rural,1,False,Residential,Poor Infrastructure,Local Rd Zone3-999,0,0.0,,False,21.1,25,0,0
1058,MDR Rd Zone3-1058,Collector,Moderate Misalignment,24,24,Moderate Misalignment,0.7992580382091656,0.19531470801897285,0.7992580382091656,0.005417265643473862,9.98812838770522e-06,50,50,50.0,10.6,22.2,50,48.1,0,0.0,0.26,13.006361246068314,77.31776336748618,13.008696197001676,77.31773669596575,"LINESTRING(77.317763 13.006361, 77.317737 13.008696)",50,18.2,No,0,0,0,Poor,Low,0.93,0.82,18.0,25.9,Moderate Risk,SEG-01058,SEG_000001058,65.0,50,28.6,Moderate Misalignment,59.0,39.5,Side Impact Potential,Rural,2,False,Mixed,Active Congestion | Poor Infrastructure,MDR Rd Zone3-1058,0,0.745,Severe,False,15.4,50,0,0
1059,MDR Rd Zone3-1059,Collector,Aligned,8,8,Aligned,0.9655137840073014,0.9655137840073014,0.033851534769650166,0.0006302376650578515,4.443557990868028e-06,34,34,55.0,14.1,23.4,50,76.9,0,0.0,0.278,12.97805440829785,77.79589512561103,12.976866549072016,77.79815324935748,"LINESTRING(77.795895 12.978054, 77.798153 12.976867)",40,25.3,No,0,0,1,Poor,Medium,1.82,1.0,0.0,22.1,Safe,SEG-01059,SEG_000001059,71.3,34,19.2,Aligned,33.8,33.2,Side Impact Potential,Rural,4,False,Residential,Poor Infrastructure,MDR Rd Zone3-1059,0,0.222,Light,False,24.6,34,0,0
1060,MDR Rd Zone3-1060,Collector,Aligned,8,8,Aligned,0.960333670599649,0.960333670599649,0.03925521671177276,0.0004082641793628747,2.8485092153737554e-06,29,29,50.0,0.0,18.8,50,89.4,0,0.0,0.255,13.101838680439648,77.45796160492121,13.101042603150402,77.45575767125709,"LINESTRING(77.457962 13.101839, 77.455758 13.101043)",30,12.2,No,0,0,0,Poor,High,1.42,1.0,0.0,22.5,Safe,SEG-01060,SEG_000001060,68.3,29,19.5,Aligned,29.1,41.9,Side Impact Potential,Rural,2,False,Industrial,Poor Infrastructure,MDR Rd Zone3-1060,0,0.145,Light,False,22.9,29,0,0