segment_id,road_name,road_type,risk_category,road_risk_score,segment_risk_score,ai_risk_label,ai_risk_probability,prob_low_risk,prob_medium_risk,prob_high_risk,prob_critical_risk,ai_recommended_speed,recommended_safe_speed,road_function_score,infrastructure_score,exposure_score,human_tolerance_limit,operating_speed_score,crash_risk_score,start_km,end_km,start_lat,start_lon,end_lat,end_lon,geometry,posted_speed_limit,pedestrian_exposure_score,blackspot_flag,crash_count,fatal_crashes,schools_count,lighting_quality,roadside_hazards,intersection_density,speed_compliance_rate,speed_violation_score,hotspot_score,hotspot_category,human_segment_id,internal_id,speed_safety_score,original_safe_speed,misalignment_score,misalignment_category,speed_p85,ptw_share_pct,exposure_tier,urban_rural_flag,lane_count,median_presence,land_use_type,top_ai_factors,corridor_base,corridor_seq,congestion_index,congestion_category,congestion_smoothed,operating_speed_mean,final_safe_speed,minor_crashes,major_crashes
1061,MDR Rd Zone3-1061,Collector,Aligned,8,8,Aligned,0.9831271526618732,0.9831271526618732,0.016393416422767957,0.0004774685788376842,1.962336521143392e-06,32,32,50.0,0.0,17.8,50,85.4,0,0.0,0.294,12.792340190390531,77.46664627143639,12.78991884839851,77.46772886323473,"LINESTRING(77.466646 12.79234, 77.467729 12.789919)",40,7.5,No,0,0,0,Good,Low,1.37,1.0,0.0,22.1,Safe,SEG-01061,SEG_000001061,68.5,32,19.1,Aligned,31.6,46.7,Side Impact Potential,Rural,2,False,Residential,Poor Infrastructure,MDR Rd Zone3-1061,0,0.0,,False,30.3,32,0,0
1062,MDR Rd Zone3-1062,Collector,Aligned,7,7,Aligned,0.9916581249404417,0.9916581249404417,0.007952093476144973,0.00038892449798701595,8.57085426510184e-07,39,39,50.0,0.0,15.3,50,83.9,0,0.2939999999999999,0.5529999999999999,12.78991884839851,77.46772886323473,12.787699759768929,77.46844179304482,"LINESTRING(77.467729 12.789919, 77.468442 12.7877)",40,6.2,No,0,0,0,Poor,High,1.43,1.0,0.0,21.1,Safe,SEG-01062,SEG_000001062,69.1,39,18.2,Aligned,39.2,40.3,Side Impact Potential,Rural,2,False,Residential,Poor Infrastructure,MDR Rd Zone3-1061,1,0.19,Light,False,29.3,39,0,0
1063,MDR Rd Zone3-1063,Collector,Aligned,13,13,Aligned,0.7081763837494772,0.7081763837494772,0.2847191011311136,0.007084827156892403,1.9687962516646077e-05,31,31,52.5,0.0,21.0,50,97.5,0,0.0,0.373,12.95015018272714,77.27445182143408,12.946879647475956,77.2751973136124,"LINESTRING(77.274452 12.95015, 77.275197 12.94688)",30,13.8,No,0,0,0,Poor,Medium,0.54,0.95,5.0,23.9,Safe,SEG-01063,SEG_000001063,67.0,31,21.7,Aligned,31.4,46.5,Side Impact Potential,Rural,3,False,Residential,Poor Infrastructure,MDR Rd Zone3-1063,0,0.0,,False,28.4,31,0,0
1064,MDR Rd Zone3-1064,Collector,Aligned,8,8,Aligned,0.95693129602103,0.95693129602103,0.04230523258412507,0.00075812614545959,5.345249385299286e-06,20,20,50.0,10.6,23.5,50,78.6,0,0.0,0.353,12.77122257666451,77.6596798704981,12.768132585926448,77.6604348417784,"LINESTRING(77.65968 12.771223, 77.660435 12.768133)",30,17.7,No,0,0,0,Poor,Medium,1.63,1.0,0.0,22.7,Safe,SEG-01064,SEG_000001064,70.3,20,19.7,Aligned,20.3,45.4,Side Impact Potential,Rural,2,False,Industrial,Poor Infrastructure,MDR Rd Zone3-1064,0,0.156,Light,False,15.7,20,0,0
1065,MDR Rd Zone3-1065,Collector,Moderate Misalignment,22,22,Moderate Misalignment,0.6659667908316382,0.3125908169988252,0.6659667908316382,0.021394524851414246,4.786731812238026e-05,37,37,52.5,0.0,13.9,50,97.8,0,0.353,0.701,12.768132585926448,77.6604348417784,12.765036336564634,77.66090803284038,"LINESTRING(77.660435 12.768133, 77.660908 12.765036)",30,0.3,No,0,0,0,Good,Low,1.56,0.77,23.0,23.5,Safe,SEG-01065,SEG_000001065,65.0,37,25.0,Moderate Misalignment,37.0,45.8,Side Impact Potential,Rural,3,False,Industrial,Poor Infrastructure,MDR Rd Zone3-1064,1,0.165,Light,False,28.5,37,0,0
1066,MDR Rd Zone3-1066,Collector,Aligned,10,10,Aligned,0.8601147929172058,0.8601147929172058,0.13676918393599471,0.003111225832136543,4.79731466307856e-06,21,21,52.5,0.0,14.7,50,81.5,0,0.0,0.316,13.192593230525102,77.66151036851714,13.19324754169094,77.65866969046463,"LINESTRING(77.66151 13.192593, 77.65867 13.193248)",30,6.9,No,0,0,0,Poor,High,1.49,1.0,0.0,20.9,Safe,SEG-01066,SEG_000001066,69.2,21,18.0,Aligned,21.2,36.4,Side Impact Potential,Rural,3,False,Residential,Poor Infrastructure,MDR Rd Zone3-1066,0,0.0,,False,17.7,21,0,0
1067,MDR Rd Zone3-1067,Collector,Aligned,11,11,Aligned,0.8022278903453918,0.8022278903453918,0.19672362608607133,0.00043830979576585404,0.000610173772771025,31,31,55.0,10.6,17.2,50,94.6,0,0.0,0.366,12.794061289078256,77.4824475851078,12.794421162678148,77.48580288706971,"LINESTRING(77.482448 12.794061, 77.485803 12.794421)",30,9.8,No,0,0,0,Good,Low,1.4,0.96,4.0,20.8,Safe,SEG-01067,SEG_000001067,70.8,31,18.9,Aligned,31.3,39.9,Side Impact Potential,Rural,4,False,Residential,Poor Infrastructure,MDR Rd Zone3-1067,0,0.0,,False,26.4,31,0,0
1068,MDR Rd Zone3-1068,Collector,Aligned,9,9,Aligned,0.9030146585256251,0.9030146585256251,0.09619080589479778,0.0007756175246704533,1.8918054906687792e-05,31,31,55.0,0.0,16.6,50,93.8,0,0.0,0.365,12.761265735721018,77.69399237834234,12.76256788749108,77.6909068690014,"LINESTRING(77.693992 12.761266, 77.690907 12.762568)",30,5.0,No,0,0,0,Poor,Medium,1.24,0.97,3.0,22.0,Safe,SEG-01068,SEG_000001068,68.2,31,19.6,Aligned,30.9,46.6,Side Impact Potential,Rural,4,False,Commercial,Poor Infrastructure,MDR Rd Zone3-1068,0,0.0,,False,25.9,31,0,0
1069,MDR Rd Zone3-1069,Collector,Aligned,9,9,Aligned,0.8891582839856369,0.8891582839856369,0.10652768494985458,0.004306899935047468,7.131129461221653e-06,27,27,52.5,0.0,13.9,50,66.3,0,0.0,0.313,12.726562808463507,77.70969705198168,12.726523753831655,77.70681139631198,"LINESTRING(77.709697 12.726563, 77.706811 12.726524)",30,4.0,No,0,0,0,Poor,Low,1.03,1.0,0.0,20.6,Safe,SEG-01069,SEG_000001069,69.3,27,17.8,Aligned,27.4,38.9,Side Impact Potential,Rural,3,False,Residential,Active Congestion | Poor Infrastructure,MDR Rd Zone3-1069,0,0.734,Severe,False,7.5,27,0,0
1070,MDR Rd Zone3-1070,Collector,Aligned,8,8,Aligned,0.9810704666022377,0.9810704666022377,0.018584895279335663,0.0003428109490573048,1.8271693692137642e-06,28,28,55.0,0.0,13.7,50,72.1,0,0.0,0.312,13.148538204648396,77.73407632807542,13.14612351504327,77.73554487917814,"LINESTRING(77.734076 13.148538, 77.735545 13.146124)",40,7.2,No,0,0,0,Poor,High,1.29,1.0,0.0,20.5,Safe,SEG-01070,SEG_000001070,69.4,28,17.7,Aligned,28.1,33.0,Side Impact Potential,Rural,4,False,Residential,Poor Infrastructure,MDR Rd Zone3-1070,0,0.172,Light,False,21.4,28,0,0
1071,MDR Rd Zone3-1071,Collector,Aligned,8,8,Aligned,0.9833435147124523,0.9833435147124523,0.01642068838762434,0.0002335215198900378,2.275380033360151e-06,25,25,55.0,0.0,13.2,50,84.0,0,0.0,0.253,13.26966226426177,77.66544026468019,13.268014853194996,77.66382332523986,"LINESTRING(77.66544 13.269662, 77.663823 13.268015)",30,3.5,No,0,0,0,Poor,High,0.75,1.0,0.0,20.3,Safe,SEG-01071,SEG_000001071,69.5,25,17.5,Aligned,25.2,38.0,Side Impact Potential,Rural,4,False,Industrial,Poor Infrastructure,MDR Rd Zone3-1071,0,0.18,Light,False,19.3,25,0,0
1072,MDR Rd Zone3-1072,Collector,Aligned,11,11,Aligned,0.8173944082035594,0.8173944082035594,0.18126319268607485,0.0013398699944777845,2.5291158879634134e-06,31,31,50.0,9.4,18.0,50,54.0,0,0.0,0.33,13.01223682458222,77.79156326958342,13.011780571988249,77.79457192844228,"LINESTRING(77.791563 13.012237, 77.794572 13.011781)",40,11.9,No,0,0,0,Good,High,1.55,1.0,0.0,20.8,Safe,SEG-01072,SEG_000001072,71.1,31,18.0,Aligned,31.2,38.9,Side Impact Potential,Rural,2,False,Residential,Active Congestion | Poor Infrastructure,MDR Rd Zone3-1072,0,0.707,Severe,False,9.3,31,0,0
1073,MDR Rd Zone3-1073,Collector,Aligned,8,8,Aligned,0.9404844401545901,0.9404844401545901,0.05855386284892597,0.0009350695567633038,2.6627439720753578e-05,29,29,50.0,24.7,30.9,50,88.4,0,0.0,0.333,13.139731504048624,77.70959605720716,13.136882785616327,77.70865284168337,"LINESTRING(77.709596 13.139732, 77.708653 13.136883)",30,38.6,No,0,0,1,Poor,High,1.44,1.0,0.0,23.4,Safe,SEG-01073,SEG_000001073,72.7,29,20.4,Aligned,28.7,34.5,Side Impact Potential,Rural,2,False,Industrial,Poor Infrastructure,MDR Rd Zone3-1073,0,0.165,Light,False,22.3,29,0,0
1074,MDR Rd Zone3-1074,Collector,Aligned,8,8,Aligned,0.9760453475164163,0.9760453475164163,0.022745919874242727,0.0012056288894143623,3.103719926672481e-06,31,31,58.0,0.0,14.0,70,70.3,0,0.0,0.272,13.142745321398728,77.52680327635744,13.144649797465156,77.52838536378484,"LINESTRING(77.526803 13.142745, 77.528385 13.14465)",30,4.2,No,0,0,0,Poor,Low,1.57,0.98,2.0,20.9,Safe,SEG-01074,SEG_000001074,68.9,31,18.5,Aligned,30.7,39.4,Separated Traffic,Rural,2,True,Residential,Active Congestion | Poor Infrastructure,MDR Rd Zone3-1074,0,0.663,Severe,False,10.2,31,0,0
1075,MDR Rd Zone3-1075,Collector,Aligned,8,8,Aligned,0.9711714547536926,0.9711714547536926,0.028454273692352837,0.0003721960222964815,2.0755316580612266e-06,32,32,50.0,9.4,18.3,50,99.1,0,0.0,0.397,12.768762397649311,77.42176424888355,12.772319084610643,77.42145849275799,"LINESTRING(77.421764 12.768762, 77.421458 12.772319)",30,12.7,No,0,0,0,Poor,High,0.83,0.93,7.0,21.7,Safe,SEG-01075,SEG_000001075,69.8,32,20.2,Aligned,32.1,37.2,Side Impact Potential,Rural,2,False,Residential,Poor Infrastructure,MDR Rd Zone3-1075,0,0.0,,False,29.4,32,0,0
1076,MDR Rd Zone3-1076,Collector,Aligned,8,8,Aligned,0.968035684118275,0.968035684118275,0.03168464960513924,0.00027768276300155394,1.9835135842152936e-06,29,29,58.0,10.6,17.5,70,90.1,0,0.0,0.273,12.739856046028756,77.72517601999337,12.738026067492296,77.7268537206923,"LINESTRING(77.725176 12.739856, 77.726854 12.738026)",30,8.9,No,0,0,0,Poor,Low,0.91,1.0,0.0,20.4,Safe,SEG-01076,SEG_000001076,71.6,29,17.6,Aligned,29.4,42.8,Separated Traffic,Rural,2,True,Residential,Poor Infrastructure,MDR Rd Zone3-1076,0,0.139,Light,False,23.4,29,0,0
1077,MDR Rd Zone3-1077,Collector,Aligned,7,7,Aligned,0.995731500361196,0.995731500361196,0.003688037657444893,0.000515385406307844,6.507657505126438e-05,20,20,55.0,0.0,16.8,50,79.9,0,0.2730000000000001,0.5800000000000001,12.738026067492296,77.7268537206923,12.735514206632878,77.72803872275357,"LINESTRING(77.726854 12.738026, 77.728039 12.735514)",30,10.9,No,0,0,0,Poor,Low,0.79,1.0,0.0,21.7,Safe,SEG-01077,SEG_000001077,68.7,20,18.8,Aligned,20.2,36.6,Side Impact Potential,Rural,4,False,Residential,Poor Infrastructure,MDR Rd Zone3-1076,1,0.0,,False,16.6,20,0,0
1078,MDR Rd Zone3-1078,Collector,Moderate Misalignment,25,35,Moderate Misalignment,0.7021473723000619,0.2927560180113204,0.7021473723000619,0.005079306606297279,1.730308232051295e-05,38,36,55.0,10.6,23.0,50,96.1,10,0.0,0.356,13.26243302519203,77.70759108309196,13.265268158975342,77.70605916487922,"LINESTRING(77.707591 13.262433, 77.706059 13.265268)",30,17.1,No,1,0,0,Poor,High,0.75,0.73,27.0,28.3,Moderate Risk,SEG-01078,SEG_000001078,63.4,38,27.8,Moderate Misalignment,38.0,45.7,Side Impact Potential,Rural,4,False,Industrial,Poor Infrastructure,MDR Rd Zone3-1078,0,0.0,,False,32.6,36,1,0
1079,MDR Rd Zone3-1079,Collector,Moderate Misalignment,26,26,Moderate Misalignment,0.9136473633131581,0.0856565476080884,0.9136473633131581,0.0006218230196150559,7.426605913849793e-05,50,50,52.5,0.0,12.9,50,97.4,0,0.0,0.287,12.85498258834623,77.36505674674791,12.852497403254654,77.36577604220052,"LINESTRING(77.365057 12.854983, 77.365776 12.852497)",40,2.7,No,0,0,0,Poor,High,1.25,0.76,24.0,24.1,Safe,SEG-01079,SEG_000001079,63.6,50,27.3,Moderate Misalignment,49.5,38.1,Side Impact Potential,Rural,3,False,Residential,Poor Infrastructure,MDR Rd Zone3-1079,0,0.158,Light,False,38.2,50,0,0
1080,MDR Rd Zone3-1080,Collector,Aligned,9,9,Aligned,0.9143986102830626,0.9143986102830626,0.08355261924270038,0.0020400488253063264,8.721648930639554e-06,28,28,60.5,14.1,20.9,70,90.6,0,0.0,0.275,12.92435370581028,77.41122231324526,12.926823569224654,77.41121259953391,"LINESTRING(77.411222 12.924354, 77.411213 12.926824)",30,14.0,No,0,0,0,Good,Low,1.44,1.0,0.0,21.2,Safe,SEG-01080,SEG_000001080,71.8,28,18.4,Aligned,27.7,44.7,Separated Traffic,Rural,3,True,Industrial,Poor Infrastructure,MDR Rd Zone3-1080,0,0.0,,False,23.8,28,0,0
1081,MDR Rd Zone3-1081,Collector,Aligned,7,7,Aligned,0.9925904296103385,0.9925904296103385,0.006990297926867484,0.0004172780795131818,1.9943832807198165e-06,38,38,55.0,5.9,16.4,50,81.4,0,0.0,0.305,12.812490993902172,77.49128415048011,12.811384717168108,77.48870532285198,"LINESTRING(77.491284 12.812491, 77.488705 12.811385)",40,9.1,No,0,0,0,Poor,Low,1.38,1.0,0.0,20.7,Safe,SEG-01081,SEG_000001081,70.4,38,17.9,Aligned,38.0,38.3,Side Impact Potential,Rural,4,False,Residential,Poor Infrastructure,MDR Rd Zone3-1081,0,0.227,Light,False,27.6,38,0,0
1082,MDR Rd Zone3-1082,Collector,Aligned,13,13,Aligned,0.751526602591709,0.751526602591709,0.24641918276373326,0.0020483215867666696,5.8930577911784235e-06,43,43,55.0,0.0,18.0,50,99.0,0,0.0,0.351,13.040119774605795,77.85249812745961,13.037211274961066,77.85124785260334,"LINESTRING(77.852498 13.04012, 77.851248 13.037211)",40,10.7,No,0,0,0,Poor,Medium,0.78,0.92,8.0,23.5,Safe,SEG-01082,SEG_000001082,66.4,43,22.6,Aligned,43.3,39.9,Side Impact Potential,Rural,4,False,Industrial,Poor Infrastructure,MDR Rd Zone3-1082,0,0.0,,False,39.3,43,0,0
1083,MDR Rd Zone3-1083,Collector,Aligned,7,7,Aligned,0.9939478796773908,0.9939478796773908,0.005856813429873654,0.00019233003869806927,2.9768540375403776e-06,38,38,58.0,10.6,15.9,70,83.1,0,0.3509999999999999,0.6499999999999999,13.037211274961066,77.85124785260334,13.034715883346962,77.85022575239982,"LINESTRING(77.851248 13.037211, 77.850226 13.034716)",40,11.2,No,0,0,0,Poor,High,1.16,1.0,0.0,19.8,Safe,SEG-01083,SEG_000001083,71.9,38,17.1,Aligned,38.4,34.2,Separated Traffic,Rural,2,True,Residential,Poor Infrastructure,MDR Rd Zone3-1082,1,0.199,Light,False,28.7,38,0,0
1084,MDR Rd Zone3-1084,Collector,Aligned,8,8,Aligned,0.9411313722202711,0.9411313722202711,0.05795652889606897,0.0008953237291960422,1.677515446388289e-05,32,32,52.5,14.1,28.0,50,74.4,0,0.0,0.373,13.184311370441574,77.60996799046691,13.187652973473346,77.60967915596514,"LINESTRING(77.609968 13.184311, 77.609679 13.187653)",40,28.0,No,0,0,1,Poor,Medium,1.19,1.0,0.0,23.9,Safe,SEG-01084,SEG_000001084,70.3,32,20.8,Aligned,32.1,40.5,Side Impact Potential,Rural,3,False,Industrial,Poor Infrastructure,MDR Rd Zone3-1084,0,0.24,Light,False,22.9,32,0,0
1085,MDR Rd Zone3-1085,Collector,Moderate Misalignment,22,22,Moderate Misalignment,0.7050451683619268,0.2946276739883551,0.7050451683619268,0.00021939546778486008,0.00010776218193320676,40,40,52.5,10.6,13.5,50,95.2,0,0.0,0.395,12.781273485837742,77.70474242445417,12.77967525042307,77.70799121376676,"LINESTRING(77.704742 12.781273, 77.707991 12.779675)",30,5.6,No,0,0,0,Poor,Low,1.48,0.67,33.0,23.0,Safe,SEG-01085,SEG_000001085,66.2,40,26.6,Moderate Misalignment,40.0,34.7,Side Impact Potential,Rural,3,False,Residential,Poor Infrastructure,MDR Rd Zone3-1085,0,0.0,,False,33.2,40,0,0
1086,MDR Rd Zone3-1086,Collector,Aligned,11,11,Aligned,0.787732610136656,0.787732610136656,0.21140969664636725,0.0008533711980868003,4.322018889930379e-06,30,30,52.5,0.0,18.3,50,93.9,0,0.0,0.328,13.005136900230225,77.3912965517554,13.006902757643042,77.39372420960335,"LINESTRING(77.391297 13.005137, 77.393724 13.006903)",30,8.1,No,0,0,0,Poor,Medium,1.43,1.0,0.0,22.3,Safe,SEG-01086,SEG_000001086,68.4,30,19.3,Aligned,29.6,46.1,Side Impact Potential,Rural,3,False,Mixed,Poor Infrastructure,MDR Rd Zone3-1086,0,0.0,,False,25.9,30,0,0
1087,MDR Rd Zone3-1087,Collector,Moderate Misalignment,27,27,Moderate Misalignment,0.9645145130622613,0.03451561800704243,0.9645145130622613,0.0009530081258837979,1.686080481253687e-05,36,36,55.0,25.9,35.9,50,99.9,0,0.328,0.6020000000000001,13.006902757643042,77.39372420960335,13.008563394905542,77.39559282564178,"LINESTRING(77.393724 13.006903, 77.395593 13.008563)",30,44.0,No,0,0,1,Poor,High,1.38,0.79,21.0,27.7,Moderate Risk,SEG-01087,SEG_000001087,68.1,36,28.4,Moderate Misalignment,36.2,36.6,Side Impact Potential,Rural,4,False,Residential,Poor Infrastructure,MDR Rd Zone3-1086,1,0.0,,False,30.0,36,0,0
1088,MDR Rd Zone3-1088,Collector,Aligned,8,8,Aligned,0.9782524293540377,0.9782524293540377,0.02068617003441308,0.0010572513707724268,4.1492407768318775e-06,22,22,55.0,23.5,22.0,50,83.7,0,0.0,0.265,13.154855752204371,77.48181622275446,13.155554631192834,77.47947253669277,"LINESTRING(77.481816 13.154856, 77.479473 13.155555)",30,18.1,No,0,0,0,Poor,Low,1.28,1.0,0.0,20.2,Safe,SEG-01088,SEG_000001088,74.2,22,17.5,Aligned,21.7,41.3,Side Impact Potential,Rural,4,False,Residential,Approach to Congestion (Tapered) | Poor Infrastructure,MDR Rd Zone3-1088,0,0.0,,True,19.1,22,0,0
1089,MDR Rd Zone3-1089,Collector,Aligned,16,16,Aligned,0.5578809549265122,0.5578809549265122,0.4399106011420546,0.0021986876912870002,9.7562401462175e-06,50,50,52.5,16.5,21.3,50,67.3,0,0.265,0.554,13.155554631192834,77.47947253669277,13.156451608342328,77.47696852585285,"LINESTRING(77.479473 13.155555, 77.476969 13.156452)",40,16.0,No,0,0,0,Poor,High,1.52,0.74,26.0,25.4,Moderate Risk,SEG-01089,SEG_000001089,65.8,50,29.2,Moderate Misalignment,50.6,44.1,Side Impact Potential,Rural,3,False,Commercial,Active Congestion | Poor Infrastructure,MDR Rd Zone3-1088,1,0.64,Severe,False,18.2,50,0,0
1090,MDR Rd Zone3-1090,Collector,Moderate Misalignment,18,18,Moderate Misalignment,0.5047312527927247,0.4924656130348307,0.5047312527927247,0.0027908030534154423,1.2331119029270136e-05,39,39,55.0,20.0,20.6,50,94.3,0,0.0,0.321,12.924953292274614,77.8188859911547,12.922372215865003,77.817560544898,"LINESTRING(77.818886 12.924953, 77.817561 12.922372)",30,17.2,No,0,0,0,Good,High,1.08,0.71,29.0,23.8,Safe,SEG-01090,SEG_000001090,68.1,39,26.5,Moderate Misalignment,38.7,39.0,Side Impact Potential,Rural,4,False,Industrial,Poor Infrastructure,MDR Rd Zone3-1090,0,0.0,,False,33.8,39,0,0
1091,MDR Rd Zone3-1091,Collector,Aligned,9,9,Aligned,0.913206393049683,0.913206393049683,0.08606131778964259,0.0006367391353032274,9.55500253714e-05,44,44,50.0,10.6,16.4,50,94.5,0,0.0,0.349,13.150617973591649,77.50899093873993,13.147484093742932,77.50887521334312,"LINESTRING(77.508991 13.150618, 77.508875 13.147484)",40,7.1,No,0,0,0,Poor,Medium,1.82,0.9,10.0,21.6,Safe,SEG-01091,SEG_000001091,69.3,44,21.4,Aligned,44.0,42.9,Side Impact Potential,Rural,2,False,Residential,Approach to Congestion (Tapered) | Poor Infrastructure,MDR Rd Zone3-1091,0,0.0,,True,36.3,44,0,0
1092,MDR Rd Zone3-1092,Collector,Aligned,16,16,Aligned,0.560645876950201,0.560645876950201,0.43699577752770635,0.002346355178875999,1.1990343216778071e-05,38,38,52.5,0.0,21.1,50,67.1,0,0.349,0.707,13.147484093742932,77.50887521334312,13.144306241822363,77.50834235024502,"LINESTRING(77.508875 13.147484, 77.508342 13.144306)",30,14.1,No,0,0,0,Poor,High,1.66,0.72,28.0,26.9,Moderate Risk,SEG-01092,SEG_000001092,62.5,38,29.1,Moderate Misalignment,38.5,46.5,Side Impact Potential,Rural,3,False,Industrial,Active Congestion | Poor Infrastructure,MDR Rd Zone3-1091,1,0.821,Severe,False,8.1,38,0,0
1093,MDR Rd Zone3-1093,Collector,Aligned,8,8,Aligned,0.956923428835275,0.956923428835275,0.041778310986914584,0.0012933950932308173,4.865084579580783e-06,33,33,50.0,11.8,21.6,50,85.7,0,0.0,0.26,12.92519807169877,77.86035738647863,12.92709695546701,77.86176398178199,"LINESTRING(77.860357 12.925198, 77.861764 12.927097)",40,19.1,No,0,0,0,Poor,Medium,0.85,1.0,0.0,21.8,Safe,SEG-01093,SEG_000001093,71.0,33,18.9,Aligned,32.9,35.6,Side Impact Potential,Rural,2,False,Residential,Poor Infrastructure,MDR Rd Zone3-1093,0,0.0,,False,30.4,33,0,0
1094,MDR Rd Zone3-1094,Collector,Aligned,23,68,Aligned,0.9082318785089128,0.9082318785089128,0.09029959121819194,0.0014606660813570108,7.864191538059027e-06,44,35,50.0,0.0,15.3,50,96.9,45,0.0,0.369,12.792033803396455,77.53614825743269,12.793807317121386,77.53902956200325,"LINESTRING(77.536148 12.792034, 77.53903 12.793807)",40,6.3,No,1,1,0,Poor,High,1.48,0.89,11.0,34.2,Moderate Risk,SEG-01094,SEG_000001094,57.3,44,22.9,Aligned,44.5,39.8,Side Impact Potential,Rural,2,False,Industrial,Recent Severe Crash History | Poor Infrastructure,MDR Rd Zone3-1094,0,0.0,,False,37.9,35,0,0
1095,MDR Rd Zone3-1095,Collector,Aligned,13,13,Aligned,0.707598422475925,0.707598422475925,0.2901123600450653,0.002277012164265942,1.2205314743869477e-05,38,38,55.0,0.0,19.5,50,91.1,0,0.0,0.349,12.76000947944261,77.5256232817446,12.7571146374171,77.52438161478648,"LINESTRING(77.525623 12.760009, 77.524382 12.757115)",40,14.4,No,0,0,0,Good,Medium,1.43,1.0,0.0,22.8,Safe,SEG-01095,SEG_000001095,68.2,38,19.7,Aligned,37.8,40.1,Side Impact Potential,Rural,4,False,Industrial,Poor Infrastructure,MDR Rd Zone3-1095,0,0.0,,False,34.0,38,0,0
1096,MDR Rd Zone3-1096,Collector,Aligned,8,8,Aligned,0.9483642756456536,0.9483642756456536,0.051107784109426374,0.0005242776225798336,3.662622340045912e-06,20,20,52.5,21.2,22.0,50,76.4,0,0.0,0.287,13.22662389917404,77.77995538208341,13.2278572425692,77.77762626331119,"LINESTRING(77.779955 13.226624, 77.777626 13.227857)",30,19.0,No,0,0,0,Good,Low,0.69,1.0,0.0,20.5,Safe,SEG-01096,SEG_000001096,73.6,20,17.8,Aligned,19.6,37.3,Side Impact Potential,Rural,3,False,Industrial,Poor Infrastructure,MDR Rd Zone3-1096,0,0.213,Light,False,14.3,20,0,0
1097,MDR Rd Zone3-1097,Collector,Moderate Misalignment,27,27,Moderate Misalignment,0.9238412851455512,0.06636510791623335,0.9238412851455512,0.009732521205760215,6.108573245525316e-05,36,36,58.0,0.0,13.0,70,99.3,0,0.0,0.262,13.000879896050174,77.40029561899664,12.998887424636685,77.39899831229565,"LINESTRING(77.400296 13.00088, 77.398998 12.998887)",30,0.2,No,0,0,0,Poor,Medium,1.53,0.8,20.0,22.7,Safe,SEG-01097,SEG_000001097,65.8,36,23.7,Aligned,36.0,43.1,Separated Traffic,Rural,2,True,Residential,Poor Infrastructure,MDR Rd Zone3-1097,0,0.0,,False,29.5,36,0,0
1098,MDR Rd Zone3-1098,Collector,Aligned,11,11,Aligned,0.8158134080715915,0.8158134080715915,0.1836763159652997,0.0004850372896025851,2.5238673506286753e-05,40,40,52.5,0.0,13.3,50,89.9,0,0.0,0.292,13.140316580098483,77.45008658920024,13.140515797840225,77.44739676142902,"LINESTRING(77.450087 13.140317, 77.447397 13.140516)",40,2.4,No,0,0,0,Poor,Low,1.28,1.0,0.0,20.4,Safe,SEG-01098,SEG_000001098,69.4,40,17.6,Aligned,39.6,40.1,Side Impact Potential,Rural,3,False,Residential,Poor Infrastructure,MDR Rd Zone3-1098,0,0.0,,False,33.3,40,0,0
1099,MDR Rd Zone3-1099,Collector,Aligned,7,7,Aligned,0.9912756166671942,0.9912756166671942,0.007756130407463412,0.0008747578812919676,9.349504405030515e-05,24,24,50.0,10.6,16.8,50,84.0,0,0.0,0.309,13.230281706829084,77.76673575928957,13.22899986175792,77.76927143747716,"LINESTRING(77.766736 13.230282, 77.769271 13.229)",30,7.9,No,0,0,0,Poor,Low,0.65,1.0,0.0,20.1,Safe,SEG-01099,SEG_000001099,71.7,24,17.4,Aligned,23.8,41.2,Side Impact Potential,Rural,2,False,Residential,Poor Infrastructure,MDR Rd Zone3-1099,0,0.0,,False,19.3,24,0,0
1100,MDR Rd Zone3-1100,Collector,Aligned,8,8,Aligned,0.9557403112892454,0.9557403112892454,0.04210313337811993,0.0021482514247697236,8.303907864882541e-06,32,32,50.0,29.4,24.7,50,93.1,0,0.0,0.291,12.751060356544818,77.48683259743963,12.750035367971982,77.48929908356334,"LINESTRING(77.486833 12.75106, 77.489299 12.750035)",30,24.9,No,0,0,1,Poor,Low,1.32,0.93,7.0,21.2,Safe,SEG-01100,SEG_000001100,73.9,32,20.0,Aligned,32.2,38.1,Side Impact Potential,Rural,2,False,Residential,Poor Infrastructure,MDR Rd Zone3-1100,0,0.144,Light,False,25.4,32,0,0
1101,MDR Rd Zone3-1101,Collector,Aligned,8,8,Aligned,0.9695154693910127,0.9695154693910127,0.03016368757674173,0.0003177469786941823,3.096053551388774e-06,49,49,52.5,0.0,13.1,50,83.1,0,0.0,0.289,12.783188804917817,77.78081668585791,12.783832756691512,77.77823665570247,"LINESTRING(77.780817 12.783189, 77.778237 12.783833)",50,0.4,No,0,0,0,Poor,Low,0.97,1.0,0.0,20.3,Safe,SEG-01101,SEG_000001101,69.5,49,17.5,Aligned,49.3,42.9,Side Impact Potential,Rural,3,False,Residential,Poor Infrastructure,MDR Rd Zone3-1101,0,0.144,Light,False,38.8,49,0,0