segment_id,road_name,road_type,risk_category,road_risk_score,segment_risk_score,ai_risk_label,ai_risk_probability,prob_low_risk,prob_medium_risk,prob_high_risk,prob_critical_risk,ai_recommended_speed,recommended_safe_speed,road_function_score,infrastructure_score,exposure_score,human_tolerance_limit,operating_speed_score,crash_risk_score,start_km,end_km,start_lat,start_lon,end_lat,end_lon,geometry,posted_speed_limit,pedestrian_exposure_score,blackspot_flag,crash_count,fatal_crashes,schools_count,lighting_quality,roadside_hazards,intersection_density,speed_compliance_rate,speed_violation_score,hotspot_score,hotspot_category,human_segment_id,internal_id,speed_safety_score,original_safe_speed,misalignment_score,misalignment_category,speed_p85,ptw_share_pct,exposure_tier,urban_rural_flag,lane_count,median_presence,land_use_type,top_ai_factors,corridor_base,corridor_seq,congestion_index,congestion_category,congestion_smoothed,operating_speed_mean,final_safe_speed,minor_crashes,major_crashes
1102,MDR Rd Zone3-1102,Collector,Aligned,7,7,Aligned,0.9891530111415695,0.9891530111415695,0.010764327992964326,8.156866672139465e-05,1.0921987449297542e-06,32,32,52.5,10.6,18.5,50,77.7,0,0.0,0.278,12.88626063972306,77.28521256549486,12.88441361320479,77.2834816545394,"LINESTRING(77.285213 12.886261, 77.283482 12.884414)",40,12.4,No,0,0,0,Poor,Low,0.75,1.0,0.0,20.8,Safe,SEG-01102,SEG_000001102,71.3,32,18.0,Aligned,31.7,39.3,Side Impact Potential,Rural,3,False,Residential,Poor Infrastructure,MDR Rd Zone3-1102,0,0.137,Light,False,25.1,32,0,0
1103,MDR Rd Zone3-1103,Collector,Aligned,8,8,Aligned,0.9669853880434975,0.9669853880434975,0.031712251717226914,0.0011899423964709208,0.00011241784280463468,24,24,50.0,12.9,14.0,50,86.7,0,0.0,0.363,13.177385014246417,77.48579605030564,13.177686655197896,77.48245976594409,"LINESTRING(77.485796 13.177385, 77.48246 13.177687)",30,5.8,No,0,0,0,Poor,Medium,1.33,1.0,0.0,18.6,Safe,SEG-01103,SEG_000001103,72.9,24,16.1,Aligned,23.5,36.1,Side Impact Potential,Rural,2,False,Residential,Poor Infrastructure,MDR Rd Zone3-1103,0,0.0,,False,21.1,24,0,0
1104,MDR Rd Zone3-1104,Collector,Aligned,8,8,Aligned,0.9773785491588022,0.9773785491588022,0.02212571989576562,0.0002336026641766412,0.00026212828125564446,43,43,52.5,5.9,17.0,50,89.3,0,0.0,0.384,12.820025140675735,77.40038446910097,12.82303461179515,77.3986527723406,"LINESTRING(77.400384 12.820025, 77.398653 12.823035)",40,8.9,No,0,0,0,Good,Medium,1.18,0.93,7.0,22.0,Safe,SEG-01104,SEG_000001104,68.6,43,20.9,Aligned,42.7,39.7,Side Impact Potential,Rural,3,False,Residential,Poor Infrastructure,MDR Rd Zone3-1104,0,0.171,Light,False,32.9,43,0,0
1105,MDR Rd Zone3-1105,Collector,Moderate Misalignment,27,37,Moderate Misalignment,0.7964970526477849,0.20020593874545517,0.7964970526477849,0.003286309306986512,1.0699299773274562e-05,38,36,52.5,0.0,19.2,50,98.6,10,0.0,0.343,13.026465187579928,77.32560767773839,13.024144922847766,77.32351896903408,"LINESTRING(77.325608 13.026465, 77.323519 13.024145)",30,13.4,No,1,0,0,Poor,Low,0.9,0.74,26.0,28.4,Moderate Risk,SEG-01105,SEG_000001105,61.4,38,27.7,Moderate Misalignment,37.8,39.9,Side Impact Potential,Rural,3,False,Mixed,Poor Infrastructure,MDR Rd Zone3-1105,0,0.167,Light,False,29.1,36,1,0
1106,MDR Rd Zone3-1106,Collector,Aligned,8,8,Aligned,0.9785717955593828,0.9785717955593828,0.01900430933285167,0.00032771287170122967,0.0020961822360641403,26,26,50.0,0.0,16.7,50,88.0,0,0.0,0.287,12.945497669174529,77.80771583196326,12.943387304940115,77.80618811766465,"LINESTRING(77.807716 12.945498, 77.806188 12.943387)",30,7.2,No,0,0,0,Poor,Medium,1.58,1.0,0.0,21.7,Safe,SEG-01106,SEG_000001106,68.8,26,18.7,Aligned,26.3,42.9,Side Impact Potential,Rural,2,False,Residential,Poor Infrastructure,MDR Rd Zone3-1106,0,0.0,,False,22.0,26,0,0
1107,MDR Rd Zone3-1107,Collector,Moderate Misalignment,24,24,Moderate Misalignment,0.7915248674362465,0.1995447615948477,0.7915248674362465,0.008910896945504995,1.947402340084792e-05,36,36,55.0,4.7,19.2,50,95.7,0,0.0,0.36,12.754027205176724,77.67335110383523,12.751294057674473,77.67513843139508,"LINESTRING(77.673351 12.754027, 77.675138 12.751294)",30,11.6,No,0,0,0,Poor,Low,1.26,0.79,21.0,24.5,Safe,SEG-01107,SEG_000001107,65.7,36,25.4,Moderate Misalignment,36.2,44.4,Side Impact Potential,Rural,4,False,Commercial,Poor Infrastructure,MDR Rd Zone3-1107,0,0.0,,False,32.9,36,0,0
1108,MDR Rd Zone3-1108,Collector,Aligned,8,8,Aligned,0.9651221454015803,0.9651221454015803,0.034755907529271976,0.00011986799153991907,2.079077607764019e-06,36,36,50.0,0.0,13.1,50,78.9,0,0.0,0.381,13.149334892950508,77.55264276588801,13.150710873009036,77.54942227896666,"LINESTRING(77.552643 13.149335, 77.549422 13.150711)",40,3.1,No,0,0,0,Poor,Low,1.89,1.0,0.0,20.3,Safe,SEG-01108,SEG_000001108,69.5,36,17.5,Aligned,35.5,38.2,Side Impact Potential,Rural,2,False,Residential,Poor Infrastructure,MDR Rd Zone3-1108,0,0.217,Light,False,26.0,36,0,0
1109,MDR Rd Zone3-1109,Collector,Aligned,7,7,Aligned,0.9879385101635005,0.9879385101635005,0.010485815148185253,0.0014897940589672317,8.58806293469512e-05,23,23,60.5,5.9,16.8,70,85.2,0,0.0,0.284,12.798498278359864,77.44583647402975,12.79651965304939,77.4441822099544,"LINESTRING(77.445836 12.798498, 77.444182 12.79652)",30,10.4,No,0,0,0,Poor,Medium,1.14,1.0,0.0,20.8,Safe,SEG-01109,SEG_000001109,70.4,23,18.0,Aligned,23.4,36.6,Separated Traffic,Rural,3,True,Residential,Poor Infrastructure,MDR Rd Zone3-1109,0,0.0,,False,20.1,23,0,0
1110,MDR Rd Zone3-1110,Collector,Aligned,7,7,Aligned,0.9881867307461453,0.9881867307461453,0.01145602988539653,0.00035638967473477194,8.496937235676826e-07,37,37,50.0,0.0,16.3,50,80.8,0,0.0,0.281,13.023583885390863,77.3234698469793,13.02375783616,77.32088011840035,"LINESTRING(77.32347 13.023584, 77.32088 13.023758)",40,4.5,No,0,0,0,Poor,Medium,0.82,1.0,0.0,21.5,Safe,SEG-01110,SEG_000001110,68.8,37,18.6,Aligned,37.0,46.5,Side Impact Potential,Rural,2,False,Industrial,Poor Infrastructure,MDR Rd Zone3-1110,0,0.209,Light,False,27.2,37,0,0
1111,MDR Rd Zone3-1111,Collector,Aligned,7,7,Aligned,0.9895636827592227,0.9895636827592227,0.009899098491079217,0.0005360627262272491,1.1560234709177977e-06,25,25,55.0,0.0,15.1,50,82.2,0,0.0,0.378,13.193540928395931,77.46768526538283,13.195943305340023,77.46521449314245,"LINESTRING(77.467685 13.193541, 77.465214 13.195943)",30,3.2,No,0,0,0,Poor,Medium,1.19,1.0,0.0,21.1,Safe,SEG-01111,SEG_000001111,69.1,25,18.2,Aligned,24.7,44.2,Side Impact Potential,Rural,4,False,Industrial,Poor Infrastructure,MDR Rd Zone3-1111,0,0.204,Light,False,18.2,25,0,0
1112,MDR Rd Zone3-1112,Collector,Aligned,8,8,Aligned,0.9239321010367538,0.9239321010367538,0.0743845758320682,0.001675177855545967,8.145275631897302e-06,39,39,58.0,10.6,20.6,70,90.8,0,0.3779999999999999,0.698,13.195943305340023,77.46521449314245,13.198461093202654,77.46377685330508,"LINESTRING(77.465214 13.195943, 77.463777 13.198461)",40,15.2,No,0,0,0,Poor,Medium,0.96,1.0,0.0,21.6,Safe,SEG-01112,SEG_000001112,70.9,39,18.7,Aligned,38.9,42.4,Separated Traffic,Rural,2,True,Residential,Poor Infrastructure,MDR Rd Zone3-1111,1,0.0,,False,33.9,39,0,0
260,Mysore Road (NH-275) Seg-1,Highway,Moderate Misalignment,28,28,Moderate Misalignment,0.9140469103776674,0.04323827620092283,0.9140469103776674,0.04126661993513804,0.0014481934862716791,50,50,100.0,55.3,45.4,50,75.3,0,0.0,1.668,12.955,77.55,12.9475,77.53666666666666,"LINESTRING(77.55 12.955, 77.536667 12.9475)",70,54.0,No,0,0,1,Good,Medium,0.55,1.0,0.0,34.8,Moderate Risk,SEG-00260,SEG_000000260,62.6,50,47.4,Moderate Misalignment,69.5,56.2,Side Impact Potential,Urban,5,True,Commercial,Above Human Tolerance Limit,Mysore Road (NH-275),0,0.167,Light,False,53.5,50,0,0
261,Mysore Road (NH-275) Seg-2,Highway,Aligned,24,69,Aligned,0.8604067653084253,0.8604067653084253,0.12175328002209357,0.017788617377722665,5.133729175840977e-05,48,39,100.0,35.3,28.8,80,65.9,45,1.668,3.336,12.9475,77.53666666666666,12.94,77.52333333333333,"LINESTRING(77.536667 12.9475, 77.523333 12.94)",60,14.7,No,1,1,0,Poor,Low,0.61,1.0,0.0,32.2,Moderate Risk,SEG-00261,SEG_000000261,67.1,48,18.3,Aligned,47.5,68.6,Separated Traffic,Urban,5,True,Industrial,Recent Severe Crash History,Mysore Road (NH-275),1,0.148,Light,False,37.2,39,0,0
262,Mysore Road (NH-275) Seg-3,Highway,Aligned,11,11,Aligned,0.8385429579312337,0.8385429579312337,0.1255234386391024,0.035878222465996375,5.5380963667575684e-05,70,70,100.0,49.4,29.2,80,75.9,0,3.3359999999999994,5.004,12.94,77.52333333333333,12.9325,77.50999999999999,"LINESTRING(77.523333 12.94, 77.51 12.9325)",80,18.7,No,0,0,0,Good,High,0.46,1.0,0.0,19.0,Safe,SEG-00262,SEG_000000262,79.9,70,16.6,Aligned,69.7,62.4,Separated Traffic,Urban,8,True,Commercial,Meets Safe System Standards,Mysore Road (NH-275),2,0.0,,False,63.9,70,0,0
263,Mysore Road (NH-275) Seg-4,Highway,Aligned,16,16,Aligned,0.6290453951283981,0.6290453951283981,0.31945836682176815,0.051477372004751235,1.8866045082540547e-05,56,56,100.0,21.2,22.6,80,44.0,0,5.004,6.672,12.9325,77.50999999999999,12.925,77.49666666666667,"LINESTRING(77.51 12.9325, 77.496667 12.925)",80,9.8,No,0,0,0,Poor,Low,0.54,1.0,0.0,20.7,Safe,SEG-00263,SEG_000000263,73.4,56,18.0,Aligned,55.7,56.9,Separated Traffic,Peri-Urban,8,True,Residential,Poor Infrastructure,Mysore Road (NH-275),3,0.174,Light,False,42.6,56,0,0
264,Mysore Road (NH-275) Seg-5,Highway,Aligned,9,9,Aligned,0.9102092695282756,0.9102092695282756,0.08493141404517977,0.004853828363315634,5.488063228991787e-06,60,60,100.0,11.8,23.5,80,64.9,0,6.672,8.34,12.925,77.49666666666667,12.9175,77.48333333333333,"LINESTRING(77.496667 12.925, 77.483333 12.9175)",70,14.1,No,0,0,0,Good,Low,0.4,1.0,0.0,22.5,Safe,SEG-00264,SEG_000000264,70.7,60,19.5,Aligned,59.5,51.8,Separated Traffic,Peri-Urban,6,True,Residential,Poor Infrastructure,Mysore Road (NH-275),4,0.154,Light,False,46.6,60,0,0
265,Mysore Road (NH-275) Seg-6,Highway,Aligned,9,9,Aligned,0.9213837597780756,0.9213837597780756,0.07157258129453689,0.00701519845396858,2.8460473418998765e-05,69,69,100.0,14.1,28.0,80,63.5,0,8.34,10.008,12.9175,77.48333333333333,12.91,77.47,"LINESTRING(77.483333 12.9175, 77.47 12.91)",80,22.5,No,0,0,1,Good,Low,0.39,1.0,0.0,23.9,Safe,SEG-00265,SEG_000000265,70.3,69,20.8,Aligned,69.0,53.1,Separated Traffic,Peri-Urban,8,True,Residential,Poor Infrastructure,Mysore Road (NH-275),5,0.0,,False,55.7,69,0,0
266,Mysore Road (NH-275) Seg-7,Highway,Aligned,14,14,Aligned,0.7838952424009795,0.7838952424009795,0.12671957944315068,0.08925858094123024,0.00012659721463958922,55,55,100.0,9.4,25.7,80,83.3,0,10.008,11.716,12.91,77.47,12.9025,77.45625,"LINESTRING(77.47 12.91, 77.45625 12.9025)",60,14.3,No,0,0,0,Poor,Medium,0.41,1.0,0.0,23.7,Safe,SEG-00266,SEG_000000266,69.5,55,20.6,Aligned,55.0,59.0,Separated Traffic,Peri-Urban,5,True,Industrial,Poor Infrastructure,Mysore Road (NH-275),6,0.0,,False,48.9,55,0,0
267,Mysore Road (NH-275) Seg-8,Highway,Aligned,11,11,Aligned,0.8085379667282354,0.8085379667282354,0.17855209157253077,0.012893495084460561,1.6446614773291222e-05,79,79,100.0,20.0,22.1,80,79.7,0,11.716,13.424,12.9025,77.45625,12.895,77.4425,"LINESTRING(77.45625 12.9025, 77.4425 12.895)",80,8.9,No,0,0,0,Good,Medium,0.39,1.0,0.0,20.7,Safe,SEG-00267,SEG_000000267,73.2,79,18.0,Aligned,79.1,57.2,Separated Traffic,Peri-Urban,4,True,Industrial,Poor Infrastructure,Mysore Road (NH-275),7,0.0,,False,66.4,79,0,0
268,Mysore Road (NH-275) Seg-9,Highway,Aligned,8,8,Aligned,0.9336767913949747,0.9336767913949747,0.05556257772373412,0.010753561670571945,7.069210719350312e-06,57,57,100.0,9.4,20.8,80,72.4,0,13.424,15.132,12.895,77.4425,12.8875,77.42875,"LINESTRING(77.4425 12.895, 77.42875 12.8875)",70,11.1,No,0,0,0,Poor,Low,0.4,1.0,0.0,21.8,Safe,SEG-00268,SEG_000000268,70.5,57,18.9,Aligned,56.7,50.6,Separated Traffic,Peri-Urban,5,True,Industrial,Poor Infrastructure,Mysore Road (NH-275),8,0.0,,False,51.6,57,0,0
269,Mysore Road (NH-275) Seg-10,Highway,Aligned,10,10,Aligned,0.8886088858274754,0.8886088858274754,0.1026125278795668,0.008043247433280132,0.0007353388596774577,53,53,100.0,0.0,17.1,80,60.2,0,15.132,16.84,12.8875,77.42875,12.88,77.41499999999999,"LINESTRING(77.42875 12.8875, 77.415 12.88)",70,8.0,No,0,0,0,Poor,Medium,0.36,1.0,0.0,21.8,Safe,SEG-00269,SEG_000000269,68.7,53,18.9,Aligned,53.2,43.1,Separated Traffic,Rural,4,True,Mixed,Poor Infrastructure,Mysore Road (NH-275),9,0.0,,False,43.5,53,0,0
270,Mysore Road (NH-275) Seg-11,Highway,Moderate Misalignment,27,27,Moderate Misalignment,0.811448043787903,0.13806481955070307,0.811448043787903,0.05018672693404589,0.00030040972734792393,74,74,100.0,0.0,16.5,80,92.4,0,16.84,18.548,12.88,77.41499999999999,12.8725,77.40125,"LINESTRING(77.415 12.88, 77.40125 12.8725)",60,11.2,No,0,0,0,Poor,Low,0.26,0.77,23.0,27.2,Moderate Risk,SEG-00270,SEG_000000270,60.3,74,32.8,Moderate Misalignment,73.6,34.2,Separated Traffic,Rural,8,True,Residential,Poor Infrastructure,Mysore Road (NH-275),10,0.0,,False,65.1,74,0,0
271,Mysore Road (NH-275) Seg-12,Highway,Aligned,15,15,Aligned,0.7205079201302831,0.7205079201302831,0.21376876972070344,0.06566989183973301,5.3418309280535165e-05,80,80,100.0,10.6,17.5,80,83.9,0,18.548,20.256,12.8725,77.40125,12.865,77.3875,"LINESTRING(77.40125 12.8725, 77.3875 12.865)",90,13.0,No,0,0,0,Poor,Low,0.29,0.96,4.0,27.1,Moderate Risk,SEG-00271,SEG_000000271,61.4,80,34.5,Moderate Misalignment,93.8,33.7,Separated Traffic,Rural,5,True,Residential,Poor Infrastructure | Above Human Tolerance Limit,Mysore Road (NH-275),11,0.0,,False,79.3,80,0,0
272,Mysore Road (NH-275) Seg-13,Highway,Aligned,11,11,Aligned,0.814005777322735,0.814005777322735,0.17790218205538968,0.008086455979616488,5.584642258809447e-06,48,48,100.0,0.0,15.1,80,65.8,0,20.256,21.964,12.865,77.3875,12.8575,77.37375,"LINESTRING(77.3875 12.865, 77.37375 12.8575)",60,10.1,No,0,0,0,Good,Low,0.25,1.0,0.0,21.1,Safe,SEG-00272,SEG_000000272,69.1,48,18.2,Aligned,48.3,33.2,Separated Traffic,Rural,6,True,Industrial,Poor Infrastructure,Mysore Road (NH-275),12,0.164,Light,False,37.2,48,0,0
273,Mysore Road (NH-275) Seg-14,Highway,Aligned,16,16,Aligned,0.5740424587711538,0.5740424587711538,0.4197072224977682,0.006224397812807404,2.5920918270739767e-05,69,69,100.0,10.6,14.8,80,76.3,0,21.964,23.672,12.8575,77.37375,12.85,77.36,"LINESTRING(77.37375 12.8575, 77.36 12.85)",70,6.2,No,0,0,0,Poor,High,0.2,1.0,0.0,19.3,Safe,SEG-00273,SEG_000000273,72.1,69,16.7,Aligned,69.1,38.6,Separated Traffic,Rural,5,True,Residential,Poor Infrastructure,Mysore Road (NH-275),13,0.149,Light,False,54.2,69,0,0
274,Mysore Road (NH-275) Seg-15,Highway,Aligned,10,10,Aligned,0.8880223326439405,0.8880223326439405,0.10528065386826405,0.00668801410373568,8.999384059754273e-06,58,58,100.0,0.0,18.9,80,68.4,0,23.672,25.378,12.85,77.36,12.843,77.346,"LINESTRING(77.36 12.85, 77.346 12.843)",70,9.5,No,0,0,0,Poor,High,0.2,1.0,0.0,22.5,Safe,SEG-00274,SEG_000000274,68.3,58,19.5,Aligned,58.0,45.4,Separated Traffic,Rural,8,True,Residential,Poor Infrastructure,Mysore Road (NH-275),14,0.0,,False,49.0,58,0,0
275,Mysore Road (NH-275) Seg-16,Highway,Aligned,10,10,Aligned,0.896257437462754,0.896257437462754,0.08597208133281922,0.017762808577682292,7.67262674427956e-06,71,71,100.0,0.0,14.1,80,70.7,0,25.378,27.084,12.843,77.346,12.836,77.332,"LINESTRING(77.346 12.843, 77.332 12.836)",80,0.8,No,0,0,0,Poor,Low,0.18,1.0,0.0,20.6,Safe,SEG-00275,SEG_000000275,69.3,71,17.8,Aligned,70.9,45.6,Separated Traffic,Rural,4,True,Mixed,Poor Infrastructure,Mysore Road (NH-275),15,0.0,,False,60.4,71,0,0
276,Mysore Road (NH-275) Seg-17,Highway,Moderate Misalignment,24,24,Moderate Misalignment,0.7666732433059154,0.21554716427720066,0.7666732433059154,0.017773811440485326,5.780976398603774e-06,80,80,100.0,5.9,14.8,80,54.9,0,27.084,28.79,12.836,77.332,12.829,77.318,"LINESTRING(77.332 12.836, 77.318 12.829)",90,8.5,No,0,0,0,Poor,Low,0.12,1.0,0.0,25.2,Moderate Risk,SEG-00276,SEG_000000276,63.0,80,30.3,Moderate Misalignment,81.6,34.8,Separated Traffic,Rural,6,True,Residential,Poor Infrastructure | Above Human Tolerance Limit,Mysore Road (NH-275),16,0.218,Light,False,59.9,80,0,0
277,Mysore Road (NH-275) Seg-18,Highway,Aligned,10,10,Aligned,0.8208803348312548,0.8208803348312548,0.17833988206399262,0.0007735152503678288,6.26785438471501e-06,39,39,100.0,9.4,13.5,80,56.1,0,28.79,30.496,12.829,77.318,12.822,77.304,"LINESTRING(77.318 12.829, 77.304 12.822)",60,2.9,No,0,0,0,Poor,Low,0.14,1.0,0.0,19.0,Safe,SEG-00277,SEG_000000277,72.0,39,16.4,Aligned,39.3,39.6,Separated Traffic,Rural,8,True,Residential,Poor Infrastructure,Mysore Road (NH-275),17,0.155,Light,False,30.7,39,0,0
278,Mysore Road (NH-275) Seg-19,Highway,Moderate Misalignment,27,27,Moderate Misalignment,0.9067294706828891,0.06980554984291379,0.9067294706828891,0.023433849662425833,3.112981177112644e-05,80,80,100.0,0.0,19.2,80,95.0,0,30.496,32.202,12.822,77.304,12.815,77.28999999999999,"LINESTRING(77.304 12.822, 77.29 12.815)",60,9.7,No,0,0,0,Poor,Medium,0.1,0.66,34.0,31.2,Moderate Risk,SEG-00278,SEG_000000278,55.4,80,41.0,Moderate Misalignment,80.7,45.9,Separated Traffic,Rural,6,True,Residential,Poor Infrastructure,Mysore Road (NH-275),18,0.154,Light,False,63.3,80,0,0
279,Mysore Road (NH-275) Seg-20,Highway,Aligned,9,9,Aligned,0.8867114559494692,0.8867114559494692,0.11280150523302454,0.00046935188094265743,1.7686936563570963e-05,59,59,100.0,10.6,12.9,80,72.4,0,32.202,33.908,12.815,77.28999999999999,12.808,77.276,"LINESTRING(77.29 12.815, 77.276 12.808)",70,4.3,No,0,0,0,Good,Low,0.1,1.0,0.0,18.6,Safe,SEG-00279,SEG_000000279,72.5,59,16.0,Aligned,58.7,35.3,Separated Traffic,Rural,8,True,Mixed,Poor Infrastructure,Mysore Road (NH-275),19,0.0,,False,51.6,59,0,0
280,Mysore Road (NH-275) Seg-21,Highway,Moderate Misalignment,24,24,Moderate Misalignment,0.5551316967866702,0.32438347621846864,0.5551316967866702,0.12047330761918978,1.1519375671417225e-05,54,54,100.0,0.0,16.2,80,41.6,0,33.907999999999994,35.614,12.808,77.276,12.801,77.262,"LINESTRING(77.276 12.808, 77.262 12.801)",80,10.2,No,0,0,0,Poor,Medium,0.13,1.0,0.0,21.5,Safe,SEG-00280,SEG_000000280,68.8,54,18.6,Aligned,53.6,35.2,Separated Traffic,Rural,8,True,Residential,Poor Infrastructure,Mysore Road (NH-275),20,0.171,Light,False,41.0,54,0,0
281,Mysore Road (NH-275) Seg-22,Highway,Aligned,17,42,Aligned,0.8988091127281255,0.8988091127281255,0.09306652437565424,0.008118755947061485,5.606949158594252e-06,42,37,100.0,0.0,15.3,80,60.4,25,35.614,37.32,12.801,77.262,12.794,77.248,"LINESTRING(77.262 12.801, 77.248 12.794)",60,3.1,No,1,0,0,Poor,Medium,0.11,1.0,0.0,27.4,Moderate Risk,SEG-00281,SEG_000000281,64.1,42,18.2,Aligned,42.2,45.6,Separated Traffic,Rural,7,True,Residential,Poor Infrastructure,Mysore Road (NH-275),21,0.132,Light,False,33.6,37,0,1
282,Mysore Road (NH-275) Seg-23,Highway,Aligned,14,14,Aligned,0.6830445973405362,0.6830445973405362,0.30686777152731537,0.010069181479450165,1.8449652698261808e-05,80,80,100.0,9.4,17.4,80,71.3,0,37.31999999999999,39.026,12.794,77.248,12.787,77.234,"LINESTRING(77.248 12.794, 77.234 12.787)",100,10.5,No,0,0,0,Poor,Medium,0.12,1.0,0.0,30.9,Moderate Risk,SEG-00282,SEG_000000282,55.7,80,43.7,Moderate Misalignment,91.3,38.9,Separated Traffic,Rural,7,True,Industrial,Poor Infrastructure | Above Human Tolerance Limit,Mysore Road (NH-275),22,0.0,,False,80.9,80,0,0
283,Mysore Road (NH-275) Seg-24,Highway,Aligned,9,9,Aligned,0.8967912711232081,0.8967912711232081,0.10203983891057605,0.001164599566759698,4.290399456070265e-06,62,62,100.0,0.0,13.3,80,66.0,0,39.026,40.732,12.787,77.234,12.78,77.22,"LINESTRING(77.234 12.787, 77.22 12.78)",70,1.5,No,0,0,0,Poor,Low,0.12,1.0,0.0,20.4,Safe,SEG-00283,SEG_000000283,69.4,62,17.6,Aligned,62.0,41.8,Separated Traffic,Rural,6,True,Residential,Poor Infrastructure,Mysore Road (NH-275),23,0.184,Light,False,47.3,62,0,0
94,NH-209 (Bannerghatta Rd) Seg-1,Highway,Moderate Misalignment,30,30,Moderate Misalignment,0.8168620428277447,0.05739208896723615,0.8168620428277447,0.12525567477057195,0.0004901934344474656,50,50,100.0,34.1,26.5,50,73.6,0,0.0,1.439,12.9716,77.5946,12.95870712,77.59573022,"LINESTRING(77.5946 12.9716, 77.59573 12.958707)",70,13.0,No,0,0,0,Good,Low,0.56,1.0,0.0,30.7,Moderate Risk,SEG-00094,SEG_000000094,60.7,50,43.6,Moderate Misalignment,63.9,66.1,Side Impact Potential,Urban,4,False,Residential,Poor Infrastructure | Above Human Tolerance Limit,NH-209 (Bannerghatta Rd),0,0.0,,False,52.4,50,0,0
95,NH-209 (Bannerghatta Rd) Seg-2,Highway,Moderate Misalignment,27,27,Moderate Misalignment,0.717470637636413,0.1841771911891061,0.717470637636413,0.09283356579436432,0.005518605380116513,80,80,100.0,48.2,32.6,80,88.0,0,1.439,1.719,12.95870712,77.59573022,12.9562,77.59595,"LINESTRING(77.59573 12.958707, 77.59595 12.9562)",80,23.7,No,0,0,0,Good,Low,0.5,0.78,22.0,27.9,Moderate Risk,SEG-00095,SEG_000000095,67.7,80,36.5,Moderate Misalignment,97.9,65.3,Separated Traffic,Urban,5,True,Mixed,Meets Safe System Standards,NH-209 (Bannerghatta Rd),1,0.0,,False,88.0,80,0,0
96,NH-209 (Bannerghatta Rd) Seg-3,Highway,Aligned,11,11,Aligned,0.844566288885118,0.844566288885118,0.11915202488136643,0.03616271930507321,0.00011896692844240061,54,54,100.0,49.4,34.1,80,48.2,0,1.719,3.438,12.9562,77.59595,12.9408,77.59729999999999,"LINESTRING(77.59595 12.9562, 77.5973 12.9408)",80,33.3,No,0,0,1,Good,Medium,0.61,1.0,0.0,20.9,Safe,SEG-00096,SEG_000000096,78.9,54,18.3,Aligned,53.6,56.5,Separated Traffic,Urban,6,True,Mixed,Meets Safe System Standards,NH-209 (Bannerghatta Rd),2,0.0,,False,45.4,54,0,0
97,NH-209 (Bannerghatta Rd) Seg-4,Highway,Aligned,11,11,Aligned,0.8113442829659996,0.8113442829659996,0.17458632014127443,0.014020836414369615,4.856047835637727e-05,50,50,100.0,31.8,27.0,80,56.1,0,3.438,5.157,12.9408,77.59729999999999,12.9254,77.59864999999999,"LINESTRING(77.5973 12.9408, 77.59865 12.9254)",70,16.8,No,0,0,0,Good,Low,0.49,1.0,0.0,20.8,Safe,SEG-00097,SEG_000000097,75.4,50,18.2,Aligned,50.3,58.7,Separated Traffic,Urban,7,True,Industrial,Poor Infrastructure,NH-209 (Bannerghatta Rd),3,0.0,,False,40.8,50,0,0
98,NH-209 (Bannerghatta Rd) Seg-5,Highway,Moderate Misalignment,28,28,Moderate Misalignment,0.8799060929948569,0.06292537685293416,0.8799060929948569,0.05574922252088798,0.001419307631321134,50,50,100.0,56.5,38.9,50,78.4,0,5.157,6.876,12.9254,77.59864999999999,12.91,77.6,"LINESTRING(77.59865 12.9254, 77.6 12.91)",60,40.3,No,0,0,1,Good,Medium,0.65,1.0,0.0,26.9,Moderate Risk,SEG-00098,SEG_000000098,72.1,50,32.0,Moderate Misalignment,59.5,58.6,Side Impact Potential,Urban,6,True,Residential,Above Human Tolerance Limit,NH-209 (Bannerghatta Rd),4,0.177,Light,False,45.6,50,0,0
99,NH-209 (Bannerghatta Rd) Seg-6,Highway,Aligned,12,12,Aligned,0.7827970525935366,0.7827970525935366,0.20566717134714654,0.011458702177940249,7.70738813766106e-05,48,48,100.0,21.2,32.7,80,64.9,0,6.876,8.656,12.91,77.6,12.894285714285717,77.59685714285713,"LINESTRING(77.6 12.91, 77.596857 12.894286)",60,27.5,No,0,0,1,Good,Low,0.57,1.0,0.0,24.7,Safe,SEG-00099,SEG_000000099,71.3,48,21.5,Aligned,48.3,61.8,Separated Traffic,Urban,7,True,Mixed,Poor Infrastructure,NH-209 (Bannerghatta Rd),5,0.181,Light,False,36.6,48,0,0
100,NH-209 (Bannerghatta Rd) Seg-7,Highway,High Misalignment,49,49,High Misalignment,0.867129995933452,0.007727619306623488,0.1250170034086259,0.867129995933452,0.0001253813512987793,50,50,100.0,27.1,28.7,50,44.0,0,8.656,9.141,12.894285714285717,77.59685714285713,12.890002,77.5960004,"LINESTRING(77.596857 12.894286, 77.596 12.890002)",80,18.9,No,0,0,0,Good,High,0.48,1.0,0.0,37.7,Moderate Risk,SEG-00100,SEG_000000100,50.5,50,58.2,High Misalignment,56.1,62.2,Side Impact Potential,Urban,8,False,Mixed,Speed Limit Misaligned | Poor Infrastructure | Above Human Tolerance Limit,NH-209 (Bannerghatta Rd),6,0.184,Light,False,42.7,50,0,0
101,NH-209 (Bannerghatta Rd) Seg-8,Highway,Aligned,11,11,Aligned,0.8190564683468816,0.8190564683468816,0.17755595401623414,0.0033053959809987467,8.21816558854816e-05,53,53,100.0,38.8,37.7,80,73.5,0,9.141,10.436,12.890002,77.5960004,12.878571428571428,77.59371428571428,"LINESTRING(77.596 12.890002, 77.593714 12.878571)",60,33.5,No,0,0,1,Good,High,0.56,1.0,0.0,23.9,Safe,SEG-00101,SEG_000000101,75.2,53,21.0,Aligned,52.8,67.9,Separated Traffic,Urban,7,True,Mixed,Approach to Congestion (Tapered),NH-209 (Bannerghatta Rd),7,0.0,,True,42.3,53,0,0