segment_id,road_name,road_type,risk_category,road_risk_score,segment_risk_score,ai_risk_label,ai_risk_probability,prob_low_risk,prob_medium_risk,prob_high_risk,prob_critical_risk,ai_recommended_speed,recommended_safe_speed,road_function_score,infrastructure_score,exposure_score,human_tolerance_limit,operating_speed_score,crash_risk_score,start_km,end_km,start_lat,start_lon,end_lat,end_lon,geometry,posted_speed_limit,pedestrian_exposure_score,blackspot_flag,crash_count,fatal_crashes,schools_count,lighting_quality,roadside_hazards,intersection_density,speed_compliance_rate,speed_violation_score,hotspot_score,hotspot_category,human_segment_id,internal_id,speed_safety_score,original_safe_speed,misalignment_score,misalignment_category,speed_p85,ptw_share_pct,exposure_tier,urban_rural_flag,lane_count,median_presence,land_use_type,top_ai_factors,corridor_base,corridor_seq,congestion_index,congestion_category,congestion_smoothed,operating_speed_mean,final_safe_speed,minor_crashes,major_crashes
102,NH-209 (Bannerghatta Rd) Seg-9,Highway,Aligned,10,10,Aligned,0.8647189514673732,0.8647189514673732,0.12513202732627743,0.01013581058067929,1.3210625670176939e-05,47,47,100.0,14.1,24.8,80,33.0,0,10.436000000000002,12.216,12.878571428571428,77.59371428571428,12.862857142857145,77.59057142857142,"LINESTRING(77.593714 12.878571, 77.590571 12.862857)",60,17.7,No,0,0,1,Poor,High,0.53,1.0,0.0,22.7,Safe,SEG-00102,SEG_000000102,71.0,47,19.7,Aligned,46.9,49.5,Separated Traffic,Peri-Urban,5,True,Residential,Active Congestion | Poor Infrastructure,NH-209 (Bannerghatta Rd),8,0.685,Severe,False,15.4,47,0,0
103,NH-209 (Bannerghatta Rd) Seg-10,Highway,Aligned,8,8,Aligned,0.926562931902223,0.926562931902223,0.06741866291206425,0.006010650228742768,7.754956969938684e-06,59,59,100.0,0.0,21.5,80,62.4,0,12.216,13.996,12.862857142857145,77.59057142857142,12.847142857142858,77.58742857142857,"LINESTRING(77.590571 12.862857, 77.587429 12.847143)",70,6.0,No,0,0,0,Good,High,0.42,1.0,0.0,23.5,Safe,SEG-00103,SEG_000000103,67.8,59,20.4,Aligned,59.0,61.6,Separated Traffic,Peri-Urban,7,True,Residential,Poor Infrastructure,NH-209 (Bannerghatta Rd),9,0.183,Light,False,44.9,59,0,0
104,NH-209 (Bannerghatta Rd) Seg-11,Highway,High Misalignment,32,32,High Misalignment,0.4915296219512979,0.37339447962812206,0.1350168137204605,0.4915296219512979,5.908470011968557e-05,60,60,100.0,27.1,23.2,80,82.2,0,13.996,15.776,12.847142857142858,77.58742857142857,12.831428571428573,77.58428571428571,"LINESTRING(77.587429 12.847143, 77.584286 12.831429)",60,12.6,No,0,0,0,Good,Low,0.48,1.0,0.0,20.1,Safe,SEG-00104,SEG_000000104,74.9,60,17.5,Aligned,59.9,54.7,Separated Traffic,Peri-Urban,6,True,Residential,Poor Infrastructure,NH-209 (Bannerghatta Rd),10,0.0,,False,48.1,60,0,0
105,NH-209 (Bannerghatta Rd) Seg-12,Highway,Aligned,9,9,Aligned,0.9115777601486681,0.9115777601486681,0.0804053438805072,0.007949116400151938,6.777957067274542e-05,63,63,100.0,14.1,32.9,80,71.2,0,15.776000000000002,17.556,12.831428571428573,77.58428571428571,12.815714285714286,77.58114285714286,"LINESTRING(77.584286 12.831429, 77.581143 12.815714)",70,26.9,No,0,0,1,Poor,Medium,0.46,1.0,0.0,25.8,Moderate Risk,SEG-00105,SEG_000000105,69.3,63,22.5,Aligned,62.6,61.5,Separated Traffic,Peri-Urban,4,True,Mixed,Poor Infrastructure,NH-209 (Bannerghatta Rd),11,0.0,,False,50.8,63,0,0
106,NH-209 (Bannerghatta Rd) Seg-13,Highway,Moderate Misalignment,28,28,Moderate Misalignment,0.8759036652336148,0.06316402728228845,0.8759036652336148,0.06088447461239834,4.783287169829012e-05,80,80,100.0,36.5,22.2,80,95.9,0,17.556,19.336,12.815714285714286,77.58114285714286,12.8,77.578,"LINESTRING(77.581143 12.815714, 77.578 12.8)",80,13.1,No,0,0,0,Poor,Medium,0.38,0.75,25.0,26.4,Moderate Risk,SEG-00106,SEG_000000106,65.5,80,36.3,Moderate Misalignment,99.7,51.5,Separated Traffic,Peri-Urban,4,True,Industrial,Meets Safe System Standards,NH-209 (Bannerghatta Rd),12,0.0,,False,82.8,80,0,0
107,NH-209 (Bannerghatta Rd) Seg-14,Highway,Aligned,17,17,Aligned,0.7362674363472721,0.7362674363472721,0.0939267975746619,0.16976591707963626,3.984899842981287e-05,60,60,100.0,10.6,20.7,80,83.5,0,19.336,21.022,12.8,77.578,12.785,77.57575,"LINESTRING(77.578 12.8, 77.57575 12.785)",60,7.0,No,0,0,0,Good,Low,0.31,1.0,0.0,21.6,Safe,SEG-00107,SEG_000000107,70.9,60,18.7,Aligned,60.0,56.9,Separated Traffic,Peri-Urban,7,True,Residential,Poor Infrastructure,NH-209 (Bannerghatta Rd),13,0.0,,False,49.0,60,0,0
108,NH-209 (Bannerghatta Rd) Seg-15,Highway,Moderate Misalignment,18,18,Moderate Misalignment,0.5099925745149763,0.480160365280789,0.5099925745149763,0.009841534536028675,5.525668206079948e-06,74,74,100.0,0.0,14.4,80,66.0,0,21.022,22.708,12.785,77.57575,12.77,77.5735,"LINESTRING(77.57575 12.785, 77.5735 12.77)",90,3.2,No,0,0,0,Poor,Low,0.36,1.0,0.0,26.0,Moderate Risk,SEG-00108,SEG_000000108,61.5,74,30.9,Moderate Misalignment,74.4,42.1,Separated Traffic,Rural,5,True,Residential,Poor Infrastructure | Above Human Tolerance Limit,NH-209 (Bannerghatta Rd),14,0.0,,False,67.3,74,0,0
109,NH-209 (Bannerghatta Rd) Seg-16,Highway,Aligned,10,10,Aligned,0.8595316219571395,0.8595316219571395,0.13206164763921008,0.008396833866976256,9.896536674261158e-06,48,48,100.0,5.9,17.7,80,67.6,0,22.708,24.394,12.77,77.5735,12.755,77.57125,"LINESTRING(77.5735 12.77, 77.57125 12.755)",60,10.8,No,0,0,0,Poor,High,0.33,1.0,0.0,21.2,Safe,SEG-00109,SEG_000000109,70.2,48,18.3,Aligned,48.5,39.5,Separated Traffic,Rural,6,True,Industrial,Poor Infrastructure,NH-209 (Bannerghatta Rd),15,0.135,Light,False,38.4,48,0,0
110,NH-209 (Bannerghatta Rd) Seg-17,Highway,High Misalignment,35,35,High Misalignment,0.5559529426571331,0.32598616476251757,0.11803336597295229,0.5559529426571331,2.7526607396926965e-05,80,80,100.0,0.0,14.1,80,82.2,0,24.394,26.08,12.755,77.57125,12.74,77.569,"LINESTRING(77.57125 12.755, 77.569 12.74)",100,2.3,No,0,0,0,Good,Low,0.24,0.86,14.0,37.0,Moderate Risk,SEG-00110,SEG_000000110,44.8,80,58.7,High Misalignment,114.4,43.2,Separated Traffic,Rural,5,True,Industrial,Speed Limit Misaligned | Poor Infrastructure | Above Human Tolerance Limit,NH-209 (Bannerghatta Rd),16,0.167,Light,False,88.1,80,0,0
111,NH-209 (Bannerghatta Rd) Seg-18,Highway,Moderate Misalignment,26,36,Moderate Misalignment,0.7253566918797659,0.24859142289681113,0.7253566918797659,0.025985157328511185,6.672789491168669e-05,80,78,100.0,9.4,19.7,80,89.1,10,26.08,27.766,12.74,77.569,12.725,77.56675,"LINESTRING(77.569 12.74, 77.56675 12.725)",70,12.4,No,1,0,0,Poor,High,0.19,0.82,18.0,29.2,Moderate Risk,SEG-00111,SEG_000000111,60.9,80,31.7,Moderate Misalignment,82.7,42.2,Separated Traffic,Rural,5,True,Industrial,Poor Infrastructure,NH-209 (Bannerghatta Rd),17,0.183,Light,False,62.7,78,1,0
112,NH-209 (Bannerghatta Rd) Seg-19,Highway,Moderate Misalignment,31,31,Moderate Misalignment,0.6688391058264388,0.09673371217390836,0.6688391058264388,0.23391020299405985,0.0005169790055929499,50,50,100.0,14.1,27.5,50,65.9,0,27.766,29.452,12.725,77.56675,12.71,77.56450000000001,"LINESTRING(77.56675 12.725, 77.5645 12.71)",70,28.3,No,0,0,1,Good,Medium,0.23,1.0,0.0,34.1,Moderate Risk,SEG-00112,SEG_000000112,54.9,50,46.5,Moderate Misalignment,63.1,38.3,Side Impact Potential,Rural,4,False,Residential,Approach to Congestion (Tapered) | Poor Infrastructure | Above Human Tolerance Limit,NH-209 (Bannerghatta Rd),18,0.188,Light,True,47.2,50,0,0
113,NH-209 (Bannerghatta Rd) Seg-20,Highway,Aligned,9,9,Aligned,0.9150775467146043,0.9150775467146043,0.07714822502090979,0.007761266437415487,1.2961827070370988e-05,62,62,100.0,10.6,14.2,80,16.1,0,29.452,31.138,12.71,77.56450000000001,12.695,77.56225,"LINESTRING(77.5645 12.71, 77.56225 12.695)",80,7.4,No,0,0,0,Poor,Medium,0.18,1.0,0.0,19.1,Safe,SEG-00113,SEG_000000113,72.2,62,16.5,Aligned,62.2,33.8,Separated Traffic,Rural,5,True,Residential,Active Congestion | Poor Infrastructure,NH-209 (Bannerghatta Rd),19,0.609,Severe,False,24.0,62,0,0
114,NH-209 (Bannerghatta Rd) Seg-21,Highway,Moderate Misalignment,24,24,Moderate Misalignment,0.7249104283776011,0.22619284809000806,0.7249104283776011,0.0487069112163536,0.00018981231603730546,68,68,100.0,0.0,17.6,80,88.1,0,31.138,32.824,12.695,77.56225,12.68,77.56,"LINESTRING(77.56225 12.695, 77.56 12.68)",60,11.9,No,0,0,0,Good,Low,0.13,0.87,13.0,25.4,Moderate Risk,SEG-00114,SEG_000000114,63.6,68,27.4,Moderate Misalignment,68.1,36.6,Separated Traffic,Rural,8,True,Residential,Poor Infrastructure,NH-209 (Bannerghatta Rd),20,0.172,Light,False,52.0,68,0,0
115,NH-209 (Bannerghatta Rd) Seg-22,Highway,Aligned,15,15,Aligned,0.6832723143204553,0.6832723143204553,0.2806968986445061,0.03587606152821996,0.00015472550681863752,52,52,100.0,10.6,16.5,80,44.1,0,32.824000000000005,34.651,12.68,77.56,12.66375,77.5575,"LINESTRING(77.56 12.68, 77.5575 12.66375)",80,6.2,No,0,0,0,Poor,High,0.12,1.0,0.0,20.0,Safe,SEG-00115,SEG_000000115,71.7,52,17.3,Aligned,52.2,43.6,Separated Traffic,Rural,6,True,Industrial,Poor Infrastructure,NH-209 (Bannerghatta Rd),21,0.0,,False,42.7,52,0,0
116,NH-209 (Bannerghatta Rd) Seg-23,Highway,Moderate Misalignment,27,27,Moderate Misalignment,0.788788073700426,0.12999914784731312,0.788788073700426,0.08108854246687008,0.0001242359853907357,80,80,100.0,0.0,14.1,80,92.7,0,34.651,36.478,12.66375,77.5575,12.6475,77.555,"LINESTRING(77.5575 12.66375, 77.555 12.6475)",80,7.7,No,0,0,0,Good,Medium,0.11,0.7,30.0,30.5,Moderate Risk,SEG-00116,SEG_000000116,54.5,80,42.5,Moderate Misalignment,103.8,33.8,Separated Traffic,Rural,5,True,Residential,Approach to Congestion (Tapered) | Poor Infrastructure,NH-209 (Bannerghatta Rd),22,0.0,,True,84.9,80,0,0
117,NH-209 (Bannerghatta Rd) Seg-24,Highway,Moderate Misalignment,27,27,Moderate Misalignment,0.9517116076659757,0.0360181520534914,0.9517116076659757,0.012262702090417403,7.538190115286731e-06,80,80,100.0,37.6,26.6,80,8.0,0,36.478,38.305,12.6475,77.555,12.63125,77.55250000000001,"LINESTRING(77.555 12.6475, 77.5525 12.63125)",90,28.9,No,0,0,2,Poor,Low,0.14,1.0,0.0,25.0,Moderate Risk,SEG-00117,SEG_000000117,69.4,80,30.2,Moderate Misalignment,83.0,38.9,Separated Traffic,Rural,6,True,Residential,Active Congestion | Above Human Tolerance Limit,NH-209 (Bannerghatta Rd),23,0.657,Severe,False,28.7,80,0,0
118,NH-209 (Bannerghatta Rd) Seg-25,Highway,Moderate Misalignment,27,27,Moderate Misalignment,0.8713325367383585,0.09894773670674126,0.8713325367383585,0.029611252653386624,0.0001084739015136693,50,50,100.0,0.0,13.0,50,71.9,0,38.305,40.132,12.63125,77.55250000000001,12.615,77.55000000000001,"LINESTRING(77.5525 12.63125, 77.55 12.615)",70,2.5,No,0,0,0,Good,Low,0.11,1.0,0.0,30.6,Moderate Risk,SEG-00118,SEG_000000118,54.0,50,43.4,Moderate Misalignment,57.5,38.5,Side Impact Potential,Rural,8,False,Residential,Poor Infrastructure | Above Human Tolerance Limit,NH-209 (Bannerghatta Rd),24,0.0,,False,51.3,50,0,0
119,NH-209 (Bannerghatta Rd) Seg-26,Highway,Moderate Misalignment,24,24,Moderate Misalignment,0.5653984436424397,0.30917888316717573,0.5653984436424397,0.12389563670845749,0.001527036481927001,57,57,100.0,0.0,16.3,80,87.3,0,40.132000000000005,41.959,12.615,77.55000000000001,12.59875,77.5475,"LINESTRING(77.55 12.615, 77.5475 12.59875)",60,8.3,No,0,0,0,Poor,Low,0.11,1.0,0.0,21.5,Safe,SEG-00119,SEG_000000119,68.8,57,18.6,Aligned,57.0,39.5,Separated Traffic,Rural,5,True,Residential,Poor Infrastructure,NH-209 (Bannerghatta Rd),25,0.0,,False,51.5,57,0,0
120,NH-209 (Bannerghatta Rd) Seg-27,Highway,Aligned,11,11,Aligned,0.8265879573860779,0.8265879573860779,0.1646360780882763,0.00876342650476861,1.2538020877148142e-05,62,62,100.0,7.1,17.9,80,73.8,0,41.959,43.786,12.59875,77.5475,12.5825,77.545,"LINESTRING(77.5475 12.59875, 77.545 12.5825)",70,10.3,No,0,0,0,Poor,High,0.1,1.0,0.0,21.0,Safe,SEG-00120,SEG_000000120,70.5,62,18.2,Aligned,61.9,40.2,Separated Traffic,Rural,6,True,Residential,Poor Infrastructure,NH-209 (Bannerghatta Rd),26,0.0,,False,52.6,62,0,0
121,NH-209 (Bannerghatta Rd) Seg-28,Highway,Aligned,10,10,Aligned,0.8378437556577721,0.8378437556577721,0.15394990857391216,0.00819461156308604,1.1724205229790437e-05,51,51,100.0,5.9,17.8,80,74.5,0,43.786,45.613,12.5825,77.545,12.56625,77.5425,"LINESTRING(77.545 12.5825, 77.5425 12.56625)",60,11.8,No,0,0,0,Good,Low,0.11,1.0,0.0,21.2,Safe,SEG-00121,SEG_000000121,70.2,51,18.3,Aligned,50.9,39.2,Separated Traffic,Rural,6,True,Residential,Poor Infrastructure,NH-209 (Bannerghatta Rd),27,0.0,,False,43.0,51,0,0
122,NH-209 (Bannerghatta Rd) Seg-29,Highway,Moderate Misalignment,34,34,Moderate Misalignment,0.6403853480125761,0.057755839232143856,0.6403853480125761,0.3018190197240881,3.9793031191899287e-05,80,80,100.0,0.0,17.8,80,95.7,0,45.613,47.44,12.56625,77.5425,12.55,77.54,"LINESTRING(77.5425 12.56625, 77.54 12.55)",90,11.1,No,0,0,0,Poor,Medium,0.14,0.8,20.0,34.8,Moderate Risk,SEG-00122,SEG_000000122,49.5,80,50.8,High Misalignment,108.1,39.4,Separated Traffic,Rural,7,True,Industrial,Speed Limit Misaligned | Poor Infrastructure | Above Human Tolerance Limit,NH-209 (Bannerghatta Rd),28,0.0,,False,87.1,80,0,0
1,NH-44 (Bellary Rd -> Hosur Rd) Seg-1,Highway,High Misalignment,50,50,High Misalignment,0.898061729436222,0.004967585914034008,0.09695634963998644,0.898061729436222,1.4335009757462115e-05,50,50,100.0,7.1,16.2,50,56.0,0,0.0,1.821,13.21,77.62,13.194,77.61642857142857,"LINESTRING(77.62 13.21, 77.616429 13.194)",80,11.4,No,0,0,0,Good,Low,0.25,1.0,0.0,35.9,Moderate Risk,SEG-00001,SEG_000000001,47.5,50,56.5,High Misalignment,60.1,35.1,Side Impact Potential,Rural,8,False,Residential,Speed Limit Misaligned | Poor Infrastructure | Above Human Tolerance Limit,NH-44 (Bellary Rd -> Hosur Rd),0,0.0,,False,50.7,50,0,0
2,NH-44 (Bellary Rd -> Hosur Rd) Seg-2,Highway,Aligned,13,13,Aligned,0.7485326417406448,0.7485326417406448,0.2498363196953587,0.0016224005100449366,8.63805395143216e-06,73,73,100.0,5.9,13.4,80,56.5,0,1.821,3.642,13.194,77.61642857142857,13.178,77.61285714285715,"LINESTRING(77.616429 13.194, 77.612857 13.178)",90,3.5,No,0,0,0,Poor,High,0.22,1.0,0.0,24.7,Safe,SEG-00002,SEG_000000002,63.3,73,29.8,Moderate Misalignment,72.8,38.1,Separated Traffic,Rural,7,True,Industrial,Poor Infrastructure | Above Human Tolerance Limit,NH-44 (Bellary Rd -> Hosur Rd),1,0.0,,False,61.0,73,0,0
3,NH-44 (Bellary Rd -> Hosur Rd) Seg-3,Highway,Aligned,13,13,Aligned,0.7508092867016632,0.7508092867016632,0.24661467459210573,0.00253005202236079,4.59866838703046e-05,76,76,100.0,0.0,11.5,80,95.6,0,3.642,5.463,13.178,77.61285714285715,13.162,77.60928571428572,"LINESTRING(77.612857 13.178, 77.609286 13.162)",70,2.5,No,0,0,0,Good,Low,0.28,0.91,9.0,22.4,Safe,SEG-00003,SEG_000000003,65.8,76,23.7,Aligned,76.5,33.9,Separated Traffic,Rural,7,True,Residential,Poor Infrastructure,NH-44 (Bellary Rd -> Hosur Rd),2,0.0,,False,67.1,76,0,0
4,NH-44 (Bellary Rd -> Hosur Rd) Seg-4,Highway,Moderate Misalignment,24,24,Moderate Misalignment,0.8246706333137536,0.173123116023138,0.8246706333137536,0.00220208760378187,4.163059326622941e-06,74,74,100.0,29.4,19.9,80,60.6,0,5.463,7.284,13.162,77.60928571428572,13.146,77.60571428571428,"LINESTRING(77.609286 13.162, 77.605714 13.146)",90,16.1,No,0,0,0,Good,Low,0.28,1.0,0.0,23.6,Safe,SEG-00004,SEG_000000004,68.5,74,29.0,Moderate Misalignment,73.9,37.0,Separated Traffic,Rural,8,True,Residential,Poor Infrastructure | Above Human Tolerance Limit,NH-44 (Bellary Rd -> Hosur Rd),3,0.0,,False,63.7,74,0,0
5,NH-44 (Bellary Rd -> Hosur Rd) Seg-5,Highway,Aligned,9,9,Aligned,0.8988091127281255,0.8988091127281255,0.09306652437565424,0.008118755947061485,5.606949158594252e-06,46,46,100.0,0.0,15.1,80,59.9,0,7.284000000000001,9.105,13.146,77.60571428571428,13.13,77.60214285714285,"LINESTRING(77.605714 13.146, 77.602143 13.13)",60,1.2,No,0,0,0,Good,High,0.27,1.0,0.0,21.1,Safe,SEG-00005,SEG_000000005,69.1,46,18.2,Aligned,45.5,48.1,Separated Traffic,Peri-Urban,6,True,Residential,Poor Infrastructure,NH-44 (Bellary Rd -> Hosur Rd),4,0.218,Light,False,33.3,46,0,0
6,NH-44 (Bellary Rd -> Hosur Rd) Seg-6,Highway,Moderate Misalignment,24,24,Moderate Misalignment,0.6829338981707925,0.24830712979127398,0.6829338981707925,0.06868853150956082,7.04405283727598e-05,80,80,100.0,0.0,23.9,80,90.1,0,9.105,10.926,13.13,77.60214285714285,13.114,77.59857142857143,"LINESTRING(77.602143 13.13, 77.598571 13.114)",80,11.6,No,0,0,0,Good,Low,0.42,0.8,20.0,31.1,Moderate Risk,SEG-00006,SEG_000000006,57.3,80,37.8,Moderate Misalignment,96.0,59.8,Separated Traffic,Peri-Urban,7,True,Industrial,Poor Infrastructure,NH-44 (Bellary Rd -> Hosur Rd),5,0.0,,False,86.6,80,0,0
7,NH-44 (Bellary Rd -> Hosur Rd) Seg-7,Highway,Moderate Misalignment,29,29,Moderate Misalignment,0.9322096826821111,0.021781824982225827,0.9322096826821111,0.04599666820320687,1.1824132456214282e-05,80,80,100.0,21.2,21.2,80,97.9,0,10.926,12.747,13.114,77.59857142857143,13.098,77.595,"LINESTRING(77.598571 13.114, 77.595 13.098)",80,11.3,No,0,0,0,Poor,High,0.45,0.85,15.0,25.2,Moderate Risk,SEG-00007,SEG_000000007,66.2,80,30.1,Moderate Misalignment,92.1,51.8,Separated Traffic,Peri-Urban,8,True,Residential,Poor Infrastructure,NH-44 (Bellary Rd -> Hosur Rd),6,0.0,,False,78.6,80,0,0
8,NH-44 (Bellary Rd -> Hosur Rd) Seg-8,Highway,Aligned,13,13,Aligned,0.7358271850549603,0.7358271850549603,0.25259722311313554,0.011566495393124881,9.096438779460037e-06,59,59,100.0,0.0,15.2,80,77.4,0,12.747,14.504,13.098,77.595,13.0822,77.59495,"LINESTRING(77.595 13.098, 77.59495 13.0822)",60,0.5,No,0,0,0,Poor,High,0.36,1.0,0.0,21.1,Safe,SEG-00008,SEG_000000008,69.1,59,18.2,Aligned,59.2,49.7,Separated Traffic,Peri-Urban,5,True,Mixed,Poor Infrastructure,NH-44 (Bellary Rd -> Hosur Rd),7,0.179,Light,False,45.0,59,0,0
9,NH-44 (Bellary Rd -> Hosur Rd) Seg-9,Highway,Aligned,9,9,Aligned,0.9130322461357845,0.9130322461357845,0.07811544929055515,0.00884619912606282,6.105447597543603e-06,51,51,100.0,9.4,22.1,80,51.9,0,14.504,16.261,13.0822,77.59495,13.066400000000002,77.5949,"LINESTRING(77.59495 13.0822, 77.5949 13.0664)",70,9.6,No,0,0,0,Good,Low,0.43,1.0,0.0,22.3,Safe,SEG-00009,SEG_000000009,70.2,51,19.4,Aligned,50.6,56.8,Separated Traffic,Peri-Urban,4,True,Industrial,Poor Infrastructure,NH-44 (Bellary Rd -> Hosur Rd),8,0.195,Light,False,37.9,51,0,0
10,NH-44 (Bellary Rd -> Hosur Rd) Seg-10,Highway,Aligned,17,17,Aligned,0.5983245101532201,0.5983245101532201,0.3430388935665666,0.05857855005991015,5.804622030317801e-05,67,67,100.0,25.9,28.2,80,44.2,0,16.261,18.018,13.066400000000002,77.5949,13.0506,77.59485,"LINESTRING(77.5949 13.0664, 77.59485 13.0506)",90,22.2,No,0,0,1,Good,Low,0.45,1.0,0.0,27.4,Moderate Risk,SEG-00010,SEG_000000010,65.8,67,32.3,Moderate Misalignment,67.4,54.5,Separated Traffic,Peri-Urban,5,True,Residential,Poor Infrastructure | Above Human Tolerance Limit,NH-44 (Bellary Rd -> Hosur Rd),9,0.15,Light,False,52.8,67,0,0
11,NH-44 (Bellary Rd -> Hosur Rd) Seg-11,Highway,Aligned,11,11,Aligned,0.8022304546155847,0.8022304546155847,0.1943657983621374,0.0033206382108036843,8.310881147408924e-05,64,64,100.0,42.4,39.2,80,50.0,0,18.018,18.646,13.0506,77.59485,13.04494992,77.59483211999999,"LINESTRING(77.59485 13.0506, 77.594832 13.04495)",80,34.9,No,0,0,1,Good,High,0.43,1.0,0.0,24.0,Safe,SEG-00011,SEG_000000011,75.9,64,21.0,Aligned,63.5,64.8,Separated Traffic,Urban,5,True,Residential,Meets Safe System Standards,NH-44 (Bellary Rd -> Hosur Rd),10,0.206,Light,False,46.7,64,0,0
12,NH-44 (Bellary Rd -> Hosur Rd) Seg-12,Highway,Aligned,12,12,Aligned,0.7919486225275336,0.7919486225275336,0.18060145211328094,0.02743896476722426,1.096059196108729e-05,55,55,100.0,15.3,24.5,80,44.9,0,18.646,19.775,13.04494992,77.59483211999999,13.0348,77.59479999999999,"LINESTRING(77.594832 13.04495, 77.5948 13.0348)",80,11.1,No,0,0,0,Good,Low,0.54,1.0,0.0,22.4,Safe,SEG-00012,SEG_000000012,71.4,55,19.4,Aligned,55.3,62.4,Separated Traffic,Urban,8,True,Mixed,Poor Infrastructure,NH-44 (Bellary Rd -> Hosur Rd),11,0.155,Light,False,43.3,55,0,0
13,NH-44 (Bellary Rd -> Hosur Rd) Seg-13,Highway,Aligned,10,10,Aligned,0.8551048657766117,0.8551048657766117,0.11510910320084877,0.029660456520722696,0.0001255745018167997,58,58,100.0,30.6,35.0,80,55.7,0,19.775,21.532,13.0348,77.59479999999999,13.019,77.59475,"LINESTRING(77.5948 13.0348, 77.59475 13.019)",80,33.2,No,0,0,1,Poor,Low,0.59,1.0,0.0,24.1,Safe,SEG-00013,SEG_000000013,73.5,58,21.1,Aligned,58.4,61.2,Separated Traffic,Urban,8,True,Commercial,Poor Infrastructure,NH-44 (Bellary Rd -> Hosur Rd),12,0.0,,False,50.5,58,0,0
14,NH-44 (Bellary Rd -> Hosur Rd) Seg-14,Highway,Aligned,10,10,Aligned,0.8958746451590643,0.8958746451590643,0.08998741949655674,0.014101985171462043,3.595017291694801e-05,56,56,100.0,20.0,29.0,80,59.3,0,21.532,23.289,13.019,77.59475,13.0032,77.5947,"LINESTRING(77.59475 13.019, 77.5947 13.0032)",70,18.3,No,0,0,0,Good,Low,0.61,1.0,0.0,23.4,Safe,SEG-00014,SEG_000000014,71.8,56,20.4,Aligned,55.5,65.3,Separated Traffic,Urban,4,True,Commercial,Poor Infrastructure,NH-44 (Bellary Rd -> Hosur Rd),13,0.165,Light,False,42.9,56,0,0
15,NH-44 (Bellary Rd -> Hosur Rd) Seg-15,Highway,Aligned,10,10,Aligned,0.8941601523851085,0.8941601523851085,0.09081921840974076,0.014971302145559834,4.932705959088722e-05,51,51,100.0,35.3,30.9,80,73.8,0,23.289,24.225,13.0032,77.5947,12.99478176,77.59467336,"LINESTRING(77.5947 13.0032, 77.594673 12.994782)",60,23.4,No,0,0,1,Good,High,0.62,1.0,0.0,21.8,Safe,SEG-00015,SEG_000000015,75.6,51,19.1,Aligned,51.3,64.1,Separated Traffic,Urban,6,True,Residential,Meets Safe System Standards,NH-44 (Bellary Rd -> Hosur Rd),14,0.0,,False,42.5,51,0,0
16,NH-44 (Bellary Rd -> Hosur Rd) Seg-16,Highway,Moderate Misalignment,28,28,Moderate Misalignment,0.9143564778606156,0.04743644801308755,0.9143564778606156,0.038042391693189063,0.00016468243310769744,50,50,100.0,65.9,43.9,50,59.3,0,24.225,25.046,12.99478176,77.59467336,12.9874,77.59465,"LINESTRING(77.594673 12.994782, 77.59465 12.9874)",90,48.7,No,0,0,1,Poor,Low,0.48,1.0,0.0,42.9,Moderate Risk,SEG-00016,SEG_000000016,50.3,50,71.4,High Misalignment,75.4,60.1,Side Impact Potential,Urban,8,True,Mixed,Speed Limit Misaligned | Above Human Tolerance Limit,NH-44 (Bellary Rd -> Hosur Rd),15,0.0,,False,62.9,50,0,0
17,NH-44 (Bellary Rd -> Hosur Rd) Seg-17,Highway,Moderate Misalignment,32,32,Moderate Misalignment,0.7699047901393499,0.038169562256965925,0.7699047901393499,0.17761373075077813,0.014311916852906168,50,50,100.0,9.4,22.5,50,88.7,0,25.046,26.803,12.9874,77.59465,12.9716,77.5946,"LINESTRING(77.59465 12.9874, 77.5946 12.9716)",60,4.0,No,0,0,0,Poor,Medium,0.55,0.92,8.0,29.6,Moderate Risk,SEG-00017,SEG_000000017,59.4,50,37.4,Moderate Misalignment,64.8,68.1,Side Impact Potential,Urban,4,False,Commercial,Poor Infrastructure | Above Human Tolerance Limit,NH-44 (Bellary Rd -> Hosur Rd),16,0.0,,False,52.5,50,0,0
18,NH-44 (Bellary Rd -> Hosur Rd) Seg-18,Highway,Moderate Misalignment,29,29,Moderate Misalignment,0.9206665985393543,0.019811790745462656,0.9206665985393543,0.059455806523133155,6.58041920500035e-05,50,50,100.0,28.2,24.7,50,74.6,0,26.803,28.287,12.9716,77.5946,12.9583898,77.5965188,"LINESTRING(77.5946 12.9716, 77.596519 12.95839)",70,15.2,No,0,0,0,Good,Medium,0.64,1.0,0.0,30.9,Moderate Risk,SEG-00018,SEG_000000018,59.4,50,43.8,Moderate Misalignment,62.1,55.7,Side Impact Potential,Urban,7,False,Commercial,Poor Infrastructure | Above Human Tolerance Limit,NH-44 (Bellary Rd -> Hosur Rd),17,0.0,,False,53.1,50,0,0
19,NH-44 (Bellary Rd -> Hosur Rd) Seg-19,Highway,Moderate Misalignment,30,40,Moderate Misalignment,0.8426300212959311,0.09662367804183852,0.8426300212959311,0.06056855907776171,0.0001777415844686099,80,78,100.0,78.8,33.1,80,85.0,10,28.287,28.412,12.9583898,77.5965188,12.95728,77.59668,"LINESTRING(77.596519 12.95839, 77.59668 12.95728)",90,24.8,No,1,0,0,Good,Low,0.67,0.88,12.0,28.1,Moderate Risk,SEG-00019,SEG_000000019,71.0,80,38.0,Moderate Misalignment,100.5,66.6,Separated Traffic,Urban,4,True,Mixed,Above Human Tolerance Limit,NH-44 (Bellary Rd -> Hosur Rd),18,0.13,Light,False,80.0,78,1,0