segment_id,road_name,road_type,risk_category,road_risk_score,segment_risk_score,ai_risk_label,ai_risk_probability,prob_low_risk,prob_medium_risk,prob_high_risk,prob_critical_risk,ai_recommended_speed,recommended_safe_speed,road_function_score,infrastructure_score,exposure_score,human_tolerance_limit,operating_speed_score,crash_risk_score,start_km,end_km,start_lat,start_lon,end_lat,end_lon,geometry,posted_speed_limit,pedestrian_exposure_score,blackspot_flag,crash_count,fatal_crashes,schools_count,lighting_quality,roadside_hazards,intersection_density,speed_compliance_rate,speed_violation_score,hotspot_score,hotspot_category,human_segment_id,internal_id,speed_safety_score,original_safe_speed,misalignment_score,misalignment_category,speed_p85,ptw_share_pct,exposure_tier,urban_rural_flag,lane_count,median_presence,land_use_type,top_ai_factors,corridor_base,corridor_seq,congestion_index,congestion_category,congestion_smoothed,operating_speed_mean,final_safe_speed,minor_crashes,major_crashes
20,NH-44 (Bellary Rd -> Hosur Rd) Seg-20,Highway,Aligned,10,10,Aligned,0.8843391487862501,0.8843391487862501,0.10035873754681544,0.015096563439427679,0.0002055502275068624,45,45,100.0,40.0,31.2,80,67.5,0,28.412,30.02,12.95728,77.59668,12.94296,77.59876,"LINESTRING(77.59668 12.95728, 77.59876 12.94296)",60,24.3,No,0,0,1,Good,Medium,0.59,1.0,0.0,21.2,Safe,SEG-00020,SEG_000000020,76.8,45,18.6,Aligned,44.6,57.8,Separated Traffic,Urban,6,True,Mixed,Meets Safe System Standards,NH-44 (Bellary Rd -> Hosur Rd),19,0.0,,False,38.3,45,0,0
21,NH-44 (Bellary Rd -> Hosur Rd) Seg-21,Highway,Moderate Misalignment,27,27,Moderate Misalignment,0.8809661749761827,0.10129246137340657,0.8809661749761827,0.01757942813901748,0.00016193551139319367,80,80,100.0,15.3,26.5,80,87.6,0,30.02,31.628,12.94296,77.59876,12.92864,77.60084,"LINESTRING(77.59876 12.94296, 77.60084 12.92864)",80,13.8,No,0,0,0,Poor,Medium,0.58,0.83,17.0,28.7,Moderate Risk,SEG-00021,SEG_000000021,62.7,80,34.0,Moderate Misalignment,93.4,62.3,Separated Traffic,Urban,8,True,Commercial,Poor Infrastructure,NH-44 (Bellary Rd -> Hosur Rd),20,0.169,Light,False,71.7,80,0,0
22,NH-44 (Bellary Rd -> Hosur Rd) Seg-22,Highway,Aligned,10,10,Aligned,0.8875274443306582,0.8875274443306582,0.10109773164040564,0.011286275605623793,8.854842331254239e-05,52,52,100.0,20.0,34.9,80,75.0,0,31.628,33.236,12.92864,77.60084,12.91432,77.60292,"LINESTRING(77.60084 12.92864, 77.60292 12.91432)",60,28.0,No,0,0,1,Poor,High,0.64,1.0,0.0,25.7,Moderate Risk,SEG-00022,SEG_000000022,70.6,52,22.4,Aligned,52.1,66.3,Separated Traffic,Urban,5,True,Commercial,Poor Infrastructure,NH-44 (Bellary Rd -> Hosur Rd),21,0.0,,False,43.4,52,0,0
23,NH-44 (Bellary Rd -> Hosur Rd) Seg-23,Highway,Moderate Misalignment,28,28,Moderate Misalignment,0.8889906964949369,0.05824712233892008,0.8889906964949369,0.051589751052014673,0.0011724301141283417,48,48,100.0,54.1,41.4,50,71.4,0,33.236000000000004,34.844,12.91432,77.60292,12.9,77.605,"LINESTRING(77.60292 12.91432, 77.605 12.9)",60,40.8,No,0,0,1,Poor,Medium,0.43,1.0,0.0,28.2,Moderate Risk,SEG-00023,SEG_000000023,70.9,48,33.2,Moderate Misalignment,47.6,62.7,Side Impact Potential,Urban,5,True,Commercial,Above Human Tolerance Limit,NH-44 (Bellary Rd -> Hosur Rd),22,0.0,,False,40.9,48,0,0
24,NH-44 (Bellary Rd -> Hosur Rd) Seg-24,Highway,Aligned,12,12,Aligned,0.7809026949758158,0.7809026949758158,0.20860967728859994,0.0104705273504124,1.7100385171981213e-05,56,56,100.0,0.0,19.7,80,78.6,0,34.844,36.127,12.9,77.605,12.890001,77.61090850000001,"LINESTRING(77.605 12.9, 77.610909 12.890001)",60,1.5,No,0,0,0,Good,Low,0.46,1.0,0.0,22.8,Safe,SEG-00024,SEG_000000024,68.1,56,19.8,Aligned,56.4,63.1,Separated Traffic,Urban,5,True,Commercial,Poor Infrastructure,NH-44 (Bellary Rd -> Hosur Rd),23,0.0,,False,45.7,56,0,0
25,NH-44 (Bellary Rd -> Hosur Rd) Seg-25,Highway,High Misalignment,44,44,High Misalignment,0.6656067175345434,0.01627430904065379,0.3180578524219393,0.6656067175345434,6.112100286339568e-05,46,46,100.0,24.7,23.1,50,50.6,0,36.127,36.608,12.890001,77.61090850000001,12.88625,77.613125,"LINESTRING(77.610909 12.890001, 77.613125 12.88625)",70,10.4,No,0,0,0,Poor,Low,0.45,1.0,0.0,30.8,Moderate Risk,SEG-00025,SEG_000000025,58.7,46,43.7,Moderate Misalignment,45.7,58.3,Side Impact Potential,Urban,7,False,Commercial,Poor Infrastructure | Above Human Tolerance Limit,NH-44 (Bellary Rd -> Hosur Rd),24,0.0,,False,37.1,46,0,0
26,NH-44 (Bellary Rd -> Hosur Rd) Seg-26,Highway,High Misalignment,46,46,High Misalignment,0.7177246809275598,0.017842149476724755,0.26338997080041304,0.7177246809275598,0.0010431987953025876,50,50,100.0,52.9,32.9,50,71.3,0,36.608,38.372,12.88625,77.613125,12.8725,77.62125,"LINESTRING(77.613125 12.88625, 77.62125 12.8725)",80,27.2,No,0,0,0,Poor,Medium,0.58,1.0,0.0,35.5,Moderate Risk,SEG-00026,SEG_000000026,56.8,50,56.3,High Misalignment,67.2,59.4,Side Impact Potential,Urban,5,False,Commercial,Speed Limit Misaligned | Above Human Tolerance Limit,NH-44 (Bellary Rd -> Hosur Rd),25,0.0,,False,60.8,50,0,0
27,NH-44 (Bellary Rd -> Hosur Rd) Seg-27,Highway,Aligned,10,10,Aligned,0.8874018299571861,0.8874018299571861,0.10189106596014066,0.010679559245710579,2.754483696263008e-05,54,54,100.0,20.0,25.3,80,61.1,0,38.372,40.136,12.8725,77.62125,12.85875,77.62937500000001,"LINESTRING(77.62125 12.8725, 77.629375 12.85875)",70,12.9,No,0,0,0,Good,Low,0.41,1.0,0.0,22.0,Safe,SEG-00027,SEG_000000027,72.5,54,19.1,Aligned,54.0,61.2,Separated Traffic,Peri-Urban,8,True,Residential,Poor Infrastructure,NH-44 (Bellary Rd -> Hosur Rd),26,0.0,,False,44.0,54,0,0
28,NH-44 (Bellary Rd -> Hosur Rd) Seg-28,Highway,Aligned,15,15,Aligned,0.621924236972225,0.621924236972225,0.35854198167722084,0.019484110532279147,4.967081827499481e-05,65,65,100.0,30.6,29.6,80,57.7,0,40.136,41.901,12.85875,77.62937500000001,12.845,77.6375,"LINESTRING(77.629375 12.85875, 77.6375 12.845)",90,27.8,No,0,0,1,Poor,Medium,0.35,1.0,0.0,27.2,Moderate Risk,SEG-00028,SEG_000000028,66.8,65,32.2,Moderate Misalignment,65.2,48.9,Separated Traffic,Peri-Urban,6,True,Residential,Poor Infrastructure | Above Human Tolerance Limit,NH-44 (Bellary Rd -> Hosur Rd),27,0.0,,False,61.8,65,0,0
29,NH-44 (Bellary Rd -> Hosur Rd) Seg-29,Highway,Aligned,10,10,Aligned,0.8538230747251758,0.8538230747251758,0.14036463887839856,0.005789290454537485,2.299594188809149e-05,57,57,100.0,10.6,25.9,80,73.9,0,41.901,43.666,12.845,77.6375,12.83125,77.645625,"LINESTRING(77.6375 12.845, 77.645625 12.83125)",60,14.0,No,0,0,0,Good,Medium,0.39,1.0,0.0,23.6,Safe,SEG-00029,SEG_000000029,69.8,57,20.5,Aligned,57.2,60.2,Separated Traffic,Peri-Urban,6,True,Industrial,Poor Infrastructure,NH-44 (Bellary Rd -> Hosur Rd),28,0.194,Light,False,42.6,57,0,0
30,NH-44 (Bellary Rd -> Hosur Rd) Seg-30,Highway,Moderate Misalignment,24,24,Moderate Misalignment,0.7580838985312222,0.20559057058066388,0.7580838985312222,0.036290987765444024,3.454312266980363e-05,65,65,100.0,16.5,24.7,80,92.7,0,43.666,45.431,12.83125,77.645625,12.8175,77.65375,"LINESTRING(77.645625 12.83125, 77.65375 12.8175)",60,12.3,No,0,0,0,Good,Medium,0.4,0.92,8.0,24.3,Safe,SEG-00030,SEG_000000030,68.6,65,24.5,Aligned,65.0,61.1,Separated Traffic,Peri-Urban,6,True,Residential,Poor Infrastructure,NH-44 (Bellary Rd -> Hosur Rd),29,0.0,,False,55.1,65,0,0
31,NH-44 (Bellary Rd -> Hosur Rd) Seg-31,Highway,Moderate Misalignment,29,29,Moderate Misalignment,0.9254511216610461,0.004967898034136986,0.9254511216610461,0.0660395959496041,0.0035413843552127636,50,50,100.0,0.0,21.1,50,98.4,0,45.431,47.196,12.8175,77.65375,12.80375,77.66187500000001,"LINESTRING(77.65375 12.8175, 77.661875 12.80375)",60,11.9,No,0,0,0,Good,Medium,0.3,0.78,22.0,34.1,Moderate Risk,SEG-00031,SEG_000000031,51.8,50,47.0,Moderate Misalignment,73.3,50.2,Side Impact Potential,Peri-Urban,6,False,Industrial,Poor Infrastructure | Above Human Tolerance Limit,NH-44 (Bellary Rd -> Hosur Rd),30,0.0,,False,58.9,50,0,0
32,NH-44 (Bellary Rd -> Hosur Rd) Seg-32,Highway,Moderate Misalignment,29,29,Moderate Misalignment,0.8069543721236413,0.09164785016681148,0.8069543721236413,0.1012919154793094,0.00010586223023787097,50,50,100.0,5.9,15.0,50,78.2,0,47.196,48.961,12.80375,77.66187500000001,12.79,77.67,"LINESTRING(77.661875 12.80375, 77.67 12.79)",60,2.0,No,0,0,0,Poor,Medium,0.36,1.0,0.0,25.3,Moderate Risk,SEG-00032,SEG_000000032,63.0,50,30.3,Moderate Misalignment,56.9,46.5,Side Impact Potential,Rural,6,False,Commercial,Poor Infrastructure | Above Human Tolerance Limit,NH-44 (Bellary Rd -> Hosur Rd),31,0.143,Light,False,45.4,50,0,0
33,NH-44 (Bellary Rd -> Hosur Rd) Seg-33,Highway,Aligned,13,13,Aligned,0.7185547210652067,0.7185547210652067,0.2734159380218438,0.008023031221910403,6.309691039101126e-06,69,69,100.0,0.0,15.4,80,76.5,0,48.961,50.744,12.79,77.67,12.777272727272727,77.68,"LINESTRING(77.67 12.79, 77.68 12.777273)",70,9.7,No,0,0,0,Poor,Low,0.26,1.0,0.0,21.2,Safe,SEG-00033,SEG_000000033,69.0,69,18.3,Aligned,69.2,33.2,Separated Traffic,Rural,6,True,Industrial,Poor Infrastructure,NH-44 (Bellary Rd -> Hosur Rd),32,0.153,Light,False,54.3,69,0,0
34,NH-44 (Bellary Rd -> Hosur Rd) Seg-34,Highway,Aligned,15,15,Aligned,0.6374938118779907,0.6374938118779907,0.35203276895736424,0.00980334681587234,0.0006700723487728653,55,55,100.0,23.5,17.1,80,45.7,0,50.744,52.527,12.777272727272727,77.68,12.764545454545454,77.69,"LINESTRING(77.68 12.777273, 77.69 12.764545)",80,13.5,No,0,0,0,Poor,Medium,0.29,1.0,0.0,18.2,Safe,SEG-00034,SEG_000000034,75.2,55,15.8,Aligned,55.3,33.6,Separated Traffic,Rural,8,True,Residential,Poor Infrastructure,NH-44 (Bellary Rd -> Hosur Rd),33,0.137,Light,False,43.8,55,0,0
35,NH-44 (Bellary Rd -> Hosur Rd) Seg-35,Highway,Aligned,27,27,Aligned,0.38734198376760615,0.38734198376760615,0.3103602874728249,0.3022876187564107,1.0110003158176977e-05,56,56,100.0,0.0,16.2,80,46.4,0,52.527,54.31,12.764545454545454,77.69,12.751818181818182,77.7,"LINESTRING(77.69 12.764545, 77.7 12.751818)",80,8.0,No,0,0,0,Poor,Low,0.2,1.0,0.0,21.5,Safe,SEG-00035,SEG_000000035,68.8,56,18.6,Aligned,56.4,39.5,Separated Traffic,Rural,8,True,Industrial,Poor Infrastructure,NH-44 (Bellary Rd -> Hosur Rd),34,0.143,Light,False,44.3,56,0,0
36,NH-44 (Bellary Rd -> Hosur Rd) Seg-36,Highway,Aligned,15,25,Aligned,0.7695656705168695,0.7695656705168695,0.22512063935094445,0.005290671789203699,2.3018342982361447e-05,48,46,100.0,15.3,14.5,80,58.3,10,54.31,56.093,12.751818181818182,77.7,12.739090909090908,77.71000000000001,"LINESTRING(77.7 12.751818, 77.71 12.739091)",70,5.9,No,1,0,0,Poor,High,0.24,1.0,0.0,21.0,Safe,SEG-00036,SEG_000000036,71.5,48,16.0,Aligned,47.6,38.0,Separated Traffic,Rural,7,True,Residential,Poor Infrastructure,NH-44 (Bellary Rd -> Hosur Rd),35,0.0,,False,42.2,46,1,0
37,NH-44 (Bellary Rd -> Hosur Rd) Seg-37,Highway,Moderate Misalignment,30,30,Moderate Misalignment,0.8785350515027143,0.026380026978187834,0.8785350515027143,0.0950465996401216,3.832187897631348e-05,50,50,100.0,5.9,14.3,50,66.9,0,56.093,56.267,12.739090909090908,77.71000000000001,12.73785,77.710975,"LINESTRING(77.71 12.739091, 77.710975 12.73785)",70,2.3,No,0,0,0,Poor,High,0.16,1.0,0.0,30.2,Moderate Risk,SEG-00037,SEG_000000037,55.4,50,43.0,Moderate Misalignment,53.4,43.3,Side Impact Potential,Rural,7,False,Residential,Poor Infrastructure | Above Human Tolerance Limit,NH-44 (Bellary Rd -> Hosur Rd),36,0.0,,False,47.9,50,0,0
38,NH-44 (Bellary Rd -> Hosur Rd) Seg-38,Highway,Aligned,10,10,Aligned,0.8616615507512159,0.8616615507512159,0.1172994313438211,0.020997837697697423,4.118020726572241e-05,68,68,100.0,0.0,16.5,80,79.9,0,56.267,57.848,12.73785,77.710975,12.726566,77.719841,"LINESTRING(77.710975 12.73785, 77.719841 12.726566)",70,4.9,No,0,0,0,Poor,Low,0.19,1.0,0.0,21.6,Safe,SEG-00038,SEG_000000038,68.8,68,18.7,Aligned,67.7,46.2,Separated Traffic,Rural,7,True,Mixed,Poor Infrastructure,NH-44 (Bellary Rd -> Hosur Rd),37,0.0,,False,56.6,68,0,0
39,NH-44 (Bellary Rd -> Hosur Rd) Seg-39,Highway,Aligned,10,10,Aligned,0.8619434704039163,0.8619434704039163,0.13105543335828002,0.006996165764035232,4.9304737685103265e-06,70,70,100.0,0.0,15.0,80,69.5,0,57.848,59.659,12.726566,77.719841,12.713636363636365,77.73,"LINESTRING(77.719841 12.726566, 77.73 12.713636)",80,8.6,No,0,0,0,Good,High,0.17,1.0,0.0,21.0,Safe,SEG-00039,SEG_000000039,69.1,70,18.1,Aligned,70.0,33.7,Separated Traffic,Rural,5,True,Residential,Poor Infrastructure,NH-44 (Bellary Rd -> Hosur Rd),38,0.0,,False,59.7,70,0,0
40,NH-44 (Bellary Rd -> Hosur Rd) Seg-40,Highway,Aligned,17,17,Aligned,0.591018126576764,0.591018126576764,0.36503322128223,0.043932067250599095,1.658489040700868e-05,63,63,100.0,0.0,13.7,80,44.5,0,59.659,61.442,12.713636363636365,77.73,12.700909090909091,77.74,"LINESTRING(77.73 12.713636, 77.74 12.700909)",90,1.8,No,0,0,0,Poor,Medium,0.11,1.0,0.0,25.7,Moderate Risk,SEG-00040,SEG_000000040,61.6,63,30.6,Moderate Misalignment,63.4,42.4,Separated Traffic,Rural,8,True,Residential,Poor Infrastructure | Above Human Tolerance Limit,NH-44 (Bellary Rd -> Hosur Rd),39,0.0,,False,53.0,63,0,0
41,NH-44 (Bellary Rd -> Hosur Rd) Seg-41,Highway,Aligned,8,8,Aligned,0.9329589795383769,0.9329589795383769,0.06562877650281541,0.001407060330846509,5.183627961427492e-06,41,41,100.0,0.0,12.9,80,63.5,0,61.442,63.225,12.700909090909091,77.74,12.688181818181818,77.75,"LINESTRING(77.74 12.700909, 77.75 12.688182)",60,3.5,No,0,0,0,Poor,Medium,0.1,1.0,0.0,20.2,Safe,SEG-00041,SEG_000000041,69.6,41,17.4,Aligned,41.2,37.1,Separated Traffic,Rural,6,True,Residential,Approach to Congestion (Tapered) | Poor Infrastructure,NH-44 (Bellary Rd -> Hosur Rd),40,0.0,,True,35.7,41,0,0
42,NH-44 (Bellary Rd -> Hosur Rd) Seg-42,Highway,Moderate Misalignment,27,27,Moderate Misalignment,0.947055170694463,0.049714180157409464,0.947055170694463,0.003227364392176152,3.284755951429988e-06,80,80,100.0,7.1,20.2,80,0.0,0,63.225,65.008,12.688181818181818,77.75,12.675454545454546,77.76,"LINESTRING(77.75 12.688182, 77.76 12.675455)",90,13.5,No,0,0,0,Poor,Medium,0.12,1.0,0.0,27.1,Moderate Risk,SEG-00042,SEG_000000042,62.2,80,32.0,Moderate Misalignment,82.1,43.3,Separated Traffic,Rural,5,True,Residential,Active Congestion | Poor Infrastructure | Above Human Tolerance Limit,NH-44 (Bellary Rd -> Hosur Rd),41,0.749,Severe,False,22.2,80,0,0
43,NH-44 (Bellary Rd -> Hosur Rd) Seg-43,Highway,Aligned,8,8,Aligned,0.9286846716073417,0.9286846716073417,0.06998113572658932,0.0013295976560406609,4.5950100283885505e-06,61,61,100.0,0.0,12.5,80,67.1,0,65.008,66.791,12.675454545454546,77.76,12.662727272727272,77.77,"LINESTRING(77.76 12.675455, 77.77 12.662727)",70,0.3,No,0,0,0,Poor,Medium,0.12,1.0,0.0,20.0,Safe,SEG-00043,SEG_000000043,69.6,61,17.3,Aligned,60.8,41.2,Separated Traffic,Rural,8,True,Residential,Poor Infrastructure,NH-44 (Bellary Rd -> Hosur Rd),42,0.145,Light,False,48.1,61,0,0
44,NH-44 (Bellary Rd -> Hosur Rd) Seg-44,Highway,Moderate Misalignment,20,20,Moderate Misalignment,0.5822348383179372,0.39158893527278055,0.5822348383179372,0.02613959481796854,3.663159131372694e-05,59,59,100.0,14.1,24.5,80,38.0,0,66.791,68.574,12.662727272727272,77.77,12.65,77.78,"LINESTRING(77.77 12.662727, 77.78 12.65)",90,27.4,No,0,0,1,Poor,Low,0.12,1.0,0.0,27.8,Moderate Risk,SEG-00044,SEG_000000044,63.3,59,32.6,Moderate Misalignment,58.6,36.1,Separated Traffic,Rural,4,True,Residential,Poor Infrastructure | Above Human Tolerance Limit,NH-44 (Bellary Rd -> Hosur Rd),43,0.0,,False,48.7,59,0,0
45,"NH-75 (Bangalore-Mangalore, Tumkur Rd) Seg-1",Highway,Moderate Misalignment,31,31,Moderate Misalignment,0.670059124704661,0.09424041822154292,0.670059124704661,0.23527847638738572,0.00042198068641039746,50,50,100.0,20.0,25.5,50,68.9,0,0.0,1.651,12.9716,77.5946,12.980833333333331,77.58266666666667,"LINESTRING(77.5946 12.9716, 77.582667 12.980833)",70,10.4,No,0,0,0,Poor,Medium,0.71,1.0,0.0,32.4,Moderate Risk,SEG-00045,SEG_000000045,56.9,50,45.1,Moderate Misalignment,59.9,66.0,Side Impact Potential,Urban,8,False,Mixed,Poor Infrastructure | Above Human Tolerance Limit,"NH-75 (Bangalore-Mangalore, Tumkur Rd)",0,0.0,,False,49.3,50,0,0
46,"NH-75 (Bangalore-Mangalore, Tumkur Rd) Seg-2",Highway,Moderate Misalignment,21,21,Moderate Misalignment,0.5818176815911963,0.3809406608818876,0.5818176815911963,0.037171163634262136,7.049389265398323e-05,64,64,100.0,34.1,28.8,80,40.6,0,1.651,2.02,12.980833333333331,77.58266666666667,12.98289606,77.58000076,"LINESTRING(77.582667 12.980833, 77.580001 12.982896)",90,22.0,No,0,0,0,Poor,High,0.6,1.0,0.0,26.4,Moderate Risk,SEG-00046,SEG_000000046,68.0,64,31.4,Moderate Misalignment,64.5,57.4,Separated Traffic,Urban,7,True,Residential,Poor Infrastructure | Above Human Tolerance Limit,"NH-75 (Bangalore-Mangalore, Tumkur Rd)",1,0.158,Light,False,50.4,64,0,0
47,"NH-75 (Bangalore-Mangalore, Tumkur Rd) Seg-3",Highway,Aligned,9,9,Aligned,0.9232923325155105,0.9232923325155105,0.0705862045248417,0.006114612685300621,6.85027434720152e-06,53,53,100.0,18.8,21.5,80,62.9,0,2.02,3.302,12.98289606,77.58000076,12.990066666666667,77.57073333333334,"LINESTRING(77.580001 12.982896, 77.570733 12.990067)",70,7.5,No,0,0,0,Good,High,0.61,1.0,0.0,20.7,Safe,SEG-00047,SEG_000000047,73.0,53,17.9,Aligned,52.7,58.2,Separated Traffic,Urban,4,True,Residential,Poor Infrastructure,"NH-75 (Bangalore-Mangalore, Tumkur Rd)",2,0.0,,False,45.3,53,0,0
48,"NH-75 (Bangalore-Mangalore, Tumkur Rd) Seg-4",Highway,Moderate Misalignment,30,30,Moderate Misalignment,0.8787200834529908,0.020339647991715514,0.8787200834529908,0.10050690050439681,0.00043336805089675643,41,41,100.0,52.9,42.9,50,62.6,0,3.3020000000000005,4.953,12.990066666666667,77.57073333333334,12.9993,77.55879999999999,"LINESTRING(77.570733 12.990067, 77.5588 12.9993)",60,39.8,No,0,0,1,Good,Medium,0.58,1.0,0.0,29.0,Moderate Risk,SEG-00048,SEG_000000048,70.2,41,33.9,Moderate Misalignment,41.1,67.7,Side Impact Potential,Urban,4,True,Residential,Above Human Tolerance Limit,"NH-75 (Bangalore-Mangalore, Tumkur Rd)",3,0.0,,False,35.1,41,0,0
49,"NH-75 (Bangalore-Mangalore, Tumkur Rd) Seg-5",Highway,Moderate Misalignment,21,21,Moderate Misalignment,0.5211778122939119,0.4072200606349067,0.5211778122939119,0.07151920083721072,8.292623397068949e-05,60,60,100.0,4.7,20.1,80,90.0,0,4.953,6.604,12.9993,77.55879999999999,13.008533333333332,77.54686666666666,"LINESTRING(77.5588 12.9993, 77.546867 13.008533)",60,5.5,No,0,0,0,Good,High,0.55,1.0,0.0,22.3,Safe,SEG-00049,SEG_000000049,69.4,60,19.3,Aligned,59.8,57.2,Separated Traffic,Urban,6,True,Industrial,Poor Infrastructure,"NH-75 (Bangalore-Mangalore, Tumkur Rd)",4,0.0,,False,53.4,60,0,0
50,"NH-75 (Bangalore-Mangalore, Tumkur Rd) Seg-6",Highway,Moderate Misalignment,29,29,Moderate Misalignment,0.8977526804360886,0.04466806604620777,0.8977526804360886,0.05640569261893538,0.001173560898768361,49,49,100.0,55.3,47.7,50,66.0,0,6.604000000000001,8.255,13.008533333333332,77.54686666666666,13.017766666666668,77.53493333333333,"LINESTRING(77.546867 13.008533, 77.534933 13.017767)",60,54.0,No,0,0,1,Poor,High,0.51,1.0,0.0,30.5,Moderate Risk,SEG-00050,SEG_000000050,69.9,49,35.2,Moderate Misalignment,48.6,60.8,Side Impact Potential,Urban,4,True,Mixed,Above Human Tolerance Limit,"NH-75 (Bangalore-Mangalore, Tumkur Rd)",5,0.17,Light,False,37.3,49,0,0
51,"NH-75 (Bangalore-Mangalore, Tumkur Rd) Seg-7",Highway,Aligned,10,10,Aligned,0.8797462325978712,0.8797462325978712,0.10315829497319816,0.017082702793726163,1.276963520457272e-05,69,69,100.0,65.9,30.1,80,67.5,0,8.255,9.57,13.017766666666668,77.53493333333333,13.02512194,77.52542724,"LINESTRING(77.534933 13.017767, 77.525427 13.025122)",80,25.6,No,0,0,0,Good,Medium,0.44,1.0,0.0,16.9,Safe,SEG-00051,SEG_000000051,84.3,69,14.8,Aligned,69.3,55.7,Separated Traffic,Urban,4,True,Residential,Meets Safe System Standards,"NH-75 (Bangalore-Mangalore, Tumkur Rd)",6,0.0,,False,58.3,69,0,0
52,"NH-75 (Bangalore-Mangalore, Tumkur Rd) Seg-8",Highway,Aligned,11,11,Aligned,0.8035922868985016,0.8035922868985016,0.17941668810581612,0.016979727465812583,1.1297529869701296e-05,58,58,100.0,7.1,22.1,80,54.2,0,9.57,9.906,13.02512194,77.52542724,13.027,77.523,"LINESTRING(77.525427 13.025122, 77.523 13.027)",80,3.7,No,0,0,0,Good,High,0.45,1.0,0.0,22.7,Safe,SEG-00052,SEG_000000052,69.6,58,19.7,Aligned,57.7,66.7,Separated Traffic,Urban,6,True,Commercial,Poor Infrastructure,"NH-75 (Bangalore-Mangalore, Tumkur Rd)",7,0.0,,False,49.4,58,0,0
53,"NH-75 (Bangalore-Mangalore, Tumkur Rd) Seg-9",Highway,Moderate Misalignment,35,35,Moderate Misalignment,0.7172628977786482,0.005020851493432168,0.7172628977786482,0.25454604620386295,0.023170204524056916,50,50,100.0,29.4,24.9,50,95.8,0,9.906,11.609,13.027,77.523,13.03622222222222,77.51044444444445,"LINESTRING(77.523 13.027, 77.510444 13.036222)",60,11.6,No,0,0,0,Poor,Low,0.44,0.77,23.0,31.2,Moderate Risk,SEG-00053,SEG_000000053,58.9,50,44.9,Moderate Misalignment,73.7,61.6,Side Impact Potential,Urban,8,False,Commercial,Poor Infrastructure | Above Human Tolerance Limit,"NH-75 (Bangalore-Mangalore, Tumkur Rd)",8,0.0,,False,62.8,50,0,0
54,"NH-75 (Bangalore-Mangalore, Tumkur Rd) Seg-10",Highway,High Misalignment,45,70,High Misalignment,0.4897225573982502,0.09326350690971139,0.41698153026149587,0.4897225573982502,3.240543054267084e-05,80,75,100.0,10.6,23.3,80,97.7,25,11.609000000000002,13.312,13.03622222222222,77.51044444444445,13.045444444444444,77.49788888888888,"LINESTRING(77.510444 13.036222, 77.497889 13.045444)",90,13.1,No,1,0,0,Poor,Low,0.41,0.79,21.0,41.8,Moderate Risk,SEG-00054,SEG_000000054,45.9,80,52.0,High Misalignment,108.7,52.9,Separated Traffic,Peri-Urban,6,True,Residential,Speed Limit Misaligned | Poor Infrastructure | Above Human Tolerance Limit,"NH-75 (Bangalore-Mangalore, Tumkur Rd)",9,0.0,,False,91.5,75,0,1
55,"NH-75 (Bangalore-Mangalore, Tumkur Rd) Seg-11",Highway,Moderate Misalignment,29,29,Moderate Misalignment,0.771659311307135,0.09020395216038803,0.771659311307135,0.13797026801332726,0.00016646851914974513,50,50,100.0,21.2,21.9,50,72.0,0,13.312,15.015,13.045444444444444,77.49788888888888,13.054666666666666,77.48533333333333,"LINESTRING(77.497889 13.045444, 77.485333 13.054667)",70,13.4,No,0,0,0,Poor,Medium,0.48,1.0,0.0,30.8,Moderate Risk,SEG-00055,SEG_000000055,58.0,50,43.7,Moderate Misalignment,63.8,48.2,Side Impact Potential,Peri-Urban,8,False,Residential,Poor Infrastructure | Above Human Tolerance Limit,"NH-75 (Bangalore-Mangalore, Tumkur Rd)",10,0.0,,False,51.4,50,0,0
56,"NH-75 (Bangalore-Mangalore, Tumkur Rd) Seg-12",Highway,Aligned,13,13,Aligned,0.7670405561049615,0.7670405561049615,0.17915485727157068,0.05375801235833693,4.6574265130903775e-05,58,58,100.0,10.6,18.9,80,84.2,0,15.015,16.718,13.054666666666666,77.48533333333333,13.063888888888888,77.47277777777778,"LINESTRING(77.485333 13.054667, 77.472778 13.063889)",60,5.6,No,0,0,0,Poor,High,0.34,1.0,0.0,20.9,Safe,SEG-00056,SEG_000000056,71.3,58,18.1,Aligned,58.0,52.3,Separated Traffic,Peri-Urban,8,True,Commercial,Poor Infrastructure,"NH-75 (Bangalore-Mangalore, Tumkur Rd)",11,0.0,,False,49.5,58,0,0
57,"NH-75 (Bangalore-Mangalore, Tumkur Rd) Seg-13",Highway,High Misalignment,47,47,High Misalignment,0.7955340376795378,0.015251742047613221,0.18904135560310087,0.7955340376795378,0.00017286466974820322,50,50,100.0,31.8,24.8,50,53.1,0,16.718,18.421,13.063888888888888,77.47277777777778,13.07311111111111,77.46022222222221,"LINESTRING(77.472778 13.063889, 77.460222 13.073111)",80,16.4,No,0,0,0,Poor,Medium,0.33,1.0,0.0,35.5,Moderate Risk,SEG-00057,SEG_000000057,52.6,50,56.3,High Misalignment,58.9,51.8,Side Impact Potential,Peri-Urban,8,False,Mixed,Speed Limit Misaligned | Poor Infrastructure | Above Human Tolerance Limit,"NH-75 (Bangalore-Mangalore, Tumkur Rd)",12,0.0,,False,48.7,50,0,0