segment_id,road_name,road_type,risk_category,road_risk_score,segment_risk_score,ai_risk_label,ai_risk_probability,prob_low_risk,prob_medium_risk,prob_high_risk,prob_critical_risk,ai_recommended_speed,recommended_safe_speed,road_function_score,infrastructure_score,exposure_score,human_tolerance_limit,operating_speed_score,crash_risk_score,start_km,end_km,start_lat,start_lon,end_lat,end_lon,geometry,posted_speed_limit,pedestrian_exposure_score,blackspot_flag,crash_count,fatal_crashes,schools_count,lighting_quality,roadside_hazards,intersection_density,speed_compliance_rate,speed_violation_score,hotspot_score,hotspot_category,human_segment_id,internal_id,speed_safety_score,original_safe_speed,misalignment_score,misalignment_category,speed_p85,ptw_share_pct,exposure_tier,urban_rural_flag,lane_count,median_presence,land_use_type,top_ai_factors,corridor_base,corridor_seq,congestion_index,congestion_category,congestion_smoothed,operating_speed_mean,final_safe_speed,minor_crashes,major_crashes
58,"NH-75 (Bangalore-Mangalore, Tumkur Rd) Seg-14",Highway,High Misalignment,47,47,High Misalignment,0.7983092771715393,0.028098299486957964,0.17299417534505548,0.7983092771715393,0.0005982479964472681,50,50,100.0,30.6,35.1,50,54.9,0,18.421000000000003,20.124,13.07311111111111,77.46022222222221,13.082333333333333,77.44766666666666,"LINESTRING(77.460222 13.073111, 77.447667 13.082333)",80,35.4,No,0,0,1,Poor,Low,0.35,1.0,0.0,39.7,Moderate Risk,SEG-00058,SEG_000000058,50.1,50,60.0,High Misalignment,58.7,57.8,Side Impact Potential,Peri-Urban,7,True,Commercial,Speed Limit Misaligned | Poor Infrastructure | Above Human Tolerance Limit,"NH-75 (Bangalore-Mangalore, Tumkur Rd)",13,0.0,,False,49.9,50,0,0
59,"NH-75 (Bangalore-Mangalore, Tumkur Rd) Seg-15",Highway,Aligned,14,14,Aligned,0.6835158404952808,0.6835158404952808,0.30973703054550167,0.006732634716149217,1.4494243068178785e-05,48,48,100.0,25.9,19.9,80,75.4,0,20.124,21.827,13.082333333333333,77.44766666666666,13.091555555555557,77.43511111111111,"LINESTRING(77.447667 13.082333, 77.435111 13.091556)",60,16.3,No,0,0,0,Good,Medium,0.29,1.0,0.0,19.0,Safe,SEG-00059,SEG_000000059,75.3,48,16.5,Aligned,47.5,36.7,Separated Traffic,Rural,6,True,Residential,Poor Infrastructure,"NH-75 (Bangalore-Mangalore, Tumkur Rd)",14,0.0,,False,43.6,48,0,0
60,"NH-75 (Bangalore-Mangalore, Tumkur Rd) Seg-16",Highway,Aligned,9,9,Aligned,0.9145154869356511,0.9145154869356511,0.08425776827035117,0.0012222420389491266,4.502755048830929e-06,53,53,100.0,0.0,12.8,80,57.3,0,21.827,23.53,13.091555555555557,77.43511111111111,13.100777777777775,77.42255555555555,"LINESTRING(77.435111 13.091556, 77.422556 13.100778)",70,2.8,No,0,0,0,Poor,High,0.26,1.0,0.0,20.2,Safe,SEG-00060,SEG_000000060,69.6,53,17.4,Aligned,53.1,37.5,Separated Traffic,Rural,6,True,Residential,Approach to Congestion (Tapered) | Poor Infrastructure,"NH-75 (Bangalore-Mangalore, Tumkur Rd)",15,0.158,Light,True,41.5,53,0,0
61,"NH-75 (Bangalore-Mangalore, Tumkur Rd) Seg-17",Highway,Aligned,8,8,Aligned,0.946255570267956,0.946255570267956,0.03693965860959391,0.016374933197061788,0.00042983792538838666,80,80,100.0,0.0,16.9,80,17.5,0,23.53,25.233,13.100777777777775,77.42255555555555,13.11,77.41,"LINESTRING(77.422556 13.100778, 77.41 13.11)",80,12.0,No,0,0,0,Poor,Medium,0.25,0.93,7.0,24.0,Safe,SEG-00061,SEG_000000061,65.4,80,24.4,Aligned,85.4,33.9,Separated Traffic,Rural,5,True,Industrial,Active Congestion | Poor Infrastructure,"NH-75 (Bangalore-Mangalore, Tumkur Rd)",16,0.717,Severe,False,25.0,80,0,0
62,"NH-75 (Bangalore-Mangalore, Tumkur Rd) Seg-18",Highway,Moderate Misalignment,24,24,Moderate Misalignment,0.8219211058177153,0.17207086367927815,0.8219211058177153,0.005900776912927893,0.00010725359007867491,79,79,100.0,0.0,11.9,80,95.2,0,25.233,26.937,13.11,77.41,13.117,77.396,"LINESTRING(77.41 13.11, 77.396 13.117)",70,2.3,No,0,0,0,Poor,High,0.24,0.88,12.0,23.4,Safe,SEG-00062,SEG_000000062,64.3,79,26.1,Moderate Misalignment,78.7,35.4,Separated Traffic,Rural,6,True,Residential,Poor Infrastructure,"NH-75 (Bangalore-Mangalore, Tumkur Rd)",17,0.0,,False,66.8,79,0,0
63,"NH-75 (Bangalore-Mangalore, Tumkur Rd) Seg-19",Highway,Aligned,9,9,Aligned,0.9283229507879746,0.9283229507879746,0.053783836145001686,0.01788938341537838,3.829651645454478e-06,55,55,100.0,0.0,12.8,80,69.0,0,26.937,28.641,13.117,77.396,13.124,77.38199999999999,"LINESTRING(77.396 13.117, 77.382 13.124)",70,3.6,No,0,0,0,Good,Low,0.22,1.0,0.0,20.2,Safe,SEG-00063,SEG_000000063,69.6,55,17.4,Aligned,54.7,36.0,Separated Traffic,Rural,5,True,Residential,Approach to Congestion (Tapered) | Poor Infrastructure,"NH-75 (Bangalore-Mangalore, Tumkur Rd)",18,0.0,,True,49.3,55,0,0
64,"NH-75 (Bangalore-Mangalore, Tumkur Rd) Seg-20",Highway,Aligned,10,10,Aligned,0.8795848616264542,0.8795848616264542,0.10730847747499829,0.01310221533068623,4.445567861315777e-06,58,58,100.0,0.0,15.6,80,27.2,0,28.641,30.345,13.124,77.38199999999999,13.131,77.368,"LINESTRING(77.382 13.124, 77.368 13.131)",70,9.5,No,0,0,0,Poor,Medium,0.22,1.0,0.0,21.2,Safe,SEG-00064,SEG_000000064,69.0,58,18.3,Aligned,57.8,36.0,Separated Traffic,Rural,5,True,Residential,Active Congestion | Poor Infrastructure,"NH-75 (Bangalore-Mangalore, Tumkur Rd)",19,0.63,Severe,False,21.5,58,0,0
65,"NH-75 (Bangalore-Mangalore, Tumkur Rd) Seg-21",Highway,Aligned,17,17,Aligned,0.5498325447597842,0.5498325447597842,0.4387809765030457,0.01137920317903898,7.275558131273594e-06,59,59,100.0,0.0,14.7,80,74.7,0,30.345,32.049,13.131,77.368,13.138,77.354,"LINESTRING(77.368 13.131, 77.354 13.138)",70,3.5,No,0,0,0,Good,Medium,0.18,1.0,0.0,20.9,Safe,SEG-00065,SEG_000000065,69.2,59,18.0,Aligned,59.3,43.2,Separated Traffic,Rural,8,True,Residential,Approach to Congestion (Tapered) | Poor Infrastructure,"NH-75 (Bangalore-Mangalore, Tumkur Rd)",20,0.0,,True,53.1,59,0,0
66,"NH-75 (Bangalore-Mangalore, Tumkur Rd) Seg-22",Highway,Moderate Misalignment,22,22,Moderate Misalignment,0.6580278301369819,0.32982623621007967,0.6580278301369819,0.01213817282991407,7.760823024424085e-06,77,77,100.0,0.0,14.4,80,76.6,0,32.049,33.753,13.138,77.354,13.145,77.34,"LINESTRING(77.354 13.138, 77.34 13.145)",70,8.1,No,0,0,0,Poor,Low,0.13,0.89,11.0,23.8,Safe,SEG-00066,SEG_000000066,64.6,77,25.6,Moderate Misalignment,77.4,33.0,Separated Traffic,Rural,4,True,Residential,Active Congestion | Poor Infrastructure,"NH-75 (Bangalore-Mangalore, Tumkur Rd)",21,0.254,Moderate,False,54.4,77,0,0
67,"NH-75 (Bangalore-Mangalore, Tumkur Rd) Seg-23",Highway,Moderate Misalignment,35,60,Moderate Misalignment,0.8408862778186819,0.10461012455387839,0.8408862778186819,0.05440278762603223,0.00010081000140763514,39,34,100.0,0.0,13.5,50,57.4,25,33.753,35.457,13.145,77.34,13.152,77.326,"LINESTRING(77.34 13.145, 77.326 13.152)",60,2.2,No,1,0,0,Poor,High,0.12,1.0,0.0,31.9,Moderate Risk,SEG-00067,SEG_000000067,56.6,39,30.6,Moderate Misalignment,39.2,40.8,Side Impact Potential,Rural,4,False,Industrial,Poor Infrastructure | Above Human Tolerance Limit,"NH-75 (Bangalore-Mangalore, Tumkur Rd)",22,0.0,,False,31.6,34,0,1
68,"NH-75 (Bangalore-Mangalore, Tumkur Rd) Seg-24",Highway,Aligned,10,10,Aligned,0.845784289503787,0.845784289503787,0.1491532622575998,0.0049512960539964505,0.00011115218461675408,62,62,100.0,0.0,11.2,80,89.3,0,35.457,37.161,13.152,77.326,13.159,77.312,"LINESTRING(77.326 13.152, 77.312 13.159)",60,0.6,No,0,0,0,Poor,Medium,0.12,0.96,4.0,20.6,Safe,SEG-00068,SEG_000000068,68.4,62,19.4,Aligned,62.5,36.3,Separated Traffic,Rural,4,True,Industrial,Poor Infrastructure,"NH-75 (Bangalore-Mangalore, Tumkur Rd)",23,0.0,,False,52.9,62,0,0
69,"NH-75 (Bangalore-Mangalore, Tumkur Rd) Seg-25",Highway,Aligned,10,10,Aligned,0.8425798388353873,0.8425798388353873,0.152532675185366,0.004877727983483049,9.757995763610803e-06,41,41,100.0,10.6,18.0,80,57.5,0,37.161,38.865,13.159,77.312,13.166,77.298,"LINESTRING(77.312 13.159, 77.298 13.166)",60,10.1,No,0,0,0,Good,Medium,0.11,1.0,0.0,20.6,Safe,SEG-00069,SEG_000000069,71.4,41,17.8,Aligned,41.4,42.5,Separated Traffic,Rural,8,True,Commercial,Poor Infrastructure,"NH-75 (Bangalore-Mangalore, Tumkur Rd)",24,0.174,Light,False,31.6,41,0,0
70,"NH-75 (Bangalore-Mangalore, Tumkur Rd) Seg-26",Highway,Aligned,15,15,Aligned,0.6651359133105617,0.6651359133105617,0.30763552726703314,0.02701778502312959,0.00021077439927552578,57,57,100.0,0.0,13.6,80,85.1,0,38.865,40.569,13.166,77.298,13.173,77.28399999999999,"LINESTRING(77.298 13.166, 77.284 13.173)",60,0.2,No,0,0,0,Good,High,0.14,1.0,0.0,20.5,Safe,SEG-00070,SEG_000000070,69.4,57,17.7,Aligned,56.9,45.1,Separated Traffic,Rural,7,True,Residential,Poor Infrastructure,"NH-75 (Bangalore-Mangalore, Tumkur Rd)",25,0.0,,False,50.1,57,0,0
71,"NH-75 (Bangalore-Mangalore, Tumkur Rd) Seg-27",Highway,Moderate Misalignment,19,19,Moderate Misalignment,0.5421310378073438,0.45388555627462635,0.5421310378073438,0.003907253219144328,7.615269888537253e-05,73,73,100.0,0.0,13.4,80,92.9,0,40.569,42.273,13.173,77.28399999999999,13.18,77.27,"LINESTRING(77.284 13.173, 77.27 13.18)",70,2.5,No,0,0,0,Poor,Medium,0.1,0.95,5.0,21.7,Safe,SEG-00071,SEG_000000071,67.5,73,20.9,Aligned,73.2,40.2,Separated Traffic,Rural,8,True,Residential,Poor Infrastructure,"NH-75 (Bangalore-Mangalore, Tumkur Rd)",26,0.0,,False,65.3,73,0,0
72,"NH-75 (Bangalore-Mangalore, Tumkur Rd) Seg-28",Highway,Aligned,10,10,Aligned,0.8905748229316587,0.8905748229316587,0.10135327862450269,0.008061042122056498,1.0856321782171339e-05,59,59,100.0,0.0,18.1,80,60.7,0,42.273,44.043,13.18,77.27,13.187272727272727,77.25545454545454,"LINESTRING(77.27 13.18, 77.255455 13.187273)",80,11.5,No,0,0,0,Poor,Medium,0.11,1.0,0.0,22.2,Safe,SEG-00072,SEG_000000072,68.5,59,19.2,Aligned,59.2,40.6,Separated Traffic,Rural,5,True,Industrial,Poor Infrastructure,"NH-75 (Bangalore-Mangalore, Tumkur Rd)",27,0.0,,False,53.8,59,0,0
73,"NH-75 (Bangalore-Mangalore, Tumkur Rd) Seg-29",Highway,Aligned,13,13,Aligned,0.7492212899163099,0.7492212899163099,0.24034240630362738,0.010395013207148116,4.1290572914711175e-05,50,50,100.0,14.1,26.3,80,78.0,0,44.043,45.813,13.187272727272727,77.25545454545454,13.194545454545452,77.24090909090908,"LINESTRING(77.255455 13.187273, 77.240909 13.194545)",60,22.8,No,0,0,1,Poor,Medium,0.13,1.0,0.0,23.2,Safe,SEG-00073,SEG_000000073,70.7,50,20.2,Aligned,50.2,45.7,Separated Traffic,Rural,7,True,Residential,Poor Infrastructure,"NH-75 (Bangalore-Mangalore, Tumkur Rd)",28,0.0,,False,45.4,50,0,0
74,"NH-75 (Bangalore-Mangalore, Tumkur Rd) Seg-30",Highway,Aligned,12,12,Aligned,0.7674993185624064,0.7674993185624064,0.2280172171475394,0.004452880177359249,3.058411269502395e-05,68,68,100.0,10.6,15.3,80,77.4,0,45.813,47.583,13.194545454545452,77.24090909090908,13.20181818181818,77.22636363636363,"LINESTRING(77.240909 13.194545, 77.226364 13.201818)",70,9.8,No,0,0,0,Poor,High,0.12,1.0,0.0,19.5,Safe,SEG-00074,SEG_000000074,72.0,68,16.9,Aligned,67.7,33.1,Separated Traffic,Rural,5,True,Residential,Poor Infrastructure,"NH-75 (Bangalore-Mangalore, Tumkur Rd)",29,0.0,,False,54.9,68,0,0
75,"NH-75 (Bangalore-Mangalore, Tumkur Rd) Seg-31",Highway,Moderate Misalignment,28,28,Moderate Misalignment,0.9787086566959244,0.006763166761491712,0.9787086566959244,0.0145010591288713,2.7117413712509243e-05,80,80,100.0,0.0,14.7,80,99.1,0,47.583,49.353,13.20181818181818,77.22636363636363,13.209090909090907,77.21181818181817,"LINESTRING(77.226364 13.201818, 77.211818 13.209091)",80,8.4,No,0,0,0,Poor,Medium,0.11,0.74,26.0,29.6,Moderate Risk,SEG-00075,SEG_000000075,56.1,80,39.8,Moderate Misalignment,101.0,34.5,Separated Traffic,Rural,6,True,Industrial,Poor Infrastructure,"NH-75 (Bangalore-Mangalore, Tumkur Rd)",30,0.144,Light,False,79.4,80,0,0
76,"NH-75 (Bangalore-Mangalore, Tumkur Rd) Seg-32",Highway,Aligned,14,14,Aligned,0.674833612144989,0.674833612144989,0.31800695460903383,0.007154138489731897,5.294756245324634e-06,66,66,100.0,5.9,14.6,80,68.7,0,49.353,51.123,13.209090909090907,77.21181818181817,13.216363636363637,77.19727272727272,"LINESTRING(77.211818 13.209091, 77.197273 13.216364)",80,8.9,No,0,0,0,Poor,Low,0.14,1.0,0.0,19.9,Safe,SEG-00076,SEG_000000076,70.9,66,17.2,Aligned,65.5,33.8,Separated Traffic,Rural,4,True,Residential,Poor Infrastructure,"NH-75 (Bangalore-Mangalore, Tumkur Rd)",31,0.0,,False,59.1,66,0,0
77,"NH-75 (Bangalore-Mangalore, Tumkur Rd) Seg-33",Highway,Aligned,9,9,Aligned,0.8966381318377403,0.8966381318377403,0.09826157402240154,0.005090111266941108,1.0182872916921355e-05,56,56,100.0,9.4,17.9,80,61.2,0,51.123,52.893,13.216363636363637,77.19727272727272,13.223636363636365,77.18272727272728,"LINESTRING(77.197273 13.216364, 77.182727 13.223636)",70,11.3,No,0,0,0,Poor,Low,0.12,1.0,0.0,20.7,Safe,SEG-00077,SEG_000000077,71.1,56,17.9,Aligned,55.7,39.7,Separated Traffic,Rural,7,True,Industrial,Poor Infrastructure,"NH-75 (Bangalore-Mangalore, Tumkur Rd)",32,0.139,Light,False,44.1,56,0,0
78,"NH-75 (Bangalore-Mangalore, Tumkur Rd) Seg-34",Highway,Aligned,11,11,Aligned,0.8096455006101899,0.8096455006101899,0.18565805301166974,0.004687069798021854,9.376580118390755e-06,55,55,100.0,10.6,17.4,80,56.8,0,52.893,54.663,13.223636363636365,77.18272727272728,13.23090909090909,77.16818181818182,"LINESTRING(77.182727 13.223636, 77.168182 13.230909)",80,8.0,No,0,0,0,Poor,High,0.12,1.0,0.0,20.3,Safe,SEG-00078,SEG_000000078,71.6,55,17.6,Aligned,55.1,44.3,Separated Traffic,Rural,8,True,Residential,Poor Infrastructure,"NH-75 (Bangalore-Mangalore, Tumkur Rd)",33,0.0,,False,51.2,55,0,0
79,"NH-75 (Bangalore-Mangalore, Tumkur Rd) Seg-35",Highway,Moderate Misalignment,24,24,Moderate Misalignment,0.7576317209522144,0.21469273527687444,0.7576317209522144,0.027624542045931115,5.1001724980051715e-05,80,80,100.0,9.4,19.2,80,90.3,0,54.663,56.433,13.23090909090909,77.16818181818182,13.238181818181818,77.15363636363637,"LINESTRING(77.168182 13.230909, 77.153636 13.238182)",80,13.5,No,0,0,0,Good,High,0.1,0.88,12.0,25.3,Moderate Risk,SEG-00079,SEG_000000079,64.7,80,28.6,Moderate Misalignment,89.9,38.1,Separated Traffic,Rural,7,True,Industrial,Approach to Congestion (Tapered) | Poor Infrastructure,"NH-75 (Bangalore-Mangalore, Tumkur Rd)",34,0.0,,True,73.6,80,0,0
80,"NH-75 (Bangalore-Mangalore, Tumkur Rd) Seg-36",Highway,High Misalignment,48,48,High Misalignment,0.8867886503068643,0.10404631553133055,0.00916446679239846,0.8867886503068643,5.673694069210642e-07,80,80,100.0,0.0,12.9,80,24.7,0,56.433,58.203,13.238181818181818,77.15363636363637,13.245454545454546,77.13909090909091,"LINESTRING(77.153636 13.238182, 77.139091 13.245455)",90,1.8,No,0,0,0,Poor,Low,0.14,0.75,25.0,34.7,Moderate Risk,SEG-00080,SEG_000000080,47.8,80,53.6,High Misalignment,112.4,39.8,Separated Traffic,Rural,4,True,Residential,Speed Limit Misaligned | Active Congestion | Poor Infrastructure,"NH-75 (Bangalore-Mangalore, Tumkur Rd)",35,0.638,Severe,False,39.8,80,0,0
81,"NH-75 (Bangalore-Mangalore, Tumkur Rd) Seg-37",Highway,Aligned,12,12,Aligned,0.7804181373863892,0.7804181373863892,0.21180254774514784,0.007768852057757003,1.0462810706114652e-05,80,80,100.0,0.0,17.9,80,64.8,0,58.203,59.973,13.245454545454546,77.13909090909091,13.252727272727272,77.12454545454545,"LINESTRING(77.139091 13.245455, 77.124545 13.252727)",90,8.0,No,0,0,0,Poor,High,0.1,1.0,0.0,27.3,Moderate Risk,SEG-00081,SEG_000000081,60.7,80,32.1,Moderate Misalignment,88.1,45.6,Separated Traffic,Rural,6,True,Residential,Poor Infrastructure | Above Human Tolerance Limit,"NH-75 (Bangalore-Mangalore, Tumkur Rd)",36,0.179,Light,False,66.5,80,0,0
82,"NH-75 (Bangalore-Mangalore, Tumkur Rd) Seg-38",Highway,Aligned,19,19,Aligned,0.49232913346281415,0.49232913346281415,0.4507148952070933,0.056803192833145055,0.00015277849694726834,80,80,100.0,4.7,13.9,80,89.4,0,59.973,61.743,13.252727272727272,77.12454545454545,13.26,77.11,"LINESTRING(77.124545 13.252727, 77.11 13.26)",70,1.7,No,0,0,0,Poor,Medium,0.11,0.69,31.0,28.9,Moderate Risk,SEG-00082,SEG_000000082,57.1,80,39.7,Moderate Misalignment,91.8,43.3,Separated Traffic,Rural,5,True,Residential,Poor Infrastructure,"NH-75 (Bangalore-Mangalore, Tumkur Rd)",37,0.0,,False,77.1,80,0,0
83,NH-948 (Nelamangala Bypass) Seg-1,Highway,Moderate Misalignment,27,27,Moderate Misalignment,0.9418022123703101,0.03943479333010137,0.9418022123703101,0.01871621504267423,4.6779256914307734e-05,67,67,100.0,0.0,15.2,80,94.1,0,0.0,1.627,13.1,77.39,13.099166666666669,77.375,"LINESTRING(77.39 13.1, 77.375 13.099167)",60,4.7,No,0,0,0,Good,Medium,0.25,0.88,12.0,24.0,Safe,SEG-00083,SEG_000000083,64.8,67,25.4,Moderate Misalignment,66.9,42.8,Separated Traffic,Rural,8,True,Residential,Poor Infrastructure,NH-948 (Nelamangala Bypass),0,0.0,,False,56.1,67,0,0
84,NH-948 (Nelamangala Bypass) Seg-2,Highway,Critical Misalignment,69,69,Critical Misalignment,0.9765403845440042,0.00027195672842271,0.022815244408149787,0.0003724143194233676,0.9765403845440042,50,50,100.0,10.6,13.6,50,97.1,0,1.627,3.254,13.099166666666669,77.375,13.098333333333333,77.36,"LINESTRING(77.375 13.099167, 77.36 13.098333)",90,4.0,No,0,0,0,Poor,High,0.23,0.8,20.0,46.9,Moderate Risk,SEG-00084,SEG_000000084,30.3,50,86.4,Critical Misalignment,107.6,37.8,Side Impact Potential,Rural,8,False,Residential,Speed Limit Misaligned | Poor Infrastructure | Above Human Tolerance Limit,NH-948 (Nelamangala Bypass),1,0.0,,False,91.9,50,0,0
85,NH-948 (Nelamangala Bypass) Seg-3,Highway,Aligned,10,10,Aligned,0.8712268791955318,0.8712268791955318,0.12466297953879067,0.004100799176047493,9.342089629979799e-06,54,54,100.0,10.6,17.7,80,74.9,0,3.2540000000000004,4.881,13.098333333333333,77.36,13.0975,77.345,"LINESTRING(77.36 13.098333, 77.345 13.0975)",60,7.5,No,0,0,0,Poor,High,0.2,1.0,0.0,20.4,Safe,SEG-00085,SEG_000000085,71.5,54,17.7,Aligned,54.1,46.0,Separated Traffic,Rural,4,True,Residential,Poor Infrastructure,NH-948 (Nelamangala Bypass),2,0.127,Light,False,43.2,54,0,0
86,NH-948 (Nelamangala Bypass) Seg-4,Highway,Aligned,12,12,Aligned,0.7981892183665319,0.7981892183665319,0.18413274277431632,0.017669638040789137,8.40081836258877e-06,46,46,100.0,7.1,13.9,80,47.9,0,4.881,6.508,13.0975,77.345,13.096666666666668,77.33,"LINESTRING(77.345 13.0975, 77.33 13.096667)",70,7.3,No,0,0,0,Poor,Low,0.17,1.0,0.0,19.5,Safe,SEG-00086,SEG_000000086,71.3,46,16.8,Aligned,46.1,34.0,Separated Traffic,Rural,6,True,Industrial,Poor Infrastructure,NH-948 (Nelamangala Bypass),3,0.17,Light,False,35.3,46,0,0
87,NH-948 (Nelamangala Bypass) Seg-5,Highway,Aligned,9,9,Aligned,0.9318201377463925,0.9318201377463925,0.050290343587207825,0.017873896646250127,1.5622020149398626e-05,48,48,100.0,10.6,13.8,80,74.9,0,6.508,8.135,13.096666666666668,77.33,13.095833333333331,77.315,"LINESTRING(77.33 13.096667, 77.315 13.095833)",60,6.5,No,0,0,0,Good,Low,0.12,1.0,0.0,19.0,Safe,SEG-00087,SEG_000000087,72.3,48,16.4,Aligned,47.9,33.7,Separated Traffic,Rural,8,True,Industrial,Poor Infrastructure,NH-948 (Nelamangala Bypass),4,0.0,,False,43.3,48,0,0
88,NH-948 (Nelamangala Bypass) Seg-6,Highway,Aligned,9,9,Aligned,0.908902891588625,0.908902891588625,0.08285908994588129,0.008226938720136148,1.1079745357442369e-05,64,64,100.0,0.0,18.0,80,58.9,0,8.135,9.762,13.095833333333331,77.315,13.095,77.3,"LINESTRING(77.315 13.095833, 77.3 13.095)",80,9.2,No,0,0,0,Poor,Medium,0.1,1.0,0.0,22.2,Safe,SEG-00088,SEG_000000088,68.5,64,19.2,Aligned,63.6,44.0,Separated Traffic,Rural,8,True,Residential,Poor Infrastructure,NH-948 (Nelamangala Bypass),5,0.0,,False,52.6,64,0,0
89,NH-948 (Nelamangala Bypass) Seg-7,Highway,Moderate Misalignment,24,24,Moderate Misalignment,0.7188736436793786,0.22521029958766076,0.7188736436793786,0.055846394438930906,6.966229402978626e-05,75,75,100.0,0.0,18.1,80,90.8,0,9.762,11.582,13.095,77.3,13.09,77.28399999999999,"LINESTRING(77.3 13.095, 77.284 13.09)",60,8.1,No,0,0,0,Poor,Low,0.12,0.75,25.0,28.6,Moderate Risk,SEG-00089,SEG_000000089,58.9,75,35.1,Moderate Misalignment,75.3,45.6,Separated Traffic,Rural,7,True,Industrial,Poor Infrastructure,NH-948 (Nelamangala Bypass),6,0.0,,False,66.1,75,0,0
90,NH-948 (Nelamangala Bypass) Seg-8,Highway,Moderate Misalignment,27,27,Moderate Misalignment,0.7855809569366957,0.14557353318958072,0.7855809569366957,0.06882538080193379,2.0129071789653273e-05,80,80,100.0,0.0,15.4,80,84.6,0,11.582,13.402,13.09,77.28399999999999,13.085,77.268,"LINESTRING(77.284 13.09, 77.268 13.085)",90,7.1,No,0,0,0,Poor,Medium,0.1,1.0,0.0,26.3,Moderate Risk,SEG-00090,SEG_000000090,61.3,80,31.2,Moderate Misalignment,88.1,39.0,Separated Traffic,Rural,7,True,Commercial,Poor Infrastructure | Above Human Tolerance Limit,NH-948 (Nelamangala Bypass),7,0.0,,False,79.7,80,0,0
91,NH-948 (Nelamangala Bypass) Seg-9,Highway,Aligned,15,15,Aligned,0.6948619708266914,0.6948619708266914,0.26018603610515517,0.0449414770300445,1.0516038108884179e-05,62,62,100.0,0.0,13.9,80,53.5,0,13.402,15.222,13.085,77.268,13.08,77.252,"LINESTRING(77.268 13.085, 77.252 13.08)",80,0.1,No,0,0,0,Poor,Medium,0.14,1.0,0.0,20.6,Safe,SEG-00091,SEG_000000091,69.3,62,17.8,Aligned,61.9,46.3,Separated Traffic,Rural,4,True,Residential,Poor Infrastructure,NH-948 (Nelamangala Bypass),8,0.146,Light,False,49.0,62,0,0
92,NH-948 (Nelamangala Bypass) Seg-10,Highway,Aligned,17,17,Aligned,0.5347950285437265,0.5347950285437265,0.4497890129368362,0.015379709341631555,3.6249177805619564e-05,46,46,100.0,10.6,16.3,80,48.0,0,15.222,17.042,13.08,77.252,13.075,77.236,"LINESTRING(77.252 13.08, 77.236 13.075)",70,5.5,No,0,0,0,Poor,Medium,0.1,1.0,0.0,19.9,Safe,SEG-00092,SEG_000000092,71.8,46,17.2,Aligned,45.9,43.9,Separated Traffic,Rural,7,True,Residential,Poor Infrastructure,NH-948 (Nelamangala Bypass),9,0.173,Light,False,35.3,46,0,0
93,NH-948 (Nelamangala Bypass) Seg-11,Highway,Aligned,12,12,Aligned,0.7758463151681014,0.7758463151681014,0.2098444861947911,0.014302393997293269,6.80463981417179e-06,41,41,100.0,0.0,16.3,80,57.8,0,17.042,18.862,13.075,77.236,13.07,77.22,"LINESTRING(77.236 13.075, 77.22 13.07)",60,4.6,No,0,0,0,Poor,High,0.11,1.0,0.0,21.5,Safe,SEG-00093,SEG_000000093,68.8,41,18.6,Aligned,41.3,45.6,Separated Traffic,Rural,6,True,Residential,Poor Infrastructure,NH-948 (Nelamangala Bypass),10,0.163,Light,False,31.9,41,0,0
310,Outer Ring Road (ORR) Seg-1,Arterial,Aligned,18,18,Aligned,0.510663949695701,0.510663949695701,0.4800821051176722,0.009183667103215637,7.027808341113272e-05,42,42,85.5,35.3,29.0,50,94.8,0,0.0,0.45,13.045,77.595,13.04346153846154,77.59884615384615,"LINESTRING(77.595 13.045, 77.598846 13.043462)",40,19.3,No,0,0,0,Poor,Low,1.63,0.96,4.0,21.8,Safe,SEG-00310,SEG_000000310,74.9,42,20.2,Aligned,41.7,62.6,Side Impact Potential,Urban,5,True,Industrial,Meets Safe System Standards,Outer Ring Road (ORR),0,0.0,,False,36.5,42,0,0
311,Outer Ring Road (ORR) Seg-2,Arterial,Aligned,8,8,Aligned,0.9429479937640057,0.9429479937640057,0.05610146421384402,0.000905539119133776,4.5002903016545614e-05,27,27,88.0,30.6,38.0,50,69.4,0,0.45,0.9,13.04346153846154,77.59884615384615,13.041923076923077,77.60269230769231,"LINESTRING(77.598846 13.043462, 77.602692 13.041923)",40,33.9,No,0,0,1,Poor,Low,1.81,1.0,0.0,25.3,Moderate Risk,SEG-00311,SEG_000000311,72.9,27,22.1,Aligned,26.6,68.4,Side Impact Potential,Urban,6,True,Residential,Poor Infrastructure,Outer Ring Road (ORR),1,0.212,Light,False,19.6,27,0,0
312,Outer Ring Road (ORR) Seg-3,Arterial,Aligned,8,8,Aligned,0.9527653065277396,0.9527653065277396,0.04538998377945362,0.0018087085355019952,3.600115730478015e-05,40,40,80.0,25.9,31.3,50,66.9,0,0.9000000000000001,1.35,13.041923076923077,77.60269230769231,13.040384615384616,77.60653846153846,"LINESTRING(77.602692 13.041923, 77.606538 13.040385)",50,20.1,No,0,0,0,Good,Low,2.14,1.0,0.0,23.4,Safe,SEG-00312,SEG_000000312,72.9,40,20.4,Aligned,39.5,66.0,Side Impact Potential,Urban,6,False,Residential,Poor Infrastructure,Outer Ring Road (ORR),2,0.243,Light,False,28.0,40,0,0