segment_id,road_name,road_type,risk_category,road_risk_score,segment_risk_score,ai_risk_label,ai_risk_probability,prob_low_risk,prob_medium_risk,prob_high_risk,prob_critical_risk,ai_recommended_speed,recommended_safe_speed,road_function_score,infrastructure_score,exposure_score,human_tolerance_limit,operating_speed_score,crash_risk_score,start_km,end_km,start_lat,start_lon,end_lat,end_lon,geometry,posted_speed_limit,pedestrian_exposure_score,blackspot_flag,crash_count,fatal_crashes,schools_count,lighting_quality,roadside_hazards,intersection_density,speed_compliance_rate,speed_violation_score,hotspot_score,hotspot_category,human_segment_id,internal_id,speed_safety_score,original_safe_speed,misalignment_score,misalignment_category,speed_p85,ptw_share_pct,exposure_tier,urban_rural_flag,lane_count,median_presence,land_use_type,top_ai_factors,corridor_base,corridor_seq,congestion_index,congestion_category,congestion_smoothed,operating_speed_mean,final_safe_speed,minor_crashes,major_crashes
313,Outer Ring Road (ORR) Seg-4,Arterial,Moderate Misalignment,19,19,Moderate Misalignment,0.5607441987367341,0.43408458520929727,0.5607441987367341,0.005075281771630002,9.593428233860918e-05,50,50,80.5,37.6,34.2,50,93.7,0,1.35,1.8,13.040384615384616,77.60653846153846,13.038846153846151,77.61038461538462,"LINESTRING(77.606538 13.040385, 77.610385 13.038846)",50,28.8,No,0,0,0,Good,Low,1.88,0.73,27.0,28.3,Moderate Risk,SEG-00313,SEG_000000313,67.3,50,33.7,Moderate Misalignment,63.3,60.8,Side Impact Potential,Urban,3,True,Commercial,Meets Safe System Standards,Outer Ring Road (ORR),3,0.0,,False,54.2,50,0,0
314,Outer Ring Road (ORR) Seg-5,Arterial,Aligned,8,8,Aligned,0.9671002340542642,0.9671002340542642,0.0321450671411714,0.0007498550439303134,4.843760634173643e-06,35,35,80.5,9.4,22.5,50,80.4,0,1.8,2.25,13.038846153846151,77.61038461538462,13.037307692307692,77.61423076923077,"LINESTRING(77.610385 13.038846, 77.614231 13.037308)",40,4.8,No,0,0,0,Good,Low,1.82,1.0,0.0,22.5,Safe,SEG-00314,SEG_000000314,70.2,35,19.5,Aligned,35.1,66.1,Side Impact Potential,Urban,3,True,Commercial,Approach to Congestion (Tapered) | Poor Infrastructure,Outer Ring Road (ORR),4,0.174,Light,True,27.0,35,0,0
315,Outer Ring Road (ORR) Seg-6,Arterial,Aligned,9,9,Aligned,0.9110206305981026,0.9110206305981026,0.0863848715921249,0.0025590204783664454,3.547733140590748e-05,48,48,85.5,42.4,39.8,50,52.8,0,2.25,2.7,13.037307692307692,77.61423076923077,13.035769230769231,77.61807692307693,"LINESTRING(77.614231 13.037308, 77.618077 13.035769)",50,37.8,No,0,0,1,Good,Low,2.02,1.0,0.0,24.2,Safe,SEG-00315,SEG_000000315,75.8,48,21.2,Aligned,48.1,61.1,Side Impact Potential,Urban,5,True,Mixed,Active Congestion,Outer Ring Road (ORR),5,0.607,Severe,False,18.6,48,0,0
316,Outer Ring Road (ORR) Seg-7,Arterial,Aligned,8,8,Aligned,0.9600704607137952,0.9600704607137952,0.03878863405102562,0.0011274577942959661,1.3447440883072941e-05,38,38,80.5,24.7,30.4,50,69.4,0,2.7,3.15,13.035769230769231,77.61807692307693,13.034230769230769,77.62192307692307,"LINESTRING(77.618077 13.035769, 77.621923 13.034231)",50,19.7,No,0,0,1,Good,Low,1.68,1.0,0.0,23.2,Safe,SEG-00316,SEG_000000316,72.8,38,20.3,Aligned,37.9,66.6,Side Impact Potential,Urban,3,True,Residential,Poor Infrastructure,Outer Ring Road (ORR),6,0.155,Light,False,29.6,38,0,0
317,Outer Ring Road (ORR) Seg-8,Arterial,Moderate Misalignment,28,28,Moderate Misalignment,0.9656467272875982,0.019168460448315744,0.9656467272875982,0.014434189154264008,0.000750623109822303,30,30,85.5,83.5,60.6,30,89.6,0,3.15,3.6,13.034230769230769,77.62192307692307,13.032692307692308,77.62576923076922,"LINESTRING(77.621923 13.034231, 77.625769 13.032692)",40,84.2,No,0,0,2,Good,Medium,2.06,0.98,2.0,31.6,Moderate Risk,SEG-00317,SEG_000000317,74.5,30,37.0,Moderate Misalignment,40.9,60.8,Significant Pedestrian Interaction,Urban,5,True,Residential,High Pedestrian Interaction | Approach to Congestion (Tapered) | Above Human Tolerance Limit,Outer Ring Road (ORR),7,0.0,,True,33.0,30,0,0
318,Outer Ring Road (ORR) Seg-9,Arterial,Moderate Misalignment,32,42,Moderate Misalignment,0.9486439266270101,0.0051293570953857195,0.9486439266270101,0.0457872842299882,0.0004394320476158156,30,28,72.5,35.3,45.6,30,39.6,10,3.6,4.05,13.032692307692308,77.62576923076922,13.031153846153847,77.62961538461538,"LINESTRING(77.625769 13.032692, 77.629615 13.031154)",50,53.7,No,1,0,1,Good,Medium,1.47,1.0,0.0,40.4,Moderate Risk,SEG-00318,SEG_000000318,55.0,30,50.1,High Misalignment,36.6,56.6,Significant Pedestrian Interaction,Urban,3,False,Commercial,Speed Limit Misaligned | High Pedestrian Interaction | Active Congestion,Outer Ring Road (ORR),8,0.755,Severe,False,9.7,28,1,0
319,Outer Ring Road (ORR) Seg-10,Arterial,Moderate Misalignment,29,29,Moderate Misalignment,0.8854195321209161,0.03782821966189318,0.8854195321209161,0.0766566127827671,9.563543442353611e-05,30,30,78.0,67.1,49.4,30,85.1,0,4.05,4.5,13.031153846153847,77.62961538461538,13.029615384615385,77.63346153846153,"LINESTRING(77.629615 13.031154, 77.633462 13.029615)",40,62.9,No,0,0,2,Good,Medium,1.62,0.67,33.0,34.8,Moderate Risk,SEG-00319,SEG_000000319,64.7,30,47.9,Moderate Misalignment,53.1,56.5,Significant Pedestrian Interaction,Urban,2,True,Commercial,High Pedestrian Interaction | Above Human Tolerance Limit,Outer Ring Road (ORR),9,0.0,,False,49.9,30,0,0
320,Outer Ring Road (ORR) Seg-11,Arterial,Moderate Misalignment,23,23,Moderate Misalignment,0.7768011254110603,0.22126333496362033,0.7768011254110603,0.001924033754876522,1.150587044292881e-05,58,58,78.0,10.6,19.4,70,94.6,0,4.5,4.95,13.029615384615385,77.63346153846153,13.028076923076924,77.63730769230769,"LINESTRING(77.633462 13.029615, 77.637308 13.028077)",50,5.1,No,0,0,0,Good,High,1.58,0.83,17.0,24.6,Safe,SEG-00320,SEG_000000320,65.9,58,27.0,Moderate Misalignment,58.4,55.1,Separated Traffic,Urban,2,True,Mixed,Poor Infrastructure,Outer Ring Road (ORR),10,0.143,Light,False,46.4,58,0,0
321,Outer Ring Road (ORR) Seg-12,Arterial,Aligned,7,7,Aligned,0.9853398189221012,0.9853398189221012,0.013990344577007858,0.0006483859782981453,2.145052259271105e-05,29,29,75.0,43.5,32.5,50,77.5,0,4.95,5.4,13.028076923076924,77.63730769230769,13.02653846153846,77.64115384615384,"LINESTRING(77.637308 13.028077, 77.641154 13.026538)",40,28.3,No,0,0,0,Good,Low,1.63,1.0,0.0,21.2,Safe,SEG-00321,SEG_000000321,77.6,29,18.5,Aligned,28.8,58.8,Side Impact Potential,Urban,4,False,Commercial,Meets Safe System Standards,Outer Ring Road (ORR),11,0.0,,False,25.0,29,0,0
322,Outer Ring Road (ORR) Seg-13,Arterial,Aligned,17,17,Aligned,0.523704682465991,0.523704682465991,0.47127845619520686,0.004978753618249403,3.8107720552764515e-05,50,50,80.5,32.9,27.1,50,92.7,0,5.4,5.8500000000000005,13.02653846153846,77.64115384615384,13.025,77.645,"LINESTRING(77.641154 13.026538, 77.645 13.025)",40,13.5,No,0,0,0,Good,High,2.12,0.68,32.0,26.0,Moderate Risk,SEG-00322,SEG_000000322,67.7,50,31.4,Moderate Misalignment,52.9,64.8,Side Impact Potential,Urban,3,True,Residential,Poor Infrastructure,Outer Ring Road (ORR),12,0.0,,False,44.9,50,0,0
323,Outer Ring Road (ORR) Seg-14,Arterial,Moderate Misalignment,29,29,Moderate Misalignment,0.8684148829182707,0.056919754633877426,0.8684148829182707,0.07454996252213582,0.00011539992571613112,30,30,80.5,24.7,40.9,30,67.6,0,5.85,6.295,13.025,77.645,13.022666666666668,77.64833333333333,"LINESTRING(77.645 13.025, 77.648333 13.022667)",50,43.9,No,0,0,1,Good,Low,1.45,1.0,0.0,37.7,Moderate Risk,SEG-00323,SEG_000000323,55.1,30,49.8,Moderate Misalignment,40.2,58.6,Significant Pedestrian Interaction,Urban,3,True,Residential,High Pedestrian Interaction | Poor Infrastructure | Above Human Tolerance Limit,Outer Ring Road (ORR),13,0.242,Light,False,28.4,30,0,0
324,Outer Ring Road (ORR) Seg-15,Arterial,Aligned,8,8,Aligned,0.9379775357620755,0.9379775357620755,0.05942850944920298,0.0024778955939996584,0.00011605919472172931,40,40,80.0,44.7,47.3,50,71.8,0,6.295,6.74,13.022666666666668,77.64833333333333,13.020333333333332,77.65166666666666,"LINESTRING(77.648333 13.022667, 77.651667 13.020333)",50,51.5,No,0,0,2,Poor,Medium,1.64,1.0,0.0,26.8,Moderate Risk,SEG-00324,SEG_000000324,74.8,40,23.5,Aligned,39.7,63.3,Side Impact Potential,Urban,6,False,Mixed,Meets Safe System Standards,Outer Ring Road (ORR),14,0.147,Light,False,31.2,40,0,0
325,Outer Ring Road (ORR) Seg-16,Arterial,Aligned,10,10,Aligned,0.8534028750654807,0.8534028750654807,0.14168146568147938,0.004882798740100835,3.286051293901445e-05,37,37,80.0,28.2,26.9,50,90.5,0,6.74,7.1850000000000005,13.020333333333332,77.65166666666666,13.018,77.655,"LINESTRING(77.651667 13.020333, 77.655 13.018)",40,18.9,No,0,0,0,Good,Low,1.83,1.0,0.0,21.3,Safe,SEG-00325,SEG_000000325,74.5,37,18.6,Aligned,36.7,56.8,Side Impact Potential,Urban,6,False,Industrial,Poor Infrastructure,Outer Ring Road (ORR),15,0.0,,False,33.7,37,0,0
326,Outer Ring Road (ORR) Seg-17,Arterial,Moderate Misalignment,20,20,Moderate Misalignment,0.5759049500557384,0.4123349654182419,0.5759049500557384,0.011588930623963411,0.0001711539020561738,44,44,80.0,35.3,33.8,50,99.3,0,7.185,7.63,13.018,77.655,13.015666666666666,77.65833333333333,"LINESTRING(77.655 13.018, 77.658333 13.015667)",40,29.6,No,0,0,0,Good,Medium,1.92,0.9,10.0,24.6,Safe,SEG-00326,SEG_000000326,72.6,44,24.1,Aligned,43.9,57.6,Side Impact Potential,Urban,6,False,Mixed,Meets Safe System Standards,Outer Ring Road (ORR),16,0.0,,False,39.6,44,0,0
327,Outer Ring Road (ORR) Seg-18,Arterial,Aligned,9,9,Aligned,0.918874996327051,0.918874996327051,0.07902868783822699,0.002086219476172042,1.009635854989983e-05,50,50,83.0,84.7,41.8,50,73.3,0,7.629999999999999,8.075,13.015666666666666,77.65833333333333,13.013333333333334,77.66166666666666,"LINESTRING(77.658333 13.015667, 77.661667 13.013333)",60,42.2,No,0,0,0,Good,Medium,1.96,1.0,0.0,23.7,Safe,SEG-00327,SEG_000000327,79.3,50,29.4,Moderate Misalignment,50.4,64.8,Side Impact Potential,Urban,4,True,Commercial,Above Human Tolerance Limit,Outer Ring Road (ORR),17,0.0,,False,42.2,50,0,0
328,Outer Ring Road (ORR) Seg-19,Arterial,Moderate Misalignment,32,32,Moderate Misalignment,0.8328819323145029,0.0028367177818623968,0.8328819323145029,0.16391293447994967,0.0003684154236850414,30,30,78.0,51.8,52.0,30,96.7,0,8.075,8.52,13.013333333333334,77.66166666666666,13.011,77.66499999999999,"LINESTRING(77.661667 13.013333, 77.665 13.011)",40,61.0,No,0,0,1,Good,High,1.68,0.84,16.0,35.3,Moderate Risk,SEG-00328,SEG_000000328,64.1,30,43.7,Moderate Misalignment,46.3,68.9,Significant Pedestrian Interaction,Urban,2,True,Residential,High Pedestrian Interaction | Above Human Tolerance Limit,Outer Ring Road (ORR),18,0.0,,False,37.8,30,0,0
329,Outer Ring Road (ORR) Seg-20,Arterial,Aligned,8,8,Aligned,0.9759597899063689,0.9759597899063689,0.02304770654120146,0.0009606135260991207,3.189002633059227e-05,41,41,85.5,31.8,31.8,70,77.6,0,8.52,8.965,13.011,77.66499999999999,13.008666666666668,77.66833333333332,"LINESTRING(77.665 13.011, 77.668333 13.008667)",50,21.4,No,0,0,0,Good,Low,1.55,1.0,0.0,22.7,Safe,SEG-00329,SEG_000000329,74.5,41,19.8,Aligned,40.7,66.3,Separated Traffic,Urban,5,True,Mixed,Poor Infrastructure,Outer Ring Road (ORR),19,0.0,,False,35.1,41,0,0
330,Outer Ring Road (ORR) Seg-21,Arterial,Aligned,9,9,Aligned,0.9023109937762414,0.9023109937762414,0.09288379760129001,0.004633254474257401,0.0001719541482113364,38,38,85.5,24.7,46.0,50,71.3,0,8.965,9.41,13.008666666666668,77.66833333333332,13.006333333333334,77.67166666666667,"LINESTRING(77.668333 13.008667, 77.671667 13.006333)",50,48.1,No,0,0,1,Good,Low,1.98,1.0,0.0,29.3,Moderate Risk,SEG-00330,SEG_000000330,69.6,38,25.6,Moderate Misalignment,37.9,65.1,Side Impact Potential,Urban,5,True,Mixed,Approach to Congestion (Tapered) | Poor Infrastructure,Outer Ring Road (ORR),20,0.0,,True,30.8,38,0,0
331,Outer Ring Road (ORR) Seg-22,Arterial,Moderate Misalignment,29,29,Moderate Misalignment,0.810407138766147,0.08361534245914475,0.810407138766147,0.10588312570599567,9.439306871246348e-05,30,30,88.0,20.0,36.9,30,47.5,0,9.41,9.855,13.006333333333334,77.67166666666667,13.004,77.675,"LINESTRING(77.671667 13.006333, 77.675 13.004)",50,36.8,No,0,0,1,Poor,High,1.46,1.0,0.0,36.8,Moderate Risk,SEG-00331,SEG_000000331,54.6,30,49.0,Moderate Misalignment,41.3,56.9,Significant Pedestrian Interaction,Urban,6,True,Residential,High Pedestrian Interaction | Active Congestion | Poor Infrastructure,Outer Ring Road (ORR),21,0.627,Severe,False,15.0,30,0,0
332,Outer Ring Road (ORR) Seg-23,Arterial,Aligned,8,8,Aligned,0.9581193220979219,0.9581193220979219,0.04127406055355293,0.000568070942090669,3.8546406434294064e-05,35,35,83.0,34.1,38.9,50,80.0,0,9.855,10.3,13.004,77.675,13.001666666666669,77.67833333333333,"LINESTRING(77.675 13.004, 77.678333 13.001667)",40,39.4,No,0,0,1,Good,Medium,1.41,1.0,0.0,25.1,Moderate Risk,SEG-00332,SEG_000000332,73.6,35,22.0,Aligned,34.8,58.3,Side Impact Potential,Urban,4,True,Commercial,Poor Infrastructure,Outer Ring Road (ORR),22,0.176,Light,False,26.7,35,0,0
333,Outer Ring Road (ORR) Seg-24,Arterial,Aligned,8,8,Aligned,0.9461043816803747,0.9461043816803747,0.051738626701728435,0.002137566572746289,1.9425045150616232e-05,39,39,70.0,31.8,27.7,50,90.6,0,10.3,10.745,13.001666666666669,77.67833333333333,12.999333333333334,77.68166666666666,"LINESTRING(77.678333 13.001667, 77.681667 12.999333)",40,14.1,No,0,0,0,Good,Medium,1.52,1.0,0.0,21.1,Safe,SEG-00333,SEG_000000333,75.3,39,18.4,Aligned,39.4,68.4,Side Impact Potential,Urban,2,False,Commercial,Poor Infrastructure,Outer Ring Road (ORR),23,0.0,,False,33.7,39,0,0
334,Outer Ring Road (ORR) Seg-25,Arterial,Aligned,10,10,Aligned,0.8344023913259858,0.8344023913259858,0.15907346636282063,0.0065067949545705535,1.7347356623001002e-05,37,37,83.0,18.8,24.2,50,85.0,0,10.745,11.19,12.999333333333334,77.68166666666666,12.997,77.68499999999999,"LINESTRING(77.681667 12.999333, 77.685 12.997)",40,11.1,No,0,0,0,Good,Medium,1.68,1.0,0.0,21.7,Safe,SEG-00334,SEG_000000334,72.4,37,18.9,Aligned,37.4,59.5,Side Impact Potential,Urban,4,True,Commercial,Poor Infrastructure,Outer Ring Road (ORR),24,0.0,,False,30.0,37,0,0
335,Outer Ring Road (ORR) Seg-26,Arterial,Aligned,8,8,Aligned,0.9372292732372747,0.9372292732372747,0.06086148673678026,0.0018929760568251418,1.626396912004468e-05,40,40,83.0,20.0,30.3,50,65.8,0,11.19,11.635,12.997,77.68499999999999,12.994666666666667,77.68833333333333,"LINESTRING(77.685 12.997, 77.688333 12.994667)",60,22.9,No,0,0,0,Poor,Medium,1.96,1.0,0.0,29.1,Moderate Risk,SEG-00335,SEG_000000335,63.7,40,33.8,Moderate Misalignment,40.4,61.5,Side Impact Potential,Peri-Urban,4,True,Industrial,Poor Infrastructure | Above Human Tolerance Limit,Outer Ring Road (ORR),25,0.0,,False,37.2,40,0,0
336,Outer Ring Road (ORR) Seg-27,Arterial,Aligned,8,8,Aligned,0.979152780503102,0.979152780503102,0.019460256617437933,0.0013575036106756144,2.945926878430587e-05,50,50,77.5,20.0,36.2,50,84.2,0,11.635,12.08,12.994666666666667,77.68833333333333,12.992333333333333,77.69166666666666,"LINESTRING(77.688333 12.994667, 77.691667 12.992333)",50,39.4,No,0,0,1,Poor,High,1.8,0.69,31.0,32.5,Moderate Risk,SEG-00336,SEG_000000336,60.8,50,38.7,Moderate Misalignment,65.3,49.9,Side Impact Potential,Peri-Urban,5,False,Industrial,Poor Infrastructure,Outer Ring Road (ORR),26,0.0,,False,60.5,50,0,0
337,Outer Ring Road (ORR) Seg-28,Arterial,Moderate Misalignment,28,28,Moderate Misalignment,0.8961572705221399,0.061445943948552954,0.8961572705221399,0.042273232926380175,0.00012355260292706136,27,27,80.5,32.9,41.4,30,74.7,0,12.08,12.525,12.992333333333333,77.69166666666666,12.99,77.695,"LINESTRING(77.691667 12.992333, 77.695 12.99)",40,48.9,No,0,0,1,Poor,Low,1.68,1.0,0.0,31.5,Moderate Risk,SEG-00337,SEG_000000337,65.0,27,36.0,Moderate Misalignment,27.3,51.7,Significant Pedestrian Interaction,Peri-Urban,3,True,Industrial,High Pedestrian Interaction | Poor Infrastructure | Above Human Tolerance Limit,Outer Ring Road (ORR),27,0.0,,False,23.1,27,0,0
338,Outer Ring Road (ORR) Seg-29,Arterial,Aligned,15,15,Aligned,0.6549509243795274,0.6549509243795274,0.33106893958923195,0.013937343781237375,4.2792250003333824e-05,35,35,80.5,0.0,24.4,50,84.9,0,12.525,12.962,12.99,77.695,12.986071428571428,77.695,"LINESTRING(77.695 12.99, 77.695 12.986071)",40,13.0,No,0,0,0,Poor,Medium,1.63,1.0,0.0,24.7,Safe,SEG-00338,SEG_000000338,67.2,35,21.4,Aligned,34.7,56.9,Side Impact Potential,Peri-Urban,3,True,Mixed,Poor Infrastructure,Outer Ring Road (ORR),28,0.0,,False,29.9,35,0,0
339,Outer Ring Road (ORR) Seg-30,Arterial,High Misalignment,56,100,High Misalignment,0.6097007237268824,0.13538976127194233,0.25479591371265853,0.6097007237268824,0.0001136012885166434,30,20,78.0,38.8,39.1,30,89.8,55,12.962000000000002,13.399,12.986071428571428,77.695,12.982142857142858,77.695,"LINESTRING(77.695 12.986071, 77.695 12.982143)",50,47.3,Yes,2,1,1,Poor,High,1.75,0.9,10.0,50.7,High Risk,SEG-00339,SEG_000000339,45.1,30,52.7,High Misalignment,55.2,51.2,Significant Pedestrian Interaction,Peri-Urban,2,True,Mixed,Speed Limit Misaligned | High Pedestrian Interaction | Above Human Tolerance Limit,Outer Ring Road (ORR),29,0.149,Light,False,43.2,20,1,0
340,Outer Ring Road (ORR) Seg-31,Arterial,Aligned,42,100,Aligned,0.6479770687639573,0.6479770687639573,0.3458305575836598,0.006154651827360096,3.7721825022696685e-05,50,32,80.0,25.9,26.3,50,84.9,90,13.399,13.836,12.982142857142858,77.695,12.978214285714284,77.695,"LINESTRING(77.695 12.982143, 77.695 12.978214)",60,21.8,Yes,2,2,0,Good,Low,1.71,1.0,0.0,49.1,Moderate Risk,SEG-00340,SEG_000000340,48.2,50,31.6,Moderate Misalignment,53.7,49.0,Side Impact Potential,Peri-Urban,6,False,Residential,Approach to Congestion (Tapered) | Poor Infrastructure | Above Human Tolerance Limit,Outer Ring Road (ORR),30,0.0,,True,49.9,41,0,0
341,Outer Ring Road (ORR) Seg-32,Arterial,Aligned,9,9,Aligned,0.907100142590294,0.907100142590294,0.08176037251846985,0.011119244149591125,2.0240741645045323e-05,28,28,77.5,5.9,25.1,50,53.6,0,13.836,14.273,12.978214285714284,77.695,12.974285714285717,77.695,"LINESTRING(77.695 12.978214, 77.695 12.974286)",40,14.1,No,0,0,0,Good,Medium,1.52,1.0,0.0,24.0,Safe,SEG-00341,SEG_000000341,68.6,28,20.9,Aligned,27.7,57.2,Side Impact Potential,Peri-Urban,5,False,Residential,Active Congestion | Poor Infrastructure,Outer Ring Road (ORR),31,0.672,Severe,False,9.1,28,0,0
342,Outer Ring Road (ORR) Seg-33,Arterial,Aligned,8,8,Aligned,0.9691052535786064,0.9691052535786064,0.030019643419864878,0.0008652662067819775,9.83679474671799e-06,40,40,75.0,14.1,24.8,50,78.0,0,14.273,14.71,12.974285714285717,77.695,12.970357142857145,77.695,"LINESTRING(77.695 12.974286, 77.695 12.970357)",50,16.8,No,0,0,1,Good,High,1.37,1.0,0.0,22.7,Safe,SEG-00342,SEG_000000342,71.0,40,19.7,Aligned,39.9,50.8,Side Impact Potential,Peri-Urban,4,False,Industrial,Approach to Congestion (Tapered) | Poor Infrastructure,Outer Ring Road (ORR),32,0.0,,True,35.3,40,0,0
343,Outer Ring Road (ORR) Seg-34,Arterial,Aligned,8,8,Aligned,0.9264711009893266,0.9264711009893266,0.06853552743904337,0.004990338087092611,3.0334845375365314e-06,36,36,72.5,0.0,21.6,50,36.6,0,14.71,15.147,12.970357142857145,77.695,12.966428571428573,77.695,"LINESTRING(77.695 12.970357, 77.695 12.966429)",50,11.9,No,0,0,0,Poor,Low,1.44,1.0,0.0,23.6,Safe,SEG-00343,SEG_000000343,67.8,36,20.4,Aligned,35.9,51.9,Side Impact Potential,Peri-Urban,3,False,Industrial,Active Congestion | Poor Infrastructure,Outer Ring Road (ORR),33,0.803,Severe,False,7.7,36,0,0
344,Outer Ring Road (ORR) Seg-35,Arterial,Aligned,13,13,Aligned,0.7103369296273823,0.7103369296273823,0.28022606157539554,0.00937021325845303,6.679553876923372e-05,35,35,85.5,24.7,27.7,50,84.9,0,15.147,15.584,12.966428571428573,77.695,12.9625,77.695,"LINESTRING(77.695 12.966429, 77.695 12.9625)",40,23.7,No,0,0,1,Good,Low,1.81,1.0,0.0,22.2,Safe,SEG-00344,SEG_000000344,73.4,35,19.3,Aligned,35.2,49.1,Side Impact Potential,Peri-Urban,5,True,Commercial,Poor Infrastructure,Outer Ring Road (ORR),34,0.0,,False,29.9,35,0,0
345,Outer Ring Road (ORR) Seg-36,Arterial,Aligned,8,8,Aligned,0.9674578634232477,0.9674578634232477,0.030064653172351356,0.0024599476743463974,1.753573005436787e-05,36,36,83.0,21.2,29.4,50,83.0,0,15.584,16.021,12.9625,77.695,12.958571428571428,77.695,"LINESTRING(77.695 12.9625, 77.695 12.958571)",40,23.4,No,0,0,0,Good,Medium,1.72,1.0,0.0,23.4,Safe,SEG-00345,SEG_000000345,72.0,36,20.4,Aligned,35.9,57.9,Side Impact Potential,Peri-Urban,4,True,Commercial,Approach to Congestion (Tapered) | Poor Infrastructure,Outer Ring Road (ORR),35,0.134,Light,True,28.7,36,0,0
346,Outer Ring Road (ORR) Seg-37,Arterial,Aligned,10,10,Aligned,0.8850794640952178,0.8850794640952178,0.10825774709048304,0.006656598271707069,6.190542592033222e-06,45,45,77.5,25.9,20.6,50,42.1,0,16.021,16.458000000000002,12.958571428571428,77.695,12.954642857142858,77.695,"LINESTRING(77.695 12.958571, 77.695 12.954643)",50,11.5,No,0,0,0,Poor,High,1.82,1.0,0.0,19.2,Safe,SEG-00346,SEG_000000346,75.2,45,16.7,Aligned,45.4,48.4,Side Impact Potential,Peri-Urban,5,False,Industrial,Active Congestion | Poor Infrastructure,Outer Ring Road (ORR),36,0.769,Severe,False,11.4,45,0,0
347,Outer Ring Road (ORR) Seg-38,Arterial,Aligned,8,8,Aligned,0.9501229221988271,0.9501229221988271,0.049418469187472856,0.0004554269843962972,3.181629303767618e-06,39,39,70.0,24.7,21.1,50,75.2,0,16.458,16.895,12.954642857142858,77.695,12.950714285714286,77.695,"LINESTRING(77.695 12.954643, 77.695 12.950714)",50,10.8,No,0,0,0,Good,High,1.33,1.0,0.0,19.6,Safe,SEG-00347,SEG_000000347,74.7,39,17.0,Aligned,38.7,50.2,Side Impact Potential,Peri-Urban,2,False,Commercial,Poor Infrastructure,Outer Ring Road (ORR),37,0.0,,False,33.5,39,0,0
348,Outer Ring Road (ORR) Seg-39,Arterial,Moderate Misalignment,23,23,Moderate Misalignment,0.7735441019898232,0.22376174297362608,0.7735441019898232,0.002684430929313085,9.724107237573065e-06,50,50,70.0,9.4,22.4,50,98.7,0,16.895,17.332,12.950714285714286,77.695,12.946785714285715,77.695,"LINESTRING(77.695 12.950714, 77.695 12.946786)",50,11.5,No,0,0,0,Poor,High,1.88,0.73,27.0,28.1,Moderate Risk,SEG-00348,SEG_000000348,61.7,50,33.6,Moderate Misalignment,63.6,52.7,Side Impact Potential,Peri-Urban,2,False,Residential,Poor Infrastructure,Outer Ring Road (ORR),38,0.168,Light,False,49.2,50,0,0
349,Outer Ring Road (ORR) Seg-40,Arterial,Aligned,8,8,Aligned,0.9658470655325666,0.9658470655325666,0.03371483591801906,0.00041013104700620773,2.796750240818588e-05,29,29,77.5,42.4,40.8,50,75.2,0,17.332,17.769000000000002,12.946785714285715,77.695,12.942857142857145,77.695,"LINESTRING(77.695 12.946786, 77.695 12.942857)",40,44.2,No,0,0,3,Poor,Low,1.54,1.0,0.0,24.6,Safe,SEG-00349,SEG_000000349,75.5,29,21.6,Aligned,28.9,57.9,Side Impact Potential,Peri-Urban,5,False,Residential,Meets Safe System Standards,Outer Ring Road (ORR),39,0.0,,False,23.5,29,0,0
350,Outer Ring Road (ORR) Seg-41,Arterial,Aligned,8,8,Aligned,0.9467332956936694,0.9467332956936694,0.05252427721052646,0.0007298325397054754,1.2594556098876197e-05,49,49,70.0,14.1,25.9,50,78.7,0,17.769,18.206,12.942857142857145,77.695,12.938928571428573,77.695,"LINESTRING(77.695 12.942857, 77.695 12.938929)",50,19.0,No,0,0,1,Good,High,1.88,1.0,0.0,23.1,Safe,SEG-00350,SEG_000000350,70.8,49,20.1,Aligned,48.8,53.3,Side Impact Potential,Peri-Urban,2,False,Residential,Approach to Congestion (Tapered) | Poor Infrastructure,Outer Ring Road (ORR),40,0.216,Light,True,35.8,49,0,0
351,Outer Ring Road (ORR) Seg-42,Arterial,Aligned,9,9,Aligned,0.9214598773397111,0.9214598773397111,0.07032818354881122,0.00820577887385767,6.160237619726614e-06,39,39,85.5,21.2,24.5,50,55.5,0,18.206,18.643,12.938928571428573,77.695,12.935,77.695,"LINESTRING(77.695 12.938929, 77.695 12.935)",40,12.9,No,0,0,0,Poor,Medium,1.66,1.0,0.0,21.5,Safe,SEG-00351,SEG_000000351,73.0,39,18.7,Aligned,39.1,58.5,Side Impact Potential,Peri-Urban,5,True,Mixed,Active Congestion | Poor Infrastructure,Outer Ring Road (ORR),41,0.742,Severe,False,10.3,39,0,0