segment_id,road_name,road_type,risk_category,road_risk_score,segment_risk_score,ai_risk_label,ai_risk_probability,prob_low_risk,prob_medium_risk,prob_high_risk,prob_critical_risk,ai_recommended_speed,recommended_safe_speed,road_function_score,infrastructure_score,exposure_score,human_tolerance_limit,operating_speed_score,crash_risk_score,start_km,end_km,start_lat,start_lon,end_lat,end_lon,geometry,posted_speed_limit,pedestrian_exposure_score,blackspot_flag,crash_count,fatal_crashes,schools_count,lighting_quality,roadside_hazards,intersection_density,speed_compliance_rate,speed_violation_score,hotspot_score,hotspot_category,human_segment_id,internal_id,speed_safety_score,original_safe_speed,misalignment_score,misalignment_category,speed_p85,ptw_share_pct,exposure_tier,urban_rural_flag,lane_count,median_presence,land_use_type,top_ai_factors,corridor_base,corridor_seq,congestion_index,congestion_category,congestion_smoothed,operating_speed_mean,final_safe_speed,minor_crashes,major_crashes
352,Outer Ring Road (ORR) Seg-43,Arterial,Aligned,8,8,Aligned,0.9605165934614263,0.9605165934614263,0.03833000690769884,0.0011477616381974738,5.637992677457324e-06,33,33,75.0,0.0,24.3,50,71.6,0,18.643,19.08,12.935,77.695,12.9321875,77.69218749999999,"LINESTRING(77.695 12.935, 77.692187 12.932188)",50,14.2,No,0,0,0,Poor,Medium,1.62,1.0,0.0,24.6,Safe,SEG-00352,SEG_000000352,67.2,33,21.4,Aligned,33.0,57.0,Side Impact Potential,Peri-Urban,4,False,Residential,Poor Infrastructure,Outer Ring Road (ORR),42,0.0,,False,31.1,33,0,0
353,Outer Ring Road (ORR) Seg-44,Arterial,Aligned,8,8,Aligned,0.9758375331522603,0.9758375331522603,0.02325706012940532,0.0009010457198573265,4.360998476947389e-06,34,34,78.0,20.0,22.3,50,82.7,0,19.08,19.517,12.9321875,77.69218749999999,12.929375,77.689375,"LINESTRING(77.692187 12.932188, 77.689375 12.929375)",40,13.9,No,0,0,0,Good,Medium,1.8,1.0,0.0,20.8,Safe,SEG-00353,SEG_000000353,73.1,34,18.1,Aligned,33.9,49.9,Side Impact Potential,Peri-Urban,2,True,Residential,Approach to Congestion (Tapered) | Poor Infrastructure,Outer Ring Road (ORR),43,0.0,,True,28.5,34,0,0
354,Outer Ring Road (ORR) Seg-45,Arterial,Moderate Misalignment,25,25,Moderate Misalignment,0.802426524776306,0.1670788638468596,0.802426524776306,0.0304485870203741,4.60243564602125e-05,50,50,85.5,21.2,26.6,50,31.0,0,19.517,19.954,12.929375,77.689375,12.9265625,77.6865625,"LINESTRING(77.689375 12.929375, 77.686562 12.926562)",60,21.0,No,0,0,0,Poor,Medium,1.69,1.0,0.0,27.5,Moderate Risk,SEG-00354,SEG_000000354,64.8,50,32.4,Moderate Misalignment,54.1,52.9,Side Impact Potential,Peri-Urban,5,True,Industrial,Active Congestion | Poor Infrastructure | Above Human Tolerance Limit,Outer Ring Road (ORR),44,0.751,Severe,False,14.0,50,0,0
355,Outer Ring Road (ORR) Seg-46,Arterial,Aligned,8,8,Aligned,0.9728838878429563,0.9728838878429563,0.026454721588395614,0.0006401895663565264,2.1201002291506166e-05,29,29,77.5,38.8,35.4,50,76.2,0,19.954,20.391,12.9265625,77.6865625,12.92375,77.68375,"LINESTRING(77.686562 12.926562, 77.68375 12.92375)",40,34.9,No,0,0,1,Poor,Low,1.73,1.0,0.0,23.0,Safe,SEG-00355,SEG_000000355,75.6,29,20.2,Aligned,29.2,59.6,Side Impact Potential,Peri-Urban,5,False,Residential,Meets Safe System Standards,Outer Ring Road (ORR),45,0.0,,False,24.1,29,0,0
356,Outer Ring Road (ORR) Seg-47,Arterial,Moderate Misalignment,27,27,Moderate Misalignment,0.9608233907018543,0.0376467048808041,0.9608233907018543,0.0015208095381664774,9.094879175091935e-06,50,50,80.0,16.5,28.3,50,99.2,0,20.391,20.828,12.92375,77.68375,12.9209375,77.6809375,"LINESTRING(77.68375 12.92375, 77.680938 12.920938)",40,20.3,No,0,0,0,Poor,Low,1.4,0.73,27.0,28.2,Moderate Risk,SEG-00356,SEG_000000356,64.2,50,31.9,Moderate Misalignment,50.9,56.5,Side Impact Potential,Peri-Urban,6,False,Commercial,Approach to Congestion (Tapered) | Poor Infrastructure,Outer Ring Road (ORR),46,0.133,Light,True,40.5,50,0,0
357,Outer Ring Road (ORR) Seg-48,Arterial,Aligned,8,8,Aligned,0.9489973749056012,0.9489973749056012,0.04414986428679581,0.006848405606228579,4.35520137446077e-06,26,26,80.0,21.2,23.6,50,54.6,0,20.828,21.168,12.9209375,77.6809375,12.9187505,77.67875049999999,"LINESTRING(77.680938 12.920938, 77.67875 12.91875)",40,13.7,No,0,0,0,Poor,Low,1.7,1.0,0.0,21.1,Safe,SEG-00357,SEG_000000357,73.2,26,18.4,Aligned,26.0,55.0,Side Impact Potential,Peri-Urban,6,False,Residential,Active Congestion | Poor Infrastructure,Outer Ring Road (ORR),47,0.623,Severe,False,9.7,26,0,0
358,Outer Ring Road (ORR) Seg-49,Arterial,Aligned,8,8,Aligned,0.9604956596161784,0.9604956596161784,0.03856651024077587,0.0009253904445209693,1.2439698524535193e-05,54,54,85.5,20.0,27.4,70,76.1,0,21.168,21.265,12.9187505,77.67875049999999,12.918125,77.678125,"LINESTRING(77.67875 12.91875, 77.678125 12.918125)",60,22.5,No,0,0,0,Poor,High,1.54,1.0,0.0,22.8,Safe,SEG-00358,SEG_000000358,72.1,54,19.8,Aligned,53.8,48.5,Separated Traffic,Peri-Urban,5,True,Industrial,Poor Infrastructure,Outer Ring Road (ORR),48,0.0,,False,44.0,54,0,0
359,Outer Ring Road (ORR) Seg-50,Arterial,Moderate Misalignment,27,27,Moderate Misalignment,0.8934375070994243,0.09468020342046415,0.8934375070994243,0.011851233252559823,3.105622755176011e-05,57,57,88.0,41.2,30.0,70,97.6,0,21.265,21.702,12.918125,77.678125,12.9153125,77.6753125,"LINESTRING(77.678125 12.918125, 77.675312 12.915312)",50,21.0,No,0,0,0,Poor,Medium,1.36,0.86,14.0,23.5,Safe,SEG-00359,SEG_000000359,73.1,57,25.3,Moderate Misalignment,57.1,60.9,Separated Traffic,Peri-Urban,6,True,Residential,Meets Safe System Standards,Outer Ring Road (ORR),49,0.0,,False,48.4,57,0,0
360,Outer Ring Road (ORR) Seg-51,Arterial,Moderate Misalignment,26,26,Moderate Misalignment,0.7158712251857261,0.20678189673677014,0.7158712251857261,0.07713198035466791,0.00021489772283593542,30,30,78.0,34.1,44.1,30,76.3,0,21.702,22.139,12.9153125,77.6753125,12.9125,77.6725,"LINESTRING(77.675312 12.915312, 77.6725 12.9125)",50,53.3,No,0,0,1,Poor,High,1.4,1.0,0.0,37.5,Moderate Risk,SEG-00360,SEG_000000360,57.0,30,49.7,Moderate Misalignment,39.3,57.6,Significant Pedestrian Interaction,Peri-Urban,2,True,Industrial,High Pedestrian Interaction | Poor Infrastructure | Above Human Tolerance Limit,Outer Ring Road (ORR),50,0.0,,False,34.2,30,0,0
361,Outer Ring Road (ORR) Seg-52,Arterial,Aligned,8,8,Aligned,0.9781664624023099,0.9781664624023099,0.021218398123172628,0.0006113749759213671,3.7644985962995673e-06,46,46,80.0,25.9,21.0,50,79.8,0,22.139,22.576,12.9125,77.6725,12.9096875,77.6696875,"LINESTRING(77.6725 12.9125, 77.669688 12.909688)",50,10.7,No,0,0,0,Poor,Low,1.63,1.0,0.0,19.4,Safe,SEG-00361,SEG_000000361,75.0,46,16.9,Aligned,46.5,51.1,Side Impact Potential,Peri-Urban,6,False,Residential,Poor Infrastructure,Outer Ring Road (ORR),51,0.153,Light,False,36.5,46,0,0
362,Outer Ring Road (ORR) Seg-53,Arterial,Aligned,8,8,Aligned,0.9415920081826525,0.9415920081826525,0.055906316073837524,0.002443057415121352,5.861832838842815e-05,50,50,80.0,24.7,37.4,50,86.3,0,22.576,23.013,12.9096875,77.6696875,12.906875,77.666875,"LINESTRING(77.669688 12.909688, 77.666875 12.906875)",40,35.1,No,0,0,1,Good,Medium,1.49,0.68,32.0,31.3,Moderate Risk,SEG-00362,SEG_000000362,63.3,50,36.0,Moderate Misalignment,52.9,61.5,Side Impact Potential,Peri-Urban,6,False,Commercial,Poor Infrastructure,Outer Ring Road (ORR),52,0.0,,False,49.1,50,0,0
363,Outer Ring Road (ORR) Seg-54,Arterial,Moderate Misalignment,27,27,Moderate Misalignment,0.9560809337264071,0.04076907489173738,0.9560809337264071,0.003141554517629664,8.436864225796138e-06,50,50,85.5,5.9,21.2,50,96.8,0,23.013,23.45,12.906875,77.666875,12.9040625,77.6640625,"LINESTRING(77.666875 12.906875, 77.664062 12.904062)",50,9.8,No,0,0,0,Good,High,1.82,0.83,17.0,26.1,Moderate Risk,SEG-00363,SEG_000000363,64.1,50,28.4,Moderate Misalignment,58.6,53.8,Side Impact Potential,Peri-Urban,5,True,Industrial,Poor Infrastructure,Outer Ring Road (ORR),53,0.0,,False,47.9,50,0,0
364,Outer Ring Road (ORR) Seg-55,Arterial,Moderate Misalignment,25,25,Moderate Misalignment,0.8598247444110073,0.1358447737104431,0.8598247444110073,0.00432081789298865,9.663985561048896e-06,50,50,80.0,21.2,23.7,50,99.6,0,23.45,23.887,12.9040625,77.6640625,12.90125,77.66125,"LINESTRING(77.664062 12.904062, 77.66125 12.90125)",40,16.9,No,0,0,0,Good,Medium,1.4,0.71,29.0,25.9,Moderate Risk,SEG-00364,SEG_000000364,66.1,50,30.3,Moderate Misalignment,51.5,49.0,Side Impact Potential,Peri-Urban,6,False,Mixed,Poor Infrastructure,Outer Ring Road (ORR),54,0.164,Light,False,40.2,50,0,0
365,Outer Ring Road (ORR) Seg-56,Arterial,Aligned,10,10,Aligned,0.8385371623809867,0.8385371623809867,0.16084043958703947,0.0005825744045158293,3.982362745793881e-05,39,39,85.5,28.2,43.2,50,75.6,0,23.887,24.324,12.90125,77.66125,12.8984375,77.6584375,"LINESTRING(77.66125 12.90125, 77.658438 12.898438)",50,48.4,No,0,0,1,Poor,High,1.32,1.0,0.0,27.7,Moderate Risk,SEG-00365,SEG_000000365,71.1,39,24.2,Aligned,39.3,53.9,Side Impact Potential,Peri-Urban,5,True,Industrial,Poor Infrastructure,Outer Ring Road (ORR),55,0.0,,False,33.7,39,0,0
366,Outer Ring Road (ORR) Seg-57,Arterial,Moderate Misalignment,29,29,Moderate Misalignment,0.9712170033302483,0.003300392803433387,0.9712170033302483,0.02518243612388116,0.0003001677424370986,30,30,88.0,55.3,46.8,30,99.0,0,24.324,24.761,12.8984375,77.6584375,12.895625,77.655625,"LINESTRING(77.658438 12.898438, 77.655625 12.895625)",40,59.5,No,0,0,2,Good,High,1.97,0.86,14.0,32.5,Moderate Risk,SEG-00366,SEG_000000366,66.6,30,40.8,Moderate Misalignment,45.7,53.1,Significant Pedestrian Interaction,Peri-Urban,6,True,Residential,High Pedestrian Interaction | Above Human Tolerance Limit,Outer Ring Road (ORR),56,0.0,,False,40.6,30,0,0
367,Outer Ring Road (ORR) Seg-58,Arterial,Moderate Misalignment,28,28,Moderate Misalignment,0.904517849594722,0.05574647496105075,0.904517849594722,0.03963335151577308,0.00010232392845418306,30,30,80.0,23.5,39.7,30,75.1,0,24.761,25.198,12.895625,77.655625,12.8928125,77.65281250000001,"LINESTRING(77.655625 12.895625, 77.652813 12.892812)",40,39.7,No,0,0,1,Poor,Medium,1.52,1.0,0.0,32.2,Moderate Risk,SEG-00367,SEG_000000367,62.7,30,36.6,Moderate Misalignment,30.9,57.3,Significant Pedestrian Interaction,Peri-Urban,6,False,Residential,High Pedestrian Interaction | Poor Infrastructure | Above Human Tolerance Limit,Outer Ring Road (ORR),57,0.179,Light,False,23.4,30,0,0
368,Outer Ring Road (ORR) Seg-59,Arterial,Aligned,10,10,Aligned,0.883128583084515,0.883128583084515,0.11372117788470794,0.0030745916602914485,7.564737048564748e-05,48,48,83.0,30.6,31.3,50,88.7,0,25.198,25.635,12.8928125,77.65281250000001,12.89,77.65,"LINESTRING(77.652813 12.892812, 77.65 12.89)",50,29.3,No,0,0,1,Good,Low,1.64,1.0,0.0,22.7,Safe,SEG-00368,SEG_000000368,74.2,48,19.8,Aligned,47.6,51.3,Side Impact Potential,Peri-Urban,4,True,Residential,Poor Infrastructure,Outer Ring Road (ORR),58,0.0,,False,42.5,48,0,0
369,Outer Ring Road (ORR) Seg-60,Arterial,Aligned,8,8,Aligned,0.9759627731429135,0.9759627731429135,0.019783732012204087,0.004204705266547837,4.8789578334627756e-05,44,44,88.0,41.2,31.8,70,83.7,0,25.635,25.876,12.89,77.65,12.89,77.647778,"LINESTRING(77.65 12.89, 77.647778 12.89)",50,31.2,No,0,0,0,Poor,Medium,1.44,1.0,0.0,21.3,Safe,SEG-00369,SEG_000000369,77.1,44,18.6,Aligned,44.2,50.5,Separated Traffic,Peri-Urban,6,True,Mixed,Meets Safe System Standards,Outer Ring Road (ORR),59,0.0,,False,39.1,44,0,0
370,Outer Ring Road (ORR) Seg-61,Arterial,Aligned,8,8,Aligned,0.953193448241978,0.953193448241978,0.04577688015233753,0.0010238527123649123,5.818893319383059e-06,39,39,88.0,10.6,24.4,70,71.5,0,25.876,26.094,12.89,77.647778,12.89,77.64576923076923,"LINESTRING(77.647778 12.89, 77.645769 12.89)",50,13.3,No,0,0,0,Good,Medium,1.45,1.0,0.0,23.0,Safe,SEG-00370,SEG_000000370,70.1,39,20.0,Aligned,39.3,59.0,Separated Traffic,Peri-Urban,6,True,Industrial,Poor Infrastructure,Outer Ring Road (ORR),60,0.153,Light,False,31.0,39,0,0
371,Outer Ring Road (ORR) Seg-62,Arterial,High Misalignment,48,48,High Misalignment,0.8453945335781788,0.027348729831638136,0.12725468099533935,0.8453945335781788,2.055594843628252e-06,50,50,72.5,0.0,21.5,50,99.7,0,26.094,26.553,12.89,77.64576923076923,12.89,77.64153846153846,"LINESTRING(77.645769 12.89, 77.641538 12.89)",60,12.7,No,0,0,0,Good,Low,1.58,0.7,30.0,36.2,Moderate Risk,SEG-00371,SEG_000000371,48.8,50,52.0,High Misalignment,78.0,49.0,Side Impact Potential,Peri-Urban,3,False,Mixed,Speed Limit Misaligned | Poor Infrastructure | Above Human Tolerance Limit,Outer Ring Road (ORR),61,0.164,Light,False,60.2,50,0,0
372,Outer Ring Road (ORR) Seg-63,Arterial,Moderate Misalignment,28,28,Moderate Misalignment,0.994152695033775,0.005245675730111186,0.994152695033775,0.0005914158296489902,1.0213406464690604e-05,30,30,70.0,20.0,41.1,30,99.6,0,26.553,27.012,12.89,77.64153846153846,12.89,77.6373076923077,"LINESTRING(77.641538 12.89, 77.637308 12.89)",40,44.5,No,0,0,1,Good,Low,1.85,0.78,22.0,37.0,Moderate Risk,SEG-00372,SEG_000000372,56.0,30,46.7,Moderate Misalignment,48.9,54.9,Significant Pedestrian Interaction,Peri-Urban,2,False,Industrial,High Pedestrian Interaction | Poor Infrastructure | Above Human Tolerance Limit,Outer Ring Road (ORR),62,0.0,,False,39.7,30,0,0
373,Outer Ring Road (ORR) Seg-64,Arterial,Aligned,9,9,Aligned,0.9071337362107779,0.9071337362107779,0.09065122532119223,0.0022062576079223913,8.780860107628006e-06,40,40,70.0,10.6,24.5,50,89.9,0,27.012,27.471,12.89,77.6373076923077,12.89,77.63307692307693,"LINESTRING(77.637308 12.89, 77.633077 12.89)",40,16.2,No,0,0,0,Good,Low,1.36,1.0,0.0,23.1,Safe,SEG-00373,SEG_000000373,70.1,40,20.0,Aligned,40.0,51.8,Side Impact Potential,Peri-Urban,2,False,Commercial,Poor Infrastructure,Outer Ring Road (ORR),63,0.0,,False,33.3,40,0,0
374,Outer Ring Road (ORR) Seg-65,Arterial,Aligned,8,8,Aligned,0.9784890733584134,0.9784890733584134,0.01929385761183272,0.002208730897907692,8.338131846135689e-06,48,48,70.0,64.7,33.0,50,85.2,0,27.471,27.93,12.89,77.63307692307693,12.89,77.62884615384615,"LINESTRING(77.633077 12.89, 77.628846 12.89)",50,29.2,No,0,0,0,Poor,High,1.91,1.0,0.0,18.2,Safe,SEG-00374,SEG_000000374,83.3,48,16.0,Aligned,48.1,59.3,Side Impact Potential,Urban,2,False,Industrial,Meets Safe System Standards,Outer Ring Road (ORR),64,0.0,,False,40.1,48,0,0
375,Outer Ring Road (ORR) Seg-66,Arterial,Aligned,8,8,Aligned,0.9586890619930016,0.9586890619930016,0.04033021936889368,0.000967710051970155,1.3008586134582925e-05,27,27,83.0,20.0,27.0,50,74.9,0,27.93,28.389,12.89,77.62884615384615,12.89,77.62461538461538,"LINESTRING(77.628846 12.89, 77.624615 12.89)",40,19.6,No,0,0,1,Poor,Low,2.02,1.0,0.0,22.6,Safe,SEG-00375,SEG_000000375,72.2,27,19.7,Aligned,27.0,55.5,Side Impact Potential,Urban,4,True,Residential,Poor Infrastructure,Outer Ring Road (ORR),65,0.0,,False,23.3,27,0,0
376,Outer Ring Road (ORR) Seg-67,Arterial,Aligned,8,8,Aligned,0.9702091310637033,0.9702091310637033,0.029249663501552503,0.0005347216786650743,6.483756079115835e-06,39,39,78.0,68.2,36.3,50,71.4,0,28.389,28.848,12.89,77.62461538461538,12.89,77.62038461538462,"LINESTRING(77.624615 12.89, 77.620385 12.89)",50,31.1,No,0,0,0,Poor,High,1.74,1.0,0.0,18.9,Safe,SEG-00376,SEG_000000376,83.6,39,16.7,Aligned,38.7,67.3,Side Impact Potential,Urban,2,True,Commercial,Meets Safe System Standards,Outer Ring Road (ORR),66,0.131,Light,False,30.9,39,0,0
377,Outer Ring Road (ORR) Seg-68,Arterial,Aligned,8,8,Aligned,0.9838527858509141,0.9838527858509141,0.015254392851341371,0.0008674454849597434,2.5375812784884342e-05,33,33,72.5,23.5,34.2,50,80.3,0,28.848000000000003,29.307,12.89,77.62038461538462,12.89,77.61615384615385,"LINESTRING(77.620385 12.89, 77.616154 12.89)",40,32.1,No,0,0,1,Good,Low,1.61,1.0,0.0,24.9,Safe,SEG-00377,SEG_000000377,71.7,33,21.7,Aligned,32.6,58.5,Side Impact Potential,Urban,3,False,Residential,Poor Infrastructure,Outer Ring Road (ORR),67,0.0,,False,26.8,33,0,0
378,Outer Ring Road (ORR) Seg-69,Arterial,Aligned,8,8,Aligned,0.9785726275157774,0.9785726275157774,0.02053934279543104,0.0008627900633625728,2.5239625429099105e-05,40,40,72.5,21.2,33.9,50,75.6,0,29.307,29.766,12.89,77.61615384615385,12.89,77.61192307692308,"LINESTRING(77.616154 12.89, 77.611923 12.89)",50,23.9,No,0,0,0,Good,High,1.53,1.0,0.0,25.1,Moderate Risk,SEG-00378,SEG_000000378,71.1,40,21.9,Aligned,39.6,67.2,Side Impact Potential,Urban,3,False,Commercial,Poor Infrastructure,Outer Ring Road (ORR),68,0.0,,False,33.7,40,0,0
379,Outer Ring Road (ORR) Seg-70,Arterial,Moderate Misalignment,27,27,Moderate Misalignment,0.913649116531807,0.08408670311437567,0.913649116531807,0.0022493777826313836,1.4802571185910618e-05,47,47,85.5,15.3,25.9,70,93.8,0,29.766,29.876,12.89,77.61192307692308,12.89,77.6109115,"LINESTRING(77.611923 12.89, 77.610912 12.89)",40,14.5,No,0,0,0,Poor,Medium,1.5,0.84,16.0,25.7,Moderate Risk,SEG-00379,SEG_000000379,67.0,47,26.8,Moderate Misalignment,46.6,58.8,Separated Traffic,Urban,5,True,Commercial,Poor Infrastructure,Outer Ring Road (ORR),69,0.171,Light,False,35.8,47,0,0
380,Outer Ring Road (ORR) Seg-71,Arterial,Moderate Misalignment,26,26,Moderate Misalignment,0.9024743623795605,0.09466499556701112,0.9024743623795605,0.0028075832136443928,5.305883978385177e-05,49,49,80.5,24.7,32.1,50,94.9,0,29.876,30.225,12.89,77.6109115,12.89,77.6076923076923,"LINESTRING(77.610912 12.89, 77.607692 12.89)",40,22.7,No,0,0,1,Good,High,1.6,0.76,24.0,27.8,Moderate Risk,SEG-00380,SEG_000000380,66.6,49,30.6,Moderate Misalignment,49.4,69.0,Side Impact Potential,Urban,3,True,Commercial,Poor Infrastructure,Outer Ring Road (ORR),70,0.0,,False,43.4,49,0,0
381,Outer Ring Road (ORR) Seg-72,Arterial,Aligned,8,8,Aligned,0.9787043868322965,0.9787043868322965,0.02052298240619458,0.0007623823238622926,1.0248437646436685e-05,34,34,80.0,28.2,28.2,50,80.5,0,30.225,30.684,12.89,77.6076923076923,12.89,77.60346153846154,"LINESTRING(77.607692 12.89, 77.603462 12.89)",40,15.6,No,0,0,0,Good,Low,1.97,1.0,0.0,21.8,Safe,SEG-00381,SEG_000000381,74.2,34,19.0,Aligned,33.5,66.7,Side Impact Potential,Urban,6,False,Industrial,Poor Infrastructure,Outer Ring Road (ORR),71,0.0,,False,27.0,34,0,0
382,Outer Ring Road (ORR) Seg-73,Arterial,Aligned,8,8,Aligned,0.9826197650306695,0.9826197650306695,0.01584211948138949,0.001506910117394107,3.120537054665215e-05,50,50,70.0,41.2,34.0,50,85.4,0,30.684,31.143,12.89,77.60346153846154,12.89,77.59923076923077,"LINESTRING(77.603462 12.89, 77.599231 12.89)",50,29.0,No,0,0,0,Poor,High,1.39,0.96,4.0,23.0,Safe,SEG-00382,SEG_000000382,75.3,50,21.6,Aligned,52.2,60.0,Side Impact Potential,Urban,2,False,Commercial,Approach to Congestion (Tapered),Outer Ring Road (ORR),72,0.161,Light,True,40.3,50,0,0
383,Outer Ring Road (ORR) Seg-74,Arterial,Aligned,10,10,Aligned,0.8932942597507887,0.8932942597507887,0.09688189638735946,0.009812270617828222,1.1573244023526472e-05,50,50,88.0,67.1,36.1,50,44.6,0,31.143,31.602,12.89,77.59923076923077,12.89,77.595,"LINESTRING(77.599231 12.89, 77.595 12.89)",50,29.8,No,0,0,0,Poor,Medium,1.93,0.94,6.0,20.2,Safe,SEG-00383,SEG_000000383,81.7,50,19.6,Aligned,52.8,64.0,Side Impact Potential,Urban,6,True,Residential,Active Congestion,Outer Ring Road (ORR),73,0.772,Severe,False,13.0,50,0,0
384,Outer Ring Road (ORR) Seg-75,Arterial,Moderate Misalignment,25,25,Moderate Misalignment,0.8713430833110987,0.124091549902255,0.8713430833110987,0.00454902150978889,1.6345276857449405e-05,50,50,75.0,30.6,26.4,50,97.3,0,31.602,32.059,12.89,77.595,12.891875,77.59125,"LINESTRING(77.595 12.89, 77.59125 12.891875)",50,13.7,No,0,0,0,Good,Low,1.85,0.74,26.0,26.2,Moderate Risk,SEG-00384,SEG_000000384,67.1,50,31.7,Moderate Misalignment,63.1,65.0,Side Impact Potential,Urban,4,False,Commercial,Poor Infrastructure,Outer Ring Road (ORR),74,0.177,Light,False,48.2,50,0,0
385,Outer Ring Road (ORR) Seg-76,Arterial,Moderate Misalignment,27,27,Moderate Misalignment,0.9021059460696925,0.08418380065493866,0.9021059460696925,0.013676740594224999,3.351268114387516e-05,30,30,72.5,68.2,40.8,30,77.9,0,32.059,32.516,12.891875,77.59125,12.89375,77.5875,"LINESTRING(77.59125 12.891875, 77.5875 12.89375)",50,40.7,No,0,0,0,Good,Low,1.41,1.0,0.0,31.0,Moderate Risk,SEG-00385,SEG_000000385,67.2,30,44.1,Moderate Misalignment,44.3,63.9,Significant Pedestrian Interaction,Urban,3,False,Mixed,High Pedestrian Interaction | Above Human Tolerance Limit,Outer Ring Road (ORR),75,0.145,Light,False,35.3,30,0,0
386,Outer Ring Road (ORR) Seg-77,Arterial,Aligned,8,8,Aligned,0.9835219419633391,0.9835219419633391,0.01575440567397987,0.0007140535912029634,9.598771478048571e-06,26,26,78.0,29.4,27.9,70,72.2,0,32.516,32.973,12.89375,77.5875,12.895625,77.58375,"LINESTRING(77.5875 12.89375, 77.58375 12.895625)",40,15.8,No,0,0,0,Poor,Low,1.45,1.0,0.0,21.6,Safe,SEG-00386,SEG_000000386,74.6,26,18.8,Aligned,26.1,66.6,Separated Traffic,Urban,2,True,Mixed,Poor Infrastructure,Outer Ring Road (ORR),76,0.0,,False,21.4,26,0,0
387,Outer Ring Road (ORR) Seg-78,Arterial,High Misalignment,48,48,High Misalignment,0.8386579617853108,0.02161688298898309,0.13967627907521413,0.8386579617853108,4.887615049209563e-05,30,30,72.5,14.1,38.7,30,76.0,0,32.973,33.43,12.895625,77.58375,12.8975,77.58,"LINESTRING(77.58375 12.895625, 77.58 12.8975)",50,38.8,No,0,0,1,Good,Medium,1.93,1.0,0.0,38.4,Moderate Risk,SEG-00387,SEG_000000387,52.6,30,50.4,High Misalignment,36.3,56.2,Significant Pedestrian Interaction,Urban,3,False,Residential,Speed Limit Misaligned | High Pedestrian Interaction | Poor Infrastructure,Outer Ring Road (ORR),77,0.0,,False,34.0,30,0,0
388,Outer Ring Road (ORR) Seg-79,Arterial,Aligned,8,8,Aligned,0.9434031233695407,0.9434031233695407,0.05556511519122361,0.0010181417580184,1.3619681217253233e-05,38,38,75.0,0.0,26.4,50,76.9,0,33.43,33.887,12.8975,77.58,12.899375,77.57625,"LINESTRING(77.58 12.8975, 77.57625 12.899375)",50,13.0,No,0,0,0,Poor,High,1.89,1.0,0.0,25.4,Moderate Risk,SEG-00388,SEG_000000388,66.7,38,22.1,Aligned,38.4,66.3,Side Impact Potential,Urban,4,False,Residential,Poor Infrastructure,Outer Ring Road (ORR),78,0.0,,False,34.6,38,0,0
389,Outer Ring Road (ORR) Seg-80,Arterial,Aligned,8,8,Aligned,0.9383128631622185,0.9383128631622185,0.05530517556510355,0.006261115602968607,0.00012084566970920942,30,30,78.0,37.6,48.0,50,74.8,0,33.887,34.344,12.899375,77.57625,12.90125,77.57249999999999,"LINESTRING(77.57625 12.899375, 77.5725 12.90125)",40,54.4,No,0,0,1,Good,Low,1.64,1.0,0.0,28.1,Moderate Risk,SEG-00389,SEG_000000389,72.7,30,24.7,Aligned,29.6,66.5,Side Impact Potential,Urban,2,True,Residential,Meets Safe System Standards,Outer Ring Road (ORR),79,0.147,Light,False,23.2,30,0,0
390,Outer Ring Road (ORR) Seg-81,Arterial,Aligned,8,8,Aligned,0.9712940716012667,0.9712940716012667,0.02787702384973163,0.0008179096766660378,1.0994872335528011e-05,31,31,78.0,25.9,30.1,50,77.9,0,34.344,34.801,12.90125,77.57249999999999,12.903125,77.56875,"LINESTRING(77.5725 12.90125, 77.56875 12.903125)",40,18.0,No,0,0,0,Good,Low,2.04,1.0,0.0,22.9,Safe,SEG-00390,SEG_000000390,73.2,31,20.0,Aligned,31.4,67.6,Side Impact Potential,Urban,2,True,Mixed,Poor Infrastructure,Outer Ring Road (ORR),80,0.0,,False,25.3,31,0,0
391,Outer Ring Road (ORR) Seg-82,Arterial,Aligned,17,17,Aligned,0.5425936858125923,0.5425936858125923,0.4523739510871979,0.004994145364251917,3.8217735957929456e-05,44,44,78.0,40.0,27.8,70,94.7,0,34.801,35.258,12.903125,77.56875,12.905,77.565,"LINESTRING(77.56875 12.903125, 77.565 12.905)",40,20.4,No,0,0,0,Good,Low,1.58,0.91,9.0,21.4,Safe,SEG-00391,SEG_000000391,75.3,44,21.2,Aligned,43.7,58.0,Separated Traffic,Urban,2,True,Residential,Meets Safe System Standards,Outer Ring Road (ORR),81,0.0,,False,36.5,44,0,0
392,Outer Ring Road (ORR) Seg-83,Arterial,Aligned,8,8,Aligned,0.9667674540917451,0.9667674540917451,0.03184568675892513,0.00137577065496771,1.1088494362133008e-05,38,38,77.5,15.3,27.2,50,68.2,0,35.258,35.715,12.905,77.565,12.906875,77.56125,"LINESTRING(77.565 12.905, 77.56125 12.906875)",50,13.1,No,0,0,0,Poor,Medium,1.74,1.0,0.0,23.4,Safe,SEG-00392,SEG_000000392,70.8,38,20.4,Aligned,38.4,66.6,Side Impact Potential,Urban,5,False,Residential,Poor Infrastructure,Outer Ring Road (ORR),82,0.193,Light,False,28.8,38,0,0