segment_id,road_name,road_type,risk_category,road_risk_score,segment_risk_score,ai_risk_label,ai_risk_probability,prob_low_risk,prob_medium_risk,prob_high_risk,prob_critical_risk,ai_recommended_speed,recommended_safe_speed,road_function_score,infrastructure_score,exposure_score,human_tolerance_limit,operating_speed_score,crash_risk_score,start_km,end_km,start_lat,start_lon,end_lat,end_lon,geometry,posted_speed_limit,pedestrian_exposure_score,blackspot_flag,crash_count,fatal_crashes,schools_count,lighting_quality,roadside_hazards,intersection_density,speed_compliance_rate,speed_violation_score,hotspot_score,hotspot_category,human_segment_id,internal_id,speed_safety_score,original_safe_speed,misalignment_score,misalignment_category,speed_p85,ptw_share_pct,exposure_tier,urban_rural_flag,lane_count,median_presence,land_use_type,top_ai_factors,corridor_base,corridor_seq,congestion_index,congestion_category,congestion_smoothed,operating_speed_mean,final_safe_speed,minor_crashes,major_crashes
393,Outer Ring Road (ORR) Seg-84,Arterial,Aligned,8,8,Aligned,0.9658638285842265,0.9658638285842265,0.03348246009940247,0.000621557955900875,3.215336047010979e-05,33,33,70.0,28.2,37.7,50,65.7,0,35.715,36.172,12.906875,77.56125,12.90875,77.5575,"LINESTRING(77.56125 12.906875, 77.5575 12.90875)",50,39.8,No,0,0,1,Good,Low,1.51,1.0,0.0,25.5,Moderate Risk,SEG-00393,SEG_000000393,72.3,33,22.3,Aligned,32.7,56.6,Side Impact Potential,Urban,2,False,Residential,Poor Infrastructure,Outer Ring Road (ORR),83,0.0,,False,27.1,33,0,0
394,Outer Ring Road (ORR) Seg-85,Arterial,Aligned,8,8,Aligned,0.9561933838683426,0.9561933838683426,0.04210018831554788,0.0016901587600437525,1.6269056065666462e-05,38,38,70.0,25.9,27.1,50,84.9,0,36.172,36.629,12.90875,77.5575,12.910625,77.55375,"LINESTRING(77.5575 12.90875, 77.55375 12.910625)",40,13.7,No,0,0,0,Good,Low,1.89,1.0,0.0,21.8,Safe,SEG-00394,SEG_000000394,73.8,38,19.0,Aligned,38.1,64.2,Side Impact Potential,Urban,2,False,Industrial,Poor Infrastructure,Outer Ring Road (ORR),84,0.153,Light,False,29.9,38,0,0
395,Outer Ring Road (ORR) Seg-86,Arterial,Aligned,8,8,Aligned,0.9317246974579342,0.9317246974579342,0.06459912504469562,0.0036500324468440887,2.6145050526095902e-05,50,50,75.0,45.9,28.5,50,90.1,0,36.629,37.086,12.910625,77.55375,12.9125,77.55,"LINESTRING(77.55375 12.910625, 77.55 12.9125)",50,22.6,No,0,0,0,Good,High,1.49,0.89,11.0,21.6,Safe,SEG-00395,SEG_000000395,75.6,50,22.6,Aligned,55.5,55.4,Side Impact Potential,Urban,4,False,Residential,Meets Safe System Standards,Outer Ring Road (ORR),85,0.149,Light,False,43.4,50,0,0
396,Outer Ring Road (ORR) Seg-87,Arterial,Moderate Misalignment,27,27,Moderate Misalignment,0.9412445123503277,0.050761858756459444,0.9412445123503277,0.00797629425964812,1.7334633564896314e-05,65,65,80.5,43.5,29.8,70,98.0,0,37.086,37.543,12.9125,77.55,12.914375,77.54625,"LINESTRING(77.55 12.9125, 77.54625 12.914375)",50,20.3,No,0,0,0,Good,Medium,1.55,0.7,30.0,26.5,Moderate Risk,SEG-00396,SEG_000000396,68.7,65,33.4,Moderate Misalignment,65.2,63.9,Separated Traffic,Urban,3,True,Mixed,Meets Safe System Standards,Outer Ring Road (ORR),86,0.145,Light,False,51.3,65,0,0
397,Outer Ring Road (ORR) Seg-88,Arterial,Aligned,13,13,Aligned,0.6989870604877626,0.6989870604877626,0.29696700825784494,0.003979787815888425,6.614343850411576e-05,50,50,75.0,20.0,32.4,50,90.4,0,37.543,38.0,12.914375,77.54625,12.91625,77.54249999999999,"LINESTRING(77.54625 12.914375, 77.5425 12.91625)",50,21.9,No,0,0,1,Good,Low,1.97,0.82,18.0,28.4,Moderate Risk,SEG-00397,SEG_000000397,65.5,50,30.8,Moderate Misalignment,58.9,68.4,Side Impact Potential,Urban,4,False,Industrial,Poor Infrastructure,Outer Ring Road (ORR),87,0.201,Light,False,43.6,50,0,0
398,Outer Ring Road (ORR) Seg-89,Arterial,Aligned,8,8,Aligned,0.9480140059396248,0.9480140059396248,0.05077298195386449,0.0011967064176665496,1.630568884394406e-05,32,32,88.0,20.0,29.7,50,79.3,0,38.0,38.457,12.91625,77.54249999999999,12.918125,77.53875,"LINESTRING(77.5425 12.91625, 77.53875 12.918125)",40,20.0,No,0,0,0,Good,High,1.77,1.0,0.0,23.7,Safe,SEG-00398,SEG_000000398,71.6,32,20.6,Aligned,32.3,64.4,Side Impact Potential,Urban,6,True,Commercial,Poor Infrastructure,Outer Ring Road (ORR),88,0.0,,False,26.2,32,0,0
399,Outer Ring Road (ORR) Seg-90,Arterial,Moderate Misalignment,29,29,Moderate Misalignment,0.9033614945178043,0.0267415764890774,0.9033614945178043,0.06980752584928065,8.940314383746539e-05,30,30,80.0,68.2,50.2,30,82.6,0,38.457,38.914,12.918125,77.53875,12.92,77.535,"LINESTRING(77.53875 12.918125, 77.535 12.92)",40,58.3,No,0,0,2,Poor,Low,1.88,1.0,0.0,29.5,Moderate Risk,SEG-00399,SEG_000000399,73.0,30,34.4,Moderate Misalignment,38.8,59.4,Significant Pedestrian Interaction,Urban,6,False,Commercial,High Pedestrian Interaction | Above Human Tolerance Limit,Outer Ring Road (ORR),89,0.208,Light,False,28.4,30,0,0
400,Outer Ring Road (ORR) Seg-91,Arterial,Aligned,7,7,Aligned,0.9875231024195565,0.9875231024195565,0.012277067445430556,0.00019834880832196293,1.4813266908327958e-06,43,43,83.0,0.0,18.7,50,75.9,0,38.914,39.374,12.92,77.535,12.923571428571428,77.53285714285714,"LINESTRING(77.535 12.92, 77.532857 12.923571)",50,2.8,No,0,0,0,Good,Medium,1.92,1.0,0.0,22.4,Safe,SEG-00400,SEG_000000400,68.4,43,19.4,Aligned,43.0,56.9,Side Impact Potential,Urban,4,True,Mixed,Poor Infrastructure,Outer Ring Road (ORR),90,0.144,Light,False,33.9,43,0,0
401,Outer Ring Road (ORR) Seg-92,Arterial,Aligned,8,8,Aligned,0.9519029221667974,0.9519029221667974,0.046955256733390946,0.00112667559573922,1.5145504072286099e-05,45,45,85.5,18.8,26.8,50,76.5,0,39.374,39.834,12.923571428571428,77.53285714285714,12.927142857142858,77.53071428571428,"LINESTRING(77.532857 12.923571, 77.530714 12.927143)",50,11.9,No,0,0,0,Good,High,1.84,1.0,0.0,22.7,Safe,SEG-00401,SEG_000000401,71.9,45,19.8,Aligned,44.7,66.7,Side Impact Potential,Urban,5,True,Commercial,Poor Infrastructure,Outer Ring Road (ORR),91,0.174,Light,False,34.3,45,0,0
402,Outer Ring Road (ORR) Seg-93,Arterial,Moderate Misalignment,20,20,Moderate Misalignment,0.5984084450976652,0.39792674639572706,0.5984084450976652,0.0035968340855655626,6.797442104214429e-05,50,50,80.0,42.4,33.5,50,93.9,0,39.834,40.294,12.927142857142858,77.53071428571428,12.930714285714286,77.52857142857142,"LINESTRING(77.530714 12.927143, 77.528571 12.930714)",50,29.0,No,0,0,0,Good,Medium,1.55,0.83,17.0,25.2,Moderate Risk,SEG-00402,SEG_000000402,71.9,50,27.7,Moderate Misalignment,58.4,58.9,Side Impact Potential,Urban,6,False,Commercial,Meets Safe System Standards,Outer Ring Road (ORR),92,0.142,Light,False,45.9,50,0,0
403,Outer Ring Road (ORR) Seg-94,Arterial,Aligned,12,12,Aligned,0.7745735561203284,0.7745735561203284,0.22317562540710173,0.0022437517450672587,7.06672750255123e-06,50,50,75.0,11.8,23.5,50,93.1,0,40.294,40.754,12.930714285714286,77.52857142857142,12.934285714285714,77.52642857142857,"LINESTRING(77.528571 12.930714, 77.526429 12.934286)",50,8.7,No,0,0,0,Good,Low,1.91,1.0,0.0,22.5,Safe,SEG-00403,SEG_000000403,70.7,50,19.5,Aligned,49.7,62.6,Side Impact Potential,Urban,4,False,Commercial,Poor Infrastructure,Outer Ring Road (ORR),93,0.0,,False,45.4,50,0,0
404,Outer Ring Road (ORR) Seg-95,Arterial,Aligned,10,10,Aligned,0.8641365526014277,0.8641365526014277,0.13005649944563713,0.005452927509816225,0.00035402044311895573,35,35,85.5,16.5,29.8,70,87.0,0,40.754,41.214,12.934285714285714,77.52642857142857,12.937857142857142,77.52428571428571,"LINESTRING(77.526429 12.934286, 77.524286 12.937857)",40,18.8,No,0,0,0,Poor,Low,1.49,1.0,0.0,24.2,Safe,SEG-00404,SEG_000000404,70.6,35,21.1,Aligned,35.2,66.8,Separated Traffic,Urban,5,True,Industrial,Poor Infrastructure,Outer Ring Road (ORR),94,0.0,,False,31.3,35,0,0
405,Outer Ring Road (ORR) Seg-96,Arterial,Aligned,8,8,Aligned,0.9577301633747745,0.9577301633747745,0.04127324991962341,0.0009918471862078778,4.739519394030822e-06,34,34,80.5,20.0,22.9,50,70.2,0,41.214,41.472,12.937857142857142,77.52428571428571,12.93986,77.523084,"LINESTRING(77.524286 12.937857, 77.523084 12.93986)",50,10.5,No,0,0,0,Good,High,1.6,1.0,0.0,21.0,Safe,SEG-00405,SEG_000000405,73.0,34,18.3,Aligned,34.4,58.9,Side Impact Potential,Urban,3,True,Industrial,Poor Infrastructure,Outer Ring Road (ORR),95,0.0,,False,30.1,34,0,0
406,Outer Ring Road (ORR) Seg-97,Arterial,Aligned,8,8,Aligned,0.9821288180057789,0.9821288180057789,0.016738911130563323,0.0010973901403423638,3.488072331541911e-05,33,33,77.5,29.4,37.2,50,83.8,0,41.472,41.674,12.93986,77.523084,12.941428571428572,77.52214285714285,"LINESTRING(77.523084 12.93986, 77.522143 12.941429)",40,32.6,No,0,0,1,Poor,Medium,1.73,1.0,0.0,25.2,Moderate Risk,SEG-00406,SEG_000000406,72.7,33,22.0,Aligned,33.1,67.3,Side Impact Potential,Urban,5,False,Commercial,Poor Infrastructure,Outer Ring Road (ORR),96,0.0,,False,29.2,33,0,0
407,Outer Ring Road (ORR) Seg-98,Arterial,Moderate Misalignment,27,27,Moderate Misalignment,0.9723438651269027,0.02507960098239954,0.9723438651269027,0.0025658111020441096,1.0722788653473502e-05,55,55,80.5,23.5,31.0,70,97.3,0,41.674,42.134,12.941428571428572,77.52214285714285,12.945,77.52,"LINESTRING(77.522143 12.941429, 77.52 12.945)",50,23.1,No,0,0,1,Good,High,1.49,0.89,11.0,25.9,Moderate Risk,SEG-00407,SEG_000000407,69.0,55,26.2,Moderate Misalignment,55.4,62.4,Separated Traffic,Urban,3,True,Residential,Poor Infrastructure,Outer Ring Road (ORR),97,0.0,,False,48.2,55,0,0
408,Outer Ring Road (ORR) Seg-99,Arterial,Aligned,8,8,Aligned,0.9704456386224652,0.9704456386224652,0.02885631181148302,0.000670106741302992,2.794282474877783e-05,35,35,78.0,34.1,31.8,70,64.6,0,42.134,42.594,12.945,77.52,12.948571428571428,77.51785714285714,"LINESTRING(77.52 12.945, 77.517857 12.948571)",50,25.2,No,0,0,0,Good,Low,1.48,1.0,0.0,22.3,Safe,SEG-00408,SEG_000000408,75.1,35,19.5,Aligned,34.8,58.8,Separated Traffic,Urban,2,True,Mixed,Poor Infrastructure,Outer Ring Road (ORR),98,0.177,Light,False,26.4,35,0,0
409,Outer Ring Road (ORR) Seg-100,Arterial,Aligned,8,8,Aligned,0.9411427010499654,0.9411427010499654,0.056871540251971234,0.0019688429003078814,1.6915797755272113e-05,33,33,85.5,24.7,28.5,50,66.5,0,42.594,43.054,12.948571428571428,77.51785714285714,12.952142857142858,77.51571428571428,"LINESTRING(77.517857 12.948571, 77.515714 12.952143)",50,20.0,No,0,0,1,Good,Medium,1.86,1.0,0.0,22.5,Safe,SEG-00409,SEG_000000409,73.2,33,19.6,Aligned,33.4,59.6,Side Impact Potential,Urban,5,True,Residential,Poor Infrastructure,Outer Ring Road (ORR),99,0.0,,False,27.7,33,0,0
410,Outer Ring Road (ORR) Seg-101,Arterial,Aligned,8,8,Aligned,0.9734685321960631,0.9734685321960631,0.025526800745337683,0.0009914050345039332,1.326202409515502e-05,27,27,75.0,0.0,25.8,50,71.9,0,43.054,43.514,12.952142857142858,77.51571428571428,12.955714285714286,77.51357142857142,"LINESTRING(77.515714 12.952143, 77.513571 12.955714)",40,15.0,No,0,0,0,Poor,High,1.92,1.0,0.0,25.2,Moderate Risk,SEG-00410,SEG_000000410,66.9,27,21.9,Aligned,26.7,58.2,Side Impact Potential,Urban,4,False,Residential,Poor Infrastructure,Outer Ring Road (ORR),100,0.134,Light,False,21.2,27,0,0
411,Outer Ring Road (ORR) Seg-102,Arterial,Aligned,8,8,Aligned,0.9635038893304181,0.9635038893304181,0.03553047957745023,0.0009595935492202046,6.037542911632801e-06,27,27,80.5,0.0,20.9,50,70.3,0,43.514,43.974,12.955714285714286,77.51357142857142,12.959285714285716,77.51142857142857,"LINESTRING(77.513571 12.955714, 77.511429 12.959286)",40,7.5,No,0,0,0,Poor,Medium,1.65,1.0,0.0,23.3,Safe,SEG-00411,SEG_000000411,67.9,27,20.2,Aligned,27.0,55.4,Side Impact Potential,Urban,3,True,Residential,Poor Infrastructure,Outer Ring Road (ORR),101,0.193,Light,False,20.2,27,0,0
412,Outer Ring Road (ORR) Seg-103,Arterial,Moderate Misalignment,26,26,Moderate Misalignment,0.8951564220132843,0.10303671513344212,0.8951564220132843,0.0017944042176219629,1.2458635651493576e-05,47,47,70.0,20.0,25.4,50,98.9,0,43.974,44.434,12.959285714285716,77.51142857142857,12.962857142857144,77.50928571428571,"LINESTRING(77.511429 12.959286, 77.509286 12.962857)",40,10.6,No,0,0,0,Good,Medium,1.65,0.82,18.0,25.0,Moderate Risk,SEG-00412,SEG_000000412,68.0,47,26.7,Moderate Misalignment,47.3,65.4,Side Impact Potential,Urban,2,False,Industrial,Approach to Congestion (Tapered) | Poor Infrastructure,Outer Ring Road (ORR),102,0.0,,True,39.3,47,0,0
413,Outer Ring Road (ORR) Seg-104,Arterial,Aligned,8,8,Aligned,0.9692286565870613,0.9692286565870613,0.02900728056327524,0.0017283028600545375,3.5759989609157066e-05,46,46,80.5,48.2,35.0,70,48.2,0,44.434,44.894,12.962857142857144,77.50928571428571,12.966428571428573,77.50714285714285,"LINESTRING(77.509286 12.962857, 77.507143 12.966429)",50,29.7,No,0,0,0,Poor,Low,1.52,1.0,0.0,21.4,Safe,SEG-00413,SEG_000000413,78.4,46,18.8,Aligned,46.0,60.6,Separated Traffic,Urban,3,True,Mixed,Active Congestion,Outer Ring Road (ORR),103,0.662,Severe,False,15.4,46,0,0
414,Outer Ring Road (ORR) Seg-105,Arterial,Aligned,7,7,Aligned,0.989917012602309,0.989917012602309,0.009132108422662264,0.0008953483815203288,5.553059350814318e-05,34,34,80.0,58.8,31.2,50,80.8,0,44.894,45.354,12.966428571428573,77.50714285714285,12.97,77.505,"LINESTRING(77.507143 12.966429, 77.505 12.97)",40,26.1,No,0,0,0,Good,High,1.72,1.0,0.0,18.4,Safe,SEG-00414,SEG_000000414,82.1,34,16.1,Aligned,34.4,60.4,Side Impact Potential,Urban,6,False,Residential,Meets Safe System Standards,Outer Ring Road (ORR),104,0.142,Light,False,27.2,34,0,0
415,Outer Ring Road (ORR) Seg-106,Arterial,Aligned,11,11,Aligned,0.8189535640882991,0.8189535640882991,0.17805952804654143,0.0029635342027780663,2.3373662381415215e-05,36,36,83.0,20.0,24.2,50,88.5,0,45.354,45.817,12.97,77.505,12.973928571428573,77.50642857142857,"LINESTRING(77.505 12.97, 77.506429 12.973929)",40,10.9,No,0,0,0,Good,Low,1.75,1.0,0.0,21.5,Safe,SEG-00415,SEG_000000415,72.8,36,18.7,Aligned,36.2,61.9,Side Impact Potential,Urban,4,True,Residential,Poor Infrastructure,Outer Ring Road (ORR),105,0.0,,False,32.3,36,0,0
416,Outer Ring Road (ORR) Seg-107,Arterial,Moderate Misalignment,28,53,Moderate Misalignment,0.6193549477039015,0.3734209404817446,0.6193549477039015,0.007206378480989797,1.7733333364069772e-05,50,45,80.0,12.9,23.4,50,98.3,25,45.817,46.28,12.973928571428573,77.50642857142857,12.977857142857143,77.50785714285713,"LINESTRING(77.506429 12.973929, 77.507857 12.977857)",50,10.3,No,1,0,0,Good,Medium,2.0,0.92,8.0,30.1,Moderate Risk,SEG-00416,SEG_000000416,63.6,50,23.3,Aligned,53.8,59.5,Side Impact Potential,Urban,6,False,Commercial,Poor Infrastructure,Outer Ring Road (ORR),106,0.0,,False,48.9,45,0,1
417,Outer Ring Road (ORR) Seg-108,Arterial,Moderate Misalignment,24,24,Moderate Misalignment,0.8000525946271841,0.19794577929470614,0.8000525946271841,0.0019283396438333634,7.328643427646126e-05,50,50,80.0,40.0,44.8,50,91.5,0,46.28,46.743,12.977857142857143,77.50785714285713,12.981785714285715,77.50928571428571,"LINESTRING(77.507857 12.977857, 77.509286 12.981786)",40,46.1,No,0,0,1,Poor,Medium,1.4,0.75,25.0,30.6,Moderate Risk,SEG-00417,SEG_000000417,67.8,50,33.6,Moderate Misalignment,50.0,64.5,Side Impact Potential,Urban,6,False,Mixed,Meets Safe System Standards,Outer Ring Road (ORR),107,0.0,,False,45.7,50,0,0
418,Outer Ring Road (ORR) Seg-109,Arterial,Aligned,15,15,Aligned,0.6472604609941921,0.6472604609941921,0.34815606958949713,0.004517995056476188,6.547435983452608e-05,37,37,88.0,20.0,26.4,50,88.0,0,46.743,47.206,12.981785714285715,77.50928571428571,12.985714285714286,77.51071428571429,"LINESTRING(77.509286 12.981786, 77.510714 12.985714)",40,14.6,No,0,0,0,Good,High,2.0,1.0,0.0,22.4,Safe,SEG-00418,SEG_000000418,72.3,37,19.5,Aligned,37.0,62.7,Side Impact Potential,Urban,6,True,Mixed,Poor Infrastructure,Outer Ring Road (ORR),108,0.0,,False,32.0,37,0,0
419,Outer Ring Road (ORR) Seg-110,Arterial,Aligned,8,8,Aligned,0.9834060160785946,0.9834060160785946,0.015817641494317403,0.0007660447566448134,1.0297670443199049e-05,28,28,78.0,27.1,27.6,50,74.8,0,47.206,47.431,12.985714285714286,77.51071428571429,12.987622,77.511408,"LINESTRING(77.510714 12.985714, 77.511408 12.987622)",40,12.6,No,0,0,0,Good,High,2.06,1.0,0.0,21.8,Safe,SEG-00419,SEG_000000419,74.0,28,19.0,Aligned,28.4,68.0,Side Impact Potential,Urban,2,True,Commercial,Poor Infrastructure,Outer Ring Road (ORR),109,0.0,,False,23.2,28,0,0
420,Outer Ring Road (ORR) Seg-111,Arterial,Moderate Misalignment,27,27,Moderate Misalignment,0.9034034546322169,0.08880132882187869,0.9034034546322169,0.007662869201303996,0.00013234734460036297,30,30,70.0,51.8,40.1,30,79.8,0,47.431,47.669,12.987622,77.511408,12.989642857142858,77.51214285714286,"LINESTRING(77.511408 12.987622, 77.512143 12.989643)",40,41.8,No,0,0,1,Good,Medium,1.62,1.0,0.0,28.1,Moderate Risk,SEG-00420,SEG_000000420,70.5,30,33.1,Moderate Misalignment,31.0,58.9,Significant Pedestrian Interaction,Urban,2,False,Commercial,High Pedestrian Interaction | Above Human Tolerance Limit,Outer Ring Road (ORR),110,0.0,,False,26.5,30,0,0
421,Outer Ring Road (ORR) Seg-112,Arterial,Aligned,8,8,Aligned,0.9630981802743304,0.9630981802743304,0.03655862940621136,0.00031685885950478223,2.6331459953503696e-05,32,32,83.0,55.3,44.1,50,76.1,0,47.669,48.132,12.989642857142858,77.51214285714286,12.993571428571428,77.51357142857142,"LINESTRING(77.512143 12.989643, 77.513571 12.993571)",40,46.5,No,0,0,2,Good,Medium,1.88,1.0,0.0,23.9,Safe,SEG-00421,SEG_000000421,78.5,32,21.0,Aligned,31.8,59.4,Side Impact Potential,Urban,4,True,Commercial,Meets Safe System Standards,Outer Ring Road (ORR),111,0.184,Light,False,24.1,32,0,0
422,Outer Ring Road (ORR) Seg-113,Arterial,Aligned,8,8,Aligned,0.9764384939707407,0.9764384939707407,0.021459087901193417,0.002069697133155179,3.272099491050252e-05,44,44,72.5,34.1,35.8,50,86.0,0,48.132,48.595,12.993571428571428,77.51357142857142,12.9975,77.515,"LINESTRING(77.513571 12.993571, 77.515 12.9975)",50,34.4,No,0,0,2,Poor,Low,1.95,1.0,0.0,23.9,Safe,SEG-00422,SEG_000000422,74.3,44,20.9,Aligned,44.4,60.5,Side Impact Potential,Urban,3,False,Residential,Poor Infrastructure,Outer Ring Road (ORR),112,0.0,,False,40.7,44,0,0
423,Outer Ring Road (ORR) Seg-114,Arterial,Moderate Misalignment,28,28,Moderate Misalignment,0.9897926031152411,0.009452269803760186,0.9897926031152411,0.0007391310957320714,1.599598526682026e-05,46,46,88.0,40.0,40.9,50,99.3,0,48.595,49.058,12.9975,77.515,13.001428571428573,77.51642857142858,"LINESTRING(77.515 12.9975, 77.516429 13.001429)",40,42.4,No,0,0,1,Good,High,1.84,0.84,16.0,27.7,Moderate Risk,SEG-00423,SEG_000000423,70.8,46,28.6,Moderate Misalignment,46.5,59.4,Side Impact Potential,Urban,6,True,Industrial,Meets Safe System Standards,Outer Ring Road (ORR),113,0.0,,False,39.5,46,0,0
424,Outer Ring Road (ORR) Seg-115,Arterial,Aligned,8,8,Aligned,0.9826481416999931,0.9826481416999931,0.016594955104837977,0.0007480421993129187,8.860995856025556e-06,42,42,72.5,31.8,27.4,50,75.1,0,49.058,49.521,13.001428571428573,77.51642857142858,13.005357142857145,77.51785714285714,"LINESTRING(77.516429 13.001429, 77.517857 13.005357)",50,19.1,No,0,0,0,Good,Low,1.58,1.0,0.0,21.0,Safe,SEG-00424,SEG_000000424,75.4,42,18.3,Aligned,42.4,56.0,Side Impact Potential,Urban,3,False,Residential,Poor Infrastructure,Outer Ring Road (ORR),114,0.146,Light,False,33.4,42,0,0
425,Outer Ring Road (ORR) Seg-116,Arterial,Moderate Misalignment,29,29,Moderate Misalignment,0.9570418602082591,0.014249288552117146,0.9570418602082591,0.026362990951946053,0.002345860287677606,30,30,78.0,65.9,57.2,30,90.8,0,49.521,49.984,13.005357142857145,77.51785714285714,13.009285714285715,77.51928571428572,"LINESTRING(77.517857 13.005357, 77.519286 13.009286)",40,66.9,No,0,0,2,Poor,Low,1.81,0.89,11.0,34.4,Moderate Risk,SEG-00425,SEG_000000425,68.1,30,41.8,Moderate Misalignment,44.5,65.6,Significant Pedestrian Interaction,Urban,2,True,Commercial,High Pedestrian Interaction | Above Human Tolerance Limit,Outer Ring Road (ORR),115,0.174,Light,False,33.9,30,0,0
426,Outer Ring Road (ORR) Seg-117,Arterial,Aligned,8,8,Aligned,0.97459123127313,0.97459123127313,0.024783629571151943,0.0006013835458055283,2.375560991244919e-05,37,37,70.0,30.6,33.1,50,72.9,0,49.984,50.447,13.009285714285715,77.51928571428572,13.013214285714286,77.52071428571429,"LINESTRING(77.519286 13.009286, 77.520714 13.013214)",50,27.8,No,0,0,1,Good,Low,1.99,1.0,0.0,23.4,Safe,SEG-00426,SEG_000000426,73.9,37,20.4,Aligned,37.4,59.7,Side Impact Potential,Urban,2,False,Commercial,Poor Infrastructure,Outer Ring Road (ORR),116,0.0,,False,32.0,37,0,0
427,Outer Ring Road (ORR) Seg-118,Arterial,Moderate Misalignment,26,26,Moderate Misalignment,0.8841764955593523,0.10817884177433112,0.8841764955593523,0.007628084785629641,1.6577880687000097e-05,50,50,72.5,29.4,28.0,50,97.9,0,50.447,50.91,13.013214285714286,77.52071428571429,13.017142857142858,77.52214285714287,"LINESTRING(77.520714 13.013214, 77.522143 13.017143)",50,15.1,No,0,0,0,Good,Low,1.45,0.98,2.0,22.0,Safe,SEG-00427,SEG_000000427,73.9,50,19.9,Aligned,51.0,66.3,Side Impact Potential,Urban,3,False,Mixed,Poor Infrastructure,Outer Ring Road (ORR),117,0.0,,False,48.6,50,0,0
428,Outer Ring Road (ORR) Seg-119,Arterial,Aligned,12,12,Aligned,0.7649132188430597,0.7649132188430597,0.22737400891412277,0.007662347302341779,5.0424940475618536e-05,50,50,85.5,32.9,25.8,50,93.3,0,50.91,51.373000000000005,13.017142857142858,77.52214285714287,13.021071428571428,77.52357142857143,"LINESTRING(77.522143 13.017143, 77.523571 13.021071)",50,16.6,No,0,0,0,Good,Low,1.7,0.89,11.0,22.4,Safe,SEG-00428,SEG_000000428,72.7,50,23.2,Aligned,55.4,58.3,Side Impact Potential,Urban,5,True,Commercial,Poor Infrastructure,Outer Ring Road (ORR),118,0.0,,False,45.5,50,0,0
429,Outer Ring Road (ORR) Seg-120,Arterial,Aligned,8,8,Aligned,0.9727534233201615,0.9727534233201615,0.02665701150035899,0.0005802833535303644,9.281825949324329e-06,40,40,70.0,21.2,28.3,50,75.9,0,51.373,51.836,13.021071428571428,77.52357142857143,13.025,77.525,"LINESTRING(77.523571 13.021071, 77.525 13.025)",50,22.7,No,0,0,1,Good,Low,1.38,1.0,0.0,23.0,Safe,SEG-00429,SEG_000000429,72.2,40,20.0,Aligned,40.2,55.9,Side Impact Potential,Urban,2,False,Industrial,Poor Infrastructure,Outer Ring Road (ORR),119,0.0,,False,34.0,40,0,0
430,Outer Ring Road (ORR) Seg-121,Arterial,Aligned,8,8,Aligned,0.9806586723049084,0.9806586723049084,0.017677297435589046,0.001653893555581571,1.0136703920841242e-05,36,36,77.5,28.2,24.9,50,83.4,0,51.836,52.275,13.025,77.525,13.026111111111112,77.5288888888889,"LINESTRING(77.525 13.025, 77.528889 13.026111)",40,11.7,No,0,0,0,Poor,Medium,1.94,1.0,0.0,20.6,Safe,SEG-00430,SEG_000000430,74.9,36,17.9,Aligned,36.5,62.4,Side Impact Potential,Urban,5,False,Residential,Poor Infrastructure,Outer Ring Road (ORR),120,0.144,Light,False,28.9,36,0,0
431,Outer Ring Road (ORR) Seg-122,Arterial,Aligned,8,8,Aligned,0.9664943019145235,0.9664943019145235,0.031218598554567354,0.002271052529993829,1.6047000915403164e-05,33,33,80.5,10.6,27.1,50,81.6,0,52.275,52.714,13.026111111111112,77.5288888888889,13.027222222222225,77.53277777777778,"LINESTRING(77.528889 13.026111, 77.532778 13.027222)",40,15.5,No,0,0,0,Good,Low,1.91,1.0,0.0,24.1,Safe,SEG-00431,SEG_000000431,69.6,33,20.9,Aligned,33.1,61.8,Side Impact Potential,Urban,3,True,Residential,Poor Infrastructure,Outer Ring Road (ORR),121,0.0,,False,27.7,33,0,0
432,Outer Ring Road (ORR) Seg-123,Arterial,Aligned,8,8,Aligned,0.9683351869752148,0.9683351869752148,0.030768079164834396,0.000885767118399151,1.0966741551517087e-05,33,33,80.5,30.6,26.1,70,79.7,0,52.714,53.153,13.027222222222225,77.53277777777778,13.028333333333334,77.53666666666668,"LINESTRING(77.532778 13.027222, 77.536667 13.028333)",40,14.4,No,0,0,0,Good,Low,1.42,1.0,0.0,20.7,Safe,SEG-00432,SEG_000000432,75.3,33,18.0,Aligned,33.2,62.4,Separated Traffic,Urban,3,True,Mixed,Poor Infrastructure,Outer Ring Road (ORR),122,0.131,Light,False,26.5,33,0,0