segment_id,road_name,road_type,risk_category,road_risk_score,segment_risk_score,ai_risk_label,ai_risk_probability,prob_low_risk,prob_medium_risk,prob_high_risk,prob_critical_risk,ai_recommended_speed,recommended_safe_speed,road_function_score,infrastructure_score,exposure_score,human_tolerance_limit,operating_speed_score,crash_risk_score,start_km,end_km,start_lat,start_lon,end_lat,end_lon,geometry,posted_speed_limit,pedestrian_exposure_score,blackspot_flag,crash_count,fatal_crashes,schools_count,lighting_quality,roadside_hazards,intersection_density,speed_compliance_rate,speed_violation_score,hotspot_score,hotspot_category,human_segment_id,internal_id,speed_safety_score,original_safe_speed,misalignment_score,misalignment_category,speed_p85,ptw_share_pct,exposure_tier,urban_rural_flag,lane_count,median_presence,land_use_type,top_ai_factors,corridor_base,corridor_seq,congestion_index,congestion_category,congestion_smoothed,operating_speed_mean,final_safe_speed,minor_crashes,major_crashes
433,Outer Ring Road (ORR) Seg-124,Arterial,Aligned,9,9,Aligned,0.9145174497340958,0.9145174497340958,0.07859625811931101,0.00678228076001018,0.00010401138658292109,43,43,85.5,34.1,32.5,50,85.4,0,53.153,53.592,13.028333333333334,77.53666666666668,13.029444444444444,77.54055555555556,"LINESTRING(77.536667 13.028333, 77.540556 13.029444)",50,23.4,No,0,0,0,Good,Low,1.91,1.0,0.0,22.6,Safe,SEG-00433,SEG_000000433,74.9,43,19.8,Aligned,43.1,64.7,Side Impact Potential,Urban,5,True,Industrial,Poor Infrastructure,Outer Ring Road (ORR),123,0.0,,False,40.3,43,0,0
434,Outer Ring Road (ORR) Seg-125,Arterial,High Misalignment,51,51,High Misalignment,0.9327169511049654,0.0026505567755127136,0.06455721317239273,0.9327169511049654,7.527894712921724e-05,30,30,88.0,43.5,52.1,30,89.7,0,53.592,54.031,13.029444444444444,77.54055555555556,13.030555555555557,77.54444444444445,"LINESTRING(77.540556 13.029444, 77.544444 13.030556)",50,60.1,No,0,0,1,Good,Medium,1.89,0.89,11.0,41.4,Moderate Risk,SEG-00434,SEG_000000434,54.7,30,56.7,High Misalignment,55.3,63.7,Significant Pedestrian Interaction,Urban,6,True,Commercial,Speed Limit Misaligned | High Pedestrian Interaction | Above Human Tolerance Limit,Outer Ring Road (ORR),124,0.161,Light,False,43.1,30,0,0
435,Outer Ring Road (ORR) Seg-126,Arterial,Moderate Misalignment,20,20,Moderate Misalignment,0.638770919597983,0.35714867504698183,0.638770919597983,0.004066110965239245,1.4294389795905862e-05,50,50,75.0,7.1,20.9,50,94.6,0,54.031,54.47,13.030555555555557,77.54444444444445,13.031666666666666,77.54833333333333,"LINESTRING(77.544444 13.030556, 77.548333 13.031667)",40,4.6,No,0,0,0,Poor,Medium,1.5,0.76,24.0,26.2,Moderate Risk,SEG-00435,SEG_000000435,63.8,50,29.3,Moderate Misalignment,49.7,61.3,Side Impact Potential,Urban,4,False,Mixed,Poor Infrastructure,Outer Ring Road (ORR),125,0.207,Light,False,36.4,50,0,0
436,Outer Ring Road (ORR) Seg-127,Arterial,Moderate Misalignment,30,30,Moderate Misalignment,0.8484121041327604,0.031057628615846173,0.8484121041327604,0.12023628399769637,0.000293983253697125,30,30,85.5,58.8,51.4,30,67.7,0,54.47,54.909,13.031666666666666,77.54833333333333,13.032777777777778,77.55222222222223,"LINESTRING(77.548333 13.031667, 77.552222 13.032778)",50,55.0,No,0,0,2,Good,Low,1.79,1.0,0.0,36.6,Moderate Risk,SEG-00436,SEG_000000436,62.4,30,49.0,Moderate Misalignment,35.6,68.4,Significant Pedestrian Interaction,Urban,5,True,Mixed,High Pedestrian Interaction | Above Human Tolerance Limit,Outer Ring Road (ORR),126,0.13,Light,False,28.4,30,0,0
437,Outer Ring Road (ORR) Seg-128,Arterial,Aligned,8,8,Aligned,0.9461993840872045,0.9461993840872045,0.05197025029863764,0.00177397939191843,5.63862222394832e-05,34,34,72.5,23.5,39.6,50,85.1,0,54.909,55.348,13.032777777777778,77.55222222222223,13.033888888888889,77.55611111111111,"LINESTRING(77.552222 13.032778, 77.556111 13.033889)",40,42.0,No,0,0,1,Good,Low,1.92,1.0,0.0,27.0,Moderate Risk,SEG-00437,SEG_000000437,70.5,34,23.6,Aligned,33.5,61.6,Side Impact Potential,Urban,3,False,Residential,Poor Infrastructure,Outer Ring Road (ORR),127,0.0,,False,30.0,34,0,0
438,Outer Ring Road (ORR) Seg-129,Arterial,Aligned,8,8,Aligned,0.9586789180095927,0.9586789180095927,0.03951051800784726,0.0017738311621590553,3.673282040079059e-05,35,35,70.0,23.5,32.9,50,85.5,0,55.348,55.787,13.033888888888889,77.55611111111111,13.035,77.56,"LINESTRING(77.556111 13.033889, 77.56 13.035)",40,27.9,No,0,0,1,Good,High,1.67,1.0,0.0,24.4,Safe,SEG-00438,SEG_000000438,71.9,35,21.3,Aligned,35.4,56.9,Side Impact Potential,Urban,2,False,Commercial,Poor Infrastructure,Outer Ring Road (ORR),128,0.0,,False,30.3,35,0,0
439,Outer Ring Road (ORR) Seg-130,Arterial,Aligned,8,8,Aligned,0.9657363789672884,0.9657363789672884,0.03245986575152337,0.0017487197681109483,5.503551307702921e-05,36,36,80.0,14.1,40.5,50,81.3,0,55.787,56.226,13.035,77.56,13.036111111111111,77.5638888888889,"LINESTRING(77.56 13.035, 77.563889 13.036111)",40,37.8,No,0,0,1,Good,Low,1.8,1.0,0.0,28.8,Moderate Risk,SEG-00439,SEG_000000439,67.8,36,25.1,Moderate Misalignment,35.9,67.4,Side Impact Potential,Urban,6,False,Commercial,Poor Infrastructure,Outer Ring Road (ORR),129,0.176,Light,False,27.6,36,0,0
440,Outer Ring Road (ORR) Seg-131,Arterial,Aligned,8,8,Aligned,0.9723866811133621,0.9723866811133621,0.026424185666251765,0.0011776786644381717,1.1454555947882818e-05,43,43,77.5,41.2,29.1,50,65.7,0,56.226,56.665,13.036111111111111,77.5638888888889,13.037222222222224,77.56777777777778,"LINESTRING(77.563889 13.036111, 77.567778 13.037222)",60,18.9,No,0,0,0,Poor,Low,2.14,1.0,0.0,25.4,Moderate Risk,SEG-00440,SEG_000000440,69.9,43,30.6,Moderate Misalignment,43.4,64.6,Side Impact Potential,Urban,5,False,Commercial,Above Human Tolerance Limit,Outer Ring Road (ORR),130,0.0,,False,37.1,43,0,0
441,Outer Ring Road (ORR) Seg-132,Arterial,Aligned,8,8,Aligned,0.953537726358421,0.953537726358421,0.04520218987814709,0.0012555443772427485,4.539386189160184e-06,38,38,77.5,10.6,21.6,50,67.0,0,56.665,57.104,13.037222222222224,77.56777777777778,13.038333333333334,77.57166666666667,"LINESTRING(77.567778 13.037222, 77.571667 13.038333)",50,6.4,No,0,0,0,Good,Low,1.9,1.0,0.0,21.9,Safe,SEG-00441,SEG_000000441,70.7,38,19.0,Aligned,38.3,60.9,Side Impact Potential,Urban,5,False,Residential,Poor Infrastructure,Outer Ring Road (ORR),131,0.216,Light,False,28.0,38,0,0
442,Outer Ring Road (ORR) Seg-133,Arterial,Aligned,8,8,Aligned,0.9647882392784374,0.9647882392784374,0.03420732223950242,0.0009919895573415117,1.2448924718704243e-05,28,28,88.0,24.7,25.7,50,72.7,0,57.104,57.543,13.038333333333334,77.57166666666667,13.039444444444444,77.57555555555555,"LINESTRING(77.571667 13.038333, 77.575556 13.039444)",40,12.9,No,0,0,0,Good,Medium,1.8,1.0,0.0,21.4,Safe,SEG-00442,SEG_000000442,73.8,28,18.6,Aligned,28.0,63.1,Side Impact Potential,Urban,6,True,Residential,Poor Infrastructure,Outer Ring Road (ORR),132,0.162,Light,False,21.8,28,0,0
443,Outer Ring Road (ORR) Seg-134,Arterial,Aligned,8,8,Aligned,0.9758009184027654,0.9758009184027654,0.021401822198143766,0.0027488674498062954,4.8391949284706145e-05,35,35,75.0,40.0,34.7,50,85.1,0,57.543,57.982,13.039444444444444,77.57555555555555,13.040555555555557,77.57944444444445,"LINESTRING(77.575556 13.039444, 77.579444 13.040556)",40,31.8,No,0,0,0,Good,Medium,1.49,1.0,0.0,22.6,Safe,SEG-00443,SEG_000000443,76.1,35,19.8,Aligned,35.2,58.2,Side Impact Potential,Urban,4,False,Commercial,Meets Safe System Standards,Outer Ring Road (ORR),133,0.0,,False,30.0,35,0,0
444,Outer Ring Road (ORR) Seg-135,Arterial,Moderate Misalignment,31,41,Moderate Misalignment,0.8670705750222304,0.07309489152689717,0.8670705750222304,0.059709204639542345,0.00012532881133009503,30,28,78.0,38.8,40.4,30,71.1,10,57.982,58.421,13.040555555555557,77.57944444444445,13.041666666666666,77.58333333333333,"LINESTRING(77.579444 13.040556, 77.583333 13.041667)",50,45.4,No,1,0,1,Good,High,1.53,1.0,0.0,37.8,Moderate Risk,SEG-00444,SEG_000000444,57.1,30,47.8,Moderate Misalignment,39.9,55.5,Significant Pedestrian Interaction,Urban,2,True,Residential,High Pedestrian Interaction | Above Human Tolerance Limit,Outer Ring Road (ORR),134,0.164,Light,False,30.7,28,1,0
445,Outer Ring Road (ORR) Seg-136,Arterial,Aligned,7,7,Aligned,0.9876903116150212,0.9876903116150212,0.011695630687040881,0.0005943739599497706,1.968373798814599e-05,30,30,75.0,34.1,35.0,50,74.2,0,58.421,58.86,13.041666666666666,77.58333333333333,13.042777777777776,77.58722222222222,"LINESTRING(77.583333 13.041667, 77.587222 13.042778)",40,33.6,No,0,0,2,Good,Medium,2.05,1.0,0.0,23.6,Safe,SEG-00445,SEG_000000445,74.5,30,20.6,Aligned,29.8,57.0,Side Impact Potential,Urban,4,False,Residential,Poor Infrastructure,Outer Ring Road (ORR),135,0.166,Light,False,22.8,30,0,0
446,Outer Ring Road (ORR) Seg-137,Arterial,Aligned,8,8,Aligned,0.9560838052142566,0.9560838052142566,0.04237393999117166,0.0015299238497869152,1.2330944784727365e-05,36,36,75.0,17.6,29.0,50,67.2,0,58.86,59.299,13.042777777777776,77.58722222222222,13.043888888888889,77.5911111111111,"LINESTRING(77.587222 13.042778, 77.591111 13.043889)",50,18.7,No,0,0,0,Good,Medium,1.97,1.0,0.0,23.8,Safe,SEG-00446,SEG_000000446,71.1,36,20.7,Aligned,36.4,63.4,Side Impact Potential,Urban,4,False,Commercial,Poor Infrastructure,Outer Ring Road (ORR),136,0.167,Light,False,28.1,36,0,0
447,Outer Ring Road (ORR) Seg-138,Arterial,Moderate Misalignment,27,27,Moderate Misalignment,0.9143456061497709,0.08105490466942511,0.9143456061497709,0.004582196798103236,1.7292382700672598e-05,50,50,72.5,27.1,29.8,50,100.0,0,59.299,59.738,13.043888888888889,77.5911111111111,13.045,77.595,"LINESTRING(77.591111 13.043889, 77.595 13.045)",40,22.7,No,0,0,0,Good,Low,2.03,0.75,25.0,26.8,Moderate Risk,SEG-00447,SEG_000000447,67.3,50,30.2,Moderate Misalignment,50.1,59.8,Side Impact Potential,Urban,3,False,Residential,Poor Infrastructure,Outer Ring Road (ORR),137,0.135,Light,False,40.0,50,0,0
123,SH-17 (Old Madras Rd) Seg-1,Highway,Moderate Misalignment,30,30,Moderate Misalignment,0.7888537017674652,0.06279959156547224,0.7888537017674652,0.14787332085027602,0.00047338581678660986,50,50,100.0,34.1,26.4,50,70.4,0,0.0,0.878,12.99,77.65,12.992222222222225,77.65777777777778,"LINESTRING(77.65 12.99, 77.657778 12.992222)",60,12.8,No,0,0,0,Good,Low,0.48,1.0,0.0,25.4,Moderate Risk,SEG-00123,SEG_000000123,68.5,50,30.6,Moderate Misalignment,49.5,63.8,Side Impact Potential,Urban,6,False,Commercial,Poor Infrastructure | Above Human Tolerance Limit,SH-17 (Old Madras Rd),0,0.0,,False,40.2,50,0,0
124,SH-17 (Old Madras Rd) Seg-2,Highway,Moderate Misalignment,31,31,Moderate Misalignment,0.7125386238584663,0.08365424016133396,0.7125386238584663,0.20294480338032062,0.0008623325998791497,50,50,100.0,41.2,27.7,50,76.1,0,0.878,1.756,12.992222222222225,77.65777777777778,12.994444444444444,77.66555555555556,"LINESTRING(77.657778 12.992222, 77.665556 12.994444)",80,13.5,No,0,0,0,Good,High,0.52,1.0,0.0,35.2,Moderate Risk,SEG-00124,SEG_000000124,54.6,50,56.1,High Misalignment,70.7,68.5,Side Impact Potential,Urban,7,False,Residential,Speed Limit Misaligned | Above Human Tolerance Limit,SH-17 (Old Madras Rd),1,0.0,,False,64.1,50,0,0
125,SH-17 (Old Madras Rd) Seg-3,Highway,Moderate Misalignment,29,29,Moderate Misalignment,0.9400112421444439,0.024801711080783606,0.9400112421444439,0.03458421325019117,0.0006028335245814477,80,80,100.0,42.4,33.9,80,99.6,0,1.7559999999999998,2.634,12.994444444444444,77.66555555555556,12.996666666666666,77.67333333333333,"LINESTRING(77.665556 12.994444, 77.673333 12.996667)",70,25.5,No,0,0,1,Poor,Medium,0.61,0.79,21.0,28.0,Moderate Risk,SEG-00125,SEG_000000125,67.8,80,34.5,Moderate Misalignment,84.8,67.0,Separated Traffic,Urban,6,True,Residential,Meets Safe System Standards,SH-17 (Old Madras Rd),2,0.0,,False,70.3,80,0,0
126,SH-17 (Old Madras Rd) Seg-4,Highway,Aligned,13,13,Aligned,0.73364993963754,0.73364993963754,0.23927886311106958,0.027023850016964772,4.7347234425637145e-05,62,62,100.0,50.6,26.3,80,59.5,0,2.634,3.512,12.996666666666666,77.67333333333333,12.998888888888889,77.68111111111111,"LINESTRING(77.673333 12.996667, 77.681111 12.998889)",80,18.0,No,0,0,0,Good,Medium,0.4,1.0,0.0,17.7,Safe,SEG-00126,SEG_000000126,80.8,62,15.5,Aligned,61.9,55.0,Separated Traffic,Urban,7,True,Mixed,Meets Safe System Standards,SH-17 (Old Madras Rd),3,0.0,,False,53.0,62,0,0
127,SH-17 (Old Madras Rd) Seg-5,Highway,Aligned,15,15,Aligned,0.7456814182808887,0.7456814182808887,0.17079867346936733,0.08347122404732545,4.868420241860312e-05,64,64,100.0,0.0,18.6,80,84.5,0,3.512,3.607,12.998888888888889,77.68111111111111,12.99913,77.681955,"LINESTRING(77.681111 12.998889, 77.681955 12.99913)",70,3.4,No,0,0,0,Good,High,0.44,1.0,0.0,22.4,Safe,SEG-00127,SEG_000000127,68.4,64,19.4,Aligned,64.2,56.3,Separated Traffic,Urban,8,True,Mixed,Poor Infrastructure,SH-17 (Old Madras Rd),4,0.0,,False,59.6,64,0,0
128,SH-17 (Old Madras Rd) Seg-6,Highway,Aligned,12,12,Aligned,0.7930945148564231,0.7930945148564231,0.19064683329243406,0.016132263706765963,0.00012638814437681086,54,54,100.0,27.1,35.7,80,48.9,0,3.607,4.39,12.99913,77.681955,13.001111111111111,77.6888888888889,"LINESTRING(77.681955 12.99913, 77.688889 13.001111)",80,29.9,No,0,0,1,Good,High,0.54,1.0,0.0,24.9,Safe,SEG-00128,SEG_000000128,72.3,54,21.8,Aligned,54.0,67.5,Separated Traffic,Urban,4,True,Residential,Poor Infrastructure,SH-17 (Old Madras Rd),5,0.0,,False,46.0,54,0,0
129,SH-17 (Old Madras Rd) Seg-7,Highway,Aligned,12,12,Aligned,0.7709727906762257,0.7709727906762257,0.21367383754097102,0.01530006640394556,5.330537885773858e-05,80,80,100.0,24.7,27.9,80,71.4,0,4.39,5.268,13.001111111111111,77.6888888888889,13.003333333333334,77.69666666666667,"LINESTRING(77.688889 13.001111, 77.696667 13.003333)",90,19.7,No,0,0,1,Poor,High,0.39,1.0,0.0,27.5,Moderate Risk,SEG-00129,SEG_000000129,65.5,80,32.4,Moderate Misalignment,89.3,57.2,Separated Traffic,Peri-Urban,6,True,Residential,Approach to Congestion (Tapered) | Poor Infrastructure | Above Human Tolerance Limit,SH-17 (Old Madras Rd),6,0.142,Light,True,70.9,80,0,0
130,SH-17 (Old Madras Rd) Seg-8,Highway,Aligned,27,27,Aligned,0.5166493962626045,0.5166493962626045,0.07578301639093324,0.4073779218467839,0.00018966549967851435,80,80,100.0,48.2,27.0,80,18.3,0,5.268,6.146,13.003333333333334,77.69666666666667,13.005555555555556,77.70444444444445,"LINESTRING(77.696667 13.003333, 77.704444 13.005556)",80,22.6,No,0,0,0,Good,High,0.53,0.85,15.0,23.5,Safe,SEG-00130,SEG_000000130,72.4,80,28.8,Moderate Misalignment,92.3,48.7,Separated Traffic,Peri-Urban,6,True,Residential,Active Congestion,SH-17 (Old Madras Rd),7,0.737,Severe,False,25.5,80,0,0
131,SH-17 (Old Madras Rd) Seg-9,Highway,Moderate Misalignment,28,28,Moderate Misalignment,0.8570418352499977,0.08204650472532046,0.8570418352499977,0.06088472461204339,2.6935412638497382e-05,80,80,100.0,9.4,20.8,80,98.3,0,6.146,7.024,13.005555555555556,77.70444444444445,13.007777777777775,77.71222222222222,"LINESTRING(77.704444 13.005556, 77.712222 13.007778)",80,10.7,No,0,0,0,Good,Low,0.5,0.75,25.0,30.3,Moderate Risk,SEG-00131,SEG_000000131,57.9,80,40.0,Moderate Misalignment,100.3,50.6,Separated Traffic,Peri-Urban,5,True,Residential,Poor Infrastructure,SH-17 (Old Madras Rd),8,0.149,Light,False,78.9,80,0,0
132,SH-17 (Old Madras Rd) Seg-10,Highway,Aligned,10,10,Aligned,0.8334132128004241,0.8334132128004241,0.153555380097519,0.012928613149881429,0.0001027939521755448,65,65,100.0,44.7,33.2,80,71.1,0,7.024,7.902,13.007777777777775,77.71222222222222,13.01,77.72,"LINESTRING(77.712222 13.007778, 77.72 13.01)",80,30.3,No,0,0,1,Good,Medium,0.37,1.0,0.0,21.3,Safe,SEG-00132,SEG_000000132,77.8,65,18.6,Aligned,65.1,53.2,Separated Traffic,Peri-Urban,5,True,Residential,Meets Safe System Standards,SH-17 (Old Madras Rd),9,0.0,,False,60.8,65,0,0
133,SH-17 (Old Madras Rd) Seg-11,Highway,Aligned,10,10,Aligned,0.8880223326439405,0.8880223326439405,0.10528065386826405,0.00668801410373568,8.999384059754273e-06,56,56,100.0,0.0,19.0,80,68.5,0,7.902000000000001,8.774000000000001,13.01,77.72,13.012307692307692,77.72769230769231,"LINESTRING(77.72 13.01, 77.727692 13.012308)",70,7.1,No,0,0,0,Poor,High,0.43,1.0,0.0,22.6,Safe,SEG-00133,SEG_000000133,68.3,56,19.5,Aligned,56.5,50.6,Separated Traffic,Peri-Urban,4,True,Industrial,Poor Infrastructure,SH-17 (Old Madras Rd),10,0.0,,False,49.0,56,0,0
134,SH-17 (Old Madras Rd) Seg-12,Highway,High Misalignment,50,50,High Misalignment,0.902884385118934,0.005045335313472472,0.09204333124079372,0.902884385118934,2.6948326799953262e-05,50,50,100.0,7.1,20.9,50,44.2,0,8.774000000000001,9.646,13.012307692307692,77.72769230769231,13.014615384615384,77.73538461538462,"LINESTRING(77.727692 13.012308, 77.735385 13.014615)",90,8.4,No,0,0,0,Poor,Low,0.41,1.0,0.0,43.0,Moderate Risk,SEG-00134,SEG_000000134,38.8,50,71.1,High Misalignment,71.2,53.7,Side Impact Potential,Peri-Urban,6,False,Residential,Speed Limit Misaligned | Poor Infrastructure | Above Human Tolerance Limit,SH-17 (Old Madras Rd),11,0.197,Light,False,52.8,50,0,0
135,SH-17 (Old Madras Rd) Seg-13,Highway,Aligned,10,10,Aligned,0.8424778176241258,0.8424778176241258,0.1518524145864012,0.0056620072505705905,7.760538902526843e-06,49,49,100.0,4.7,21.3,80,76.3,0,9.646,10.518,13.014615384615384,77.73538461538462,13.016923076923076,77.74307692307693,"LINESTRING(77.735385 13.014615, 77.743077 13.016923)",60,10.6,No,0,0,0,Poor,Medium,0.41,1.0,0.0,22.7,Safe,SEG-00135,SEG_000000135,69.1,49,19.7,Aligned,48.6,52.3,Separated Traffic,Peri-Urban,8,True,Commercial,Poor Infrastructure,SH-17 (Old Madras Rd),12,0.0,,False,44.2,49,0,0
136,SH-17 (Old Madras Rd) Seg-14,Highway,Moderate Misalignment,20,20,Moderate Misalignment,0.5806994900350384,0.3993112675930844,0.5806994900350384,0.019972121006280482,1.712136559676133e-05,66,66,100.0,0.0,18.6,80,43.1,0,10.518,11.39,13.016923076923076,77.74307692307693,13.019230769230768,77.75076923076922,"LINESTRING(77.743077 13.016923, 77.750769 13.019231)",90,0.8,No,0,0,0,Good,Low,0.34,1.0,0.0,27.6,Moderate Risk,SEG-00136,SEG_000000136,60.6,66,32.3,Moderate Misalignment,65.5,60.5,Separated Traffic,Peri-Urban,4,True,Mixed,Poor Infrastructure | Above Human Tolerance Limit,SH-17 (Old Madras Rd),13,0.134,Light,False,52.1,66,0,0
137,SH-17 (Old Madras Rd) Seg-15,Highway,Moderate Misalignment,22,22,Moderate Misalignment,0.4927096266141866,0.41508920586537246,0.4927096266141866,0.08938263639930057,0.0028185311211405117,56,56,100.0,0.0,17.5,80,87.0,0,11.39,12.262,13.019230769230768,77.75076923076922,13.02153846153846,77.75846153846153,"LINESTRING(77.750769 13.019231, 77.758462 13.021538)",60,3.9,No,0,0,0,Good,Medium,0.34,1.0,0.0,22.0,Safe,SEG-00137,SEG_000000137,68.6,56,19.0,Aligned,55.8,51.0,Separated Traffic,Peri-Urban,6,True,Residential,Approach to Congestion (Tapered) | Poor Infrastructure,SH-17 (Old Madras Rd),14,0.0,,True,51.3,56,0,0
138,SH-17 (Old Madras Rd) Seg-16,Highway,Moderate Misalignment,27,27,Moderate Misalignment,0.9462171851356252,0.04064340779861934,0.9462171851356252,0.013131334905292351,8.072160462982027e-06,80,80,100.0,37.6,27.9,80,0.0,0,12.262,13.134,13.02153846153846,77.75846153846153,13.023846153846153,77.76615384615384,"LINESTRING(77.758462 13.021538, 77.766154 13.023846)",100,22.5,No,0,0,0,Poor,Medium,0.31,1.0,0.0,30.7,Moderate Risk,SEG-00138,SEG_000000138,61.4,80,43.6,Moderate Misalignment,95.8,50.2,Separated Traffic,Peri-Urban,8,True,Commercial,Active Congestion | Above Human Tolerance Limit,SH-17 (Old Madras Rd),15,0.791,Severe,False,21.8,80,0,0
139,SH-17 (Old Madras Rd) Seg-17,Highway,Aligned,10,10,Aligned,0.8445174779030966,0.8445174779030966,0.15062064050369703,0.003975080039702806,0.0008868015535035146,80,80,100.0,10.6,17.3,80,73.7,0,13.134,14.006,13.023846153846153,77.76615384615384,13.026153846153846,77.77384615384615,"LINESTRING(77.766154 13.023846, 77.773846 13.026154)",80,4.3,No,0,0,0,Poor,Low,0.3,0.97,3.0,21.1,Safe,SEG-00139,SEG_000000139,70.3,80,19.7,Aligned,82.1,50.3,Separated Traffic,Peri-Urban,8,True,Commercial,Poor Infrastructure,SH-17 (Old Madras Rd),16,0.178,Light,False,62.5,80,0,0
140,SH-17 (Old Madras Rd) Seg-18,Highway,Moderate Misalignment,27,27,Moderate Misalignment,0.7993070509423955,0.13467289896872428,0.7993070509423955,0.06597243652831605,4.761356056416341e-05,80,80,100.0,20.0,17.8,80,85.0,0,14.006,14.878,13.026153846153846,77.77384615384615,13.02846153846154,77.78153846153846,"LINESTRING(77.773846 13.026154, 77.781538 13.028462)",90,9.0,No,0,0,0,Poor,Medium,0.27,1.0,0.0,24.2,Safe,SEG-00140,SEG_000000140,66.3,80,29.5,Moderate Misalignment,85.4,43.0,Separated Traffic,Rural,5,True,Residential,Poor Infrastructure | Above Human Tolerance Limit,SH-17 (Old Madras Rd),17,0.0,,False,80.0,80,0,0
141,SH-17 (Old Madras Rd) Seg-19,Highway,Moderate Misalignment,30,30,Moderate Misalignment,0.8900427416495639,0.016413828781827837,0.8900427416495639,0.08325418824513507,0.010289241323473175,50,50,100.0,20.0,19.9,50,89.3,0,14.878,15.75,13.02846153846154,77.78153846153846,13.03076923076923,77.78923076923077,"LINESTRING(77.781538 13.028462, 77.789231 13.030769)",60,14.3,No,0,0,0,Good,Low,0.35,0.77,23.0,30.8,Moderate Risk,SEG-00141,SEG_000000141,57.3,50,44.5,Moderate Misalignment,73.8,41.4,Side Impact Potential,Rural,4,False,Residential,Poor Infrastructure | Above Human Tolerance Limit,SH-17 (Old Madras Rd),18,0.0,,False,67.1,50,0,0
142,SH-17 (Old Madras Rd) Seg-20,Highway,Moderate Misalignment,27,27,Moderate Misalignment,0.9705677943829396,0.02378774103654915,0.9705677943829396,0.005477410197041626,0.00016705438346963604,68,68,100.0,10.6,15.6,80,98.5,0,15.75,16.622,13.03076923076923,77.78923076923077,13.033076923076925,77.79692307692306,"LINESTRING(77.789231 13.030769, 77.796923 13.033077)",60,3.3,No,0,0,0,Poor,Medium,0.33,0.87,13.0,22.9,Safe,SEG-00142,SEG_000000142,67.1,68,25.1,Moderate Misalignment,67.8,46.6,Separated Traffic,Rural,7,True,Residential,Poor Infrastructure,SH-17 (Old Madras Rd),19,0.0,,False,59.0,68,0,0
143,SH-17 (Old Madras Rd) Seg-21,Highway,Moderate Misalignment,19,19,Moderate Misalignment,0.5044252683786683,0.46542972521808146,0.5044252683786683,0.03005047327215778,9.453313109245384e-05,59,59,100.0,9.4,13.9,80,91.5,0,16.622,17.494,13.033076923076925,77.79692307692306,13.035384615384617,77.80461538461537,"LINESTRING(77.796923 13.033077, 77.804615 13.035385)",60,3.4,No,0,0,0,Poor,Medium,0.26,1.0,0.0,19.1,Safe,SEG-00143,SEG_000000143,72.0,59,16.5,Aligned,59.4,39.9,Separated Traffic,Rural,4,True,Industrial,Poor Infrastructure,SH-17 (Old Madras Rd),20,0.0,,False,54.3,59,0,0
144,SH-17 (Old Madras Rd) Seg-22,Highway,Aligned,14,24,Aligned,0.8229380504732874,0.8229380504732874,0.17148012890814576,0.0055545836506614285,2.72369679054795e-05,62,60,100.0,10.6,14.2,80,62.8,10,17.494,18.366,13.035384615384617,77.80461538461537,13.037692307692309,77.81230769230768,"LINESTRING(77.804615 13.035385, 77.812308 13.037692)",70,7.0,No,1,0,0,Poor,Medium,0.28,1.0,0.0,21.6,Safe,SEG-00144,SEG_000000144,70.2,62,16.5,Aligned,61.9,34.0,Separated Traffic,Rural,5,True,Mixed,Poor Infrastructure,SH-17 (Old Madras Rd),21,0.212,Light,False,45.2,60,1,0
145,SH-17 (Old Madras Rd) Seg-23,Highway,Moderate Misalignment,28,28,Moderate Misalignment,0.9833708720761187,0.010727936752262753,0.9833708720761187,0.005882900786377947,1.8290385240366354e-05,76,76,100.0,14.1,26.6,80,98.4,0,18.366,19.238,13.037692307692309,77.81230769230768,13.04,77.82,"LINESTRING(77.812308 13.037692, 77.82 13.04)",60,25.1,No,0,0,1,Poor,Medium,0.24,0.73,27.0,30.0,Moderate Risk,SEG-00145,SEG_000000145,60.7,76,36.8,Moderate Misalignment,75.9,43.5,Separated Traffic,Rural,6,True,Residential,Poor Infrastructure,SH-17 (Old Madras Rd),22,0.156,Light,False,59.0,76,0,0
146,SH-17 (Old Madras Rd) Seg-24,Highway,Aligned,16,16,Aligned,0.5962394414134284,0.5962394414134284,0.3916398212133492,0.012111213981288631,9.523391933783534e-06,80,80,100.0,0.0,15.5,80,79.3,0,19.238,20.122,13.04,77.82,13.042142857142856,77.82785714285714,"LINESTRING(77.82 13.04, 77.827857 13.042143)",90,9.1,No,0,0,0,Poor,Low,0.21,1.0,0.0,26.4,Moderate Risk,SEG-00146,SEG_000000146,61.2,80,31.3,Moderate Misalignment,81.4,36.4,Separated Traffic,Rural,8,True,Mixed,Poor Infrastructure | Above Human Tolerance Limit,SH-17 (Old Madras Rd),23,0.0,,False,76.2,80,0,0