segment_id,road_name,road_type,risk_category,road_risk_score,segment_risk_score,ai_risk_label,ai_risk_probability,prob_low_risk,prob_medium_risk,prob_high_risk,prob_critical_risk,ai_recommended_speed,recommended_safe_speed,road_function_score,infrastructure_score,exposure_score,human_tolerance_limit,operating_speed_score,crash_risk_score,start_km,end_km,start_lat,start_lon,end_lat,end_lon,geometry,posted_speed_limit,pedestrian_exposure_score,blackspot_flag,crash_count,fatal_crashes,schools_count,lighting_quality,roadside_hazards,intersection_density,speed_compliance_rate,speed_violation_score,hotspot_score,hotspot_category,human_segment_id,internal_id,speed_safety_score,original_safe_speed,misalignment_score,misalignment_category,speed_p85,ptw_share_pct,exposure_tier,urban_rural_flag,lane_count,median_presence,land_use_type,top_ai_factors,corridor_base,corridor_seq,congestion_index,congestion_category,congestion_smoothed,operating_speed_mean,final_safe_speed,minor_crashes,major_crashes
147,SH-17 (Old Madras Rd) Seg-25,Highway,High Misalignment,31,31,High Misalignment,0.44889495361866427,0.37480922976379555,0.175829776244451,0.44889495361866427,0.0004660403730893207,80,80,100.0,9.4,20.6,80,86.6,0,20.122,21.006,13.042142857142856,77.82785714285714,13.044285714285714,77.83571428571427,"LINESTRING(77.827857 13.042143, 77.835714 13.044286)",90,13.2,No,0,0,0,Poor,High,0.2,0.77,23.0,35.4,Moderate Risk,SEG-00147,SEG_000000147,50.0,80,53.1,High Misalignment,110.5,43.4,Separated Traffic,Rural,4,True,Industrial,Speed Limit Misaligned | Poor Infrastructure | Above Human Tolerance Limit,SH-17 (Old Madras Rd),24,0.0,,False,98.9,80,0,0
148,SH-17 (Old Madras Rd) Seg-26,Highway,Aligned,17,17,Aligned,0.5630671520487409,0.5630671520487409,0.42538554720308397,0.011540820991650273,6.479756524977367e-06,57,57,100.0,0.0,14.7,80,65.9,0,21.006,21.89,13.044285714285714,77.83571428571427,13.04642857142857,77.84357142857142,"LINESTRING(77.835714 13.044286, 77.843571 13.046429)",70,2.6,No,0,0,0,Good,Medium,0.24,1.0,0.0,20.9,Safe,SEG-00148,SEG_000000148,69.2,57,18.0,Aligned,57.1,44.7,Separated Traffic,Rural,7,True,Residential,Poor Infrastructure,SH-17 (Old Madras Rd),25,0.0,,False,47.3,57,0,0
149,SH-17 (Old Madras Rd) Seg-27,Highway,Aligned,10,10,Aligned,0.8937484758993436,0.8937484758993436,0.08793320819080629,0.018273877194033238,4.443871581699331e-05,47,47,100.0,29.4,25.8,80,50.3,0,21.89,22.774,13.04642857142857,77.84357142857142,13.048571428571428,77.85142857142857,"LINESTRING(77.843571 13.046429, 77.851429 13.048571)",70,31.2,No,0,0,1,Poor,Medium,0.18,1.0,0.0,20.8,Safe,SEG-00149,SEG_000000149,75.0,47,18.1,Aligned,47.0,33.7,Separated Traffic,Rural,6,True,Mixed,Poor Infrastructure,SH-17 (Old Madras Rd),26,0.145,Light,False,36.9,47,0,0
150,SH-17 (Old Madras Rd) Seg-28,Highway,Moderate Misalignment,30,40,Moderate Misalignment,0.9246315966488272,0.05546969003056907,0.9246315966488272,0.01977095453606977,0.00012775878453395842,80,78,100.0,0.0,10.2,80,97.9,10,22.774,23.658,13.048571428571428,77.85142857142857,13.050714285714283,77.85928571428572,"LINESTRING(77.851429 13.048571, 77.859286 13.050714)",80,0.2,No,1,0,0,Good,Low,0.18,0.86,14.0,26.3,Moderate Risk,SEG-00150,SEG_000000150,61.1,80,28.2,Moderate Misalignment,91.3,33.6,Separated Traffic,Rural,4,True,Residential,Poor Infrastructure,SH-17 (Old Madras Rd),27,0.0,,False,81.4,78,1,0
151,SH-17 (Old Madras Rd) Seg-29,Highway,Aligned,15,15,Aligned,0.601204387558499,0.601204387558499,0.385811373678362,0.012971031358234818,1.3207404904240034e-05,80,80,100.0,22.4,18.1,80,55.7,0,23.658,24.542,13.050714285714283,77.85928571428572,13.052857142857142,77.86714285714285,"LINESTRING(77.859286 13.050714, 77.867143 13.052857)",90,7.8,No,0,0,0,Poor,High,0.19,1.0,0.0,24.0,Safe,SEG-00151,SEG_000000151,66.9,80,29.3,Moderate Misalignment,84.6,46.8,Separated Traffic,Rural,8,True,Industrial,Poor Infrastructure | Above Human Tolerance Limit,SH-17 (Old Madras Rd),28,0.233,Light,False,60.4,80,0,0
152,SH-17 (Old Madras Rd) Seg-30,Highway,Aligned,9,9,Aligned,0.9257544491520354,0.9257544491520354,0.06307050115731062,0.011170321372691076,4.728317962652291e-06,43,43,100.0,0.0,13.9,80,58.5,0,24.542,25.426,13.052857142857142,77.86714285714285,13.055,77.875,"LINESTRING(77.867143 13.052857, 77.875 13.055)",60,0.8,No,0,0,0,Poor,High,0.13,1.0,0.0,20.6,Safe,SEG-00152,SEG_000000152,69.3,43,17.8,Aligned,42.8,44.9,Separated Traffic,Rural,8,True,Industrial,Poor Infrastructure,SH-17 (Old Madras Rd),29,0.186,Light,False,32.3,43,0,0
153,SH-17 (Old Madras Rd) Seg-31,Highway,Moderate Misalignment,27,27,Moderate Misalignment,0.9418022123703101,0.03943479333010137,0.9418022123703101,0.01871621504267423,4.6779256914307734e-05,80,80,100.0,0.0,14.9,80,94.0,0,25.426,26.31,13.055,77.875,13.057142857142855,77.88285714285715,"LINESTRING(77.875 13.055, 77.882857 13.057143)",80,2.9,No,0,0,0,Poor,Medium,0.15,0.87,13.0,25.4,Moderate Risk,SEG-00153,SEG_000000153,62.5,80,29.2,Moderate Misalignment,90.7,44.3,Separated Traffic,Rural,6,True,Industrial,Poor Infrastructure,SH-17 (Old Madras Rd),30,0.0,,False,84.0,80,0,0
154,SH-17 (Old Madras Rd) Seg-32,Highway,Aligned,9,9,Aligned,0.8957773545821954,0.8957773545821954,0.09610359281459298,0.008108132861314378,1.0919741897164296e-05,42,42,100.0,0.0,18.0,80,62.3,0,26.31,27.194,13.057142857142855,77.88285714285715,13.059285714285714,77.89071428571428,"LINESTRING(77.882857 13.057143, 77.890714 13.059286)",60,10.4,No,0,0,0,Poor,Medium,0.1,1.0,0.0,22.2,Safe,SEG-00154,SEG_000000154,68.5,42,19.2,Aligned,42.4,40.6,Separated Traffic,Rural,8,True,Residential,Poor Infrastructure,SH-17 (Old Madras Rd),31,0.0,,False,34.8,42,0,0
155,SH-17 (Old Madras Rd) Seg-33,Highway,Moderate Misalignment,27,27,Moderate Misalignment,0.9047331989971581,0.06475379855290782,0.9047331989971581,0.030451119336819633,6.188311311442166e-05,80,80,100.0,0.0,14.2,80,92.4,0,27.194,28.078,13.059285714285714,77.89071428571428,13.061428571428571,77.89857142857143,"LINESTRING(77.890714 13.059286, 77.898571 13.061429)",80,3.4,No,0,0,0,Poor,Medium,0.13,0.66,34.0,32.0,Moderate Risk,SEG-00155,SEG_000000155,52.4,80,46.0,Moderate Misalignment,107.1,41.0,Separated Traffic,Rural,7,True,Residential,Poor Infrastructure,SH-17 (Old Madras Rd),32,0.136,Light,False,85.0,80,0,0
156,SH-17 (Old Madras Rd) Seg-34,Highway,Moderate Misalignment,30,40,Moderate Misalignment,0.880947913621104,0.0979277716322255,0.880947913621104,0.020852171393666335,0.00027214335300435077,80,78,100.0,10.6,16.3,80,87.7,10,28.078,28.962,13.061428571428571,77.89857142857143,13.063571428571429,77.90642857142858,"LINESTRING(77.898571 13.061429, 77.906429 13.063571)",70,5.6,No,1,0,0,Poor,High,0.13,0.69,31.0,31.4,Moderate Risk,SEG-00156,SEG_000000156,56.3,80,39.7,Moderate Misalignment,91.7,44.6,Separated Traffic,Rural,8,True,Industrial,Poor Infrastructure,SH-17 (Old Madras Rd),33,0.0,,False,78.2,78,1,0
157,SH-17 (Old Madras Rd) Seg-35,Highway,Aligned,8,8,Aligned,0.9586694177476787,0.9586694177476787,0.04053425025160118,0.0007930043164495057,3.327684270487562e-06,61,61,100.0,0.0,11.9,80,74.9,0,28.962,29.846,13.063571428571429,77.90642857142858,13.065714285714286,77.91428571428573,"LINESTRING(77.906429 13.063571, 77.914286 13.065714)",70,2.4,No,0,0,0,Poor,High,0.14,1.0,0.0,19.8,Safe,SEG-00157,SEG_000000157,69.7,61,17.1,Aligned,60.6,35.3,Separated Traffic,Rural,8,True,Commercial,Poor Infrastructure,SH-17 (Old Madras Rd),34,0.0,,False,53.3,61,0,0
158,SH-17 (Old Madras Rd) Seg-36,Highway,Moderate Misalignment,28,28,Moderate Misalignment,0.9780054841642516,0.01731849319494198,0.9780054841642516,0.004537630403915228,0.00013839223689117726,75,75,100.0,10.6,15.4,80,99.5,0,29.846,30.73,13.065714285714286,77.91428571428573,13.067857142857145,77.92214285714286,"LINESTRING(77.914286 13.065714, 77.922143 13.067857)",60,4.1,No,0,0,0,Poor,Medium,0.14,0.75,25.0,25.6,Moderate Risk,SEG-00158,SEG_000000158,62.9,75,32.1,Moderate Misalignment,74.7,44.1,Separated Traffic,Rural,6,True,Residential,Poor Infrastructure,SH-17 (Old Madras Rd),35,0.14,Light,False,59.7,75,0,0
159,SH-17 (Old Madras Rd) Seg-37,Highway,Aligned,17,17,Aligned,0.5489385335608918,0.5489385335608918,0.4460999230681823,0.004953994369287991,7.549001638044309e-06,80,80,100.0,7.1,19.8,80,74.9,0,30.73,31.614,13.067857142857145,77.92214285714286,13.07,77.93,"LINESTRING(77.922143 13.067857, 77.93 13.07)",90,13.4,No,0,0,0,Good,Medium,0.13,1.0,0.0,27.0,Moderate Risk,SEG-00159,SEG_000000159,62.3,80,31.8,Moderate Misalignment,81.7,43.4,Separated Traffic,Rural,5,True,Residential,Poor Infrastructure | Above Human Tolerance Limit,SH-17 (Old Madras Rd),36,0.0,,False,73.3,80,0,0
160,SH-35 (Kanakapura Rd) Seg-1,Highway,Aligned,9,9,Aligned,0.9009397531179351,0.9009397531179351,0.08664557949784416,0.012396963778571165,1.7703605649683054e-05,57,57,100.0,35.3,24.6,80,74.2,0,0.0,0.875,12.94,77.57,12.933076923076923,77.56615384615384,"LINESTRING(77.57 12.94, 77.566154 12.933077)",70,12.1,No,0,0,0,Good,High,0.68,1.0,0.0,19.4,Safe,SEG-00160,SEG_000000160,76.9,57,16.9,Aligned,57.2,59.3,Separated Traffic,Urban,4,True,Residential,Meets Safe System Standards,SH-35 (Kanakapura Rd),0,0.0,,False,52.8,57,0,0
161,SH-35 (Kanakapura Rd) Seg-2,Highway,High Misalignment,50,50,High Misalignment,0.8782111974499076,0.005106174888624589,0.11663938455676234,0.8782111974499076,4.324310470534252e-05,50,50,100.0,77.6,45.1,50,63.1,0,0.875,1.75,12.933076923076923,77.56615384615384,12.926153846153843,77.56230769230768,"LINESTRING(77.566154 12.933077, 77.562308 12.926154)",90,53.6,No,0,0,1,Poor,Low,0.51,1.0,0.0,41.6,Moderate Risk,SEG-00161,SEG_000000161,53.3,50,70.3,High Misalignment,85.8,55.5,Side Impact Potential,Urban,6,True,Residential,Speed Limit Misaligned | Above Human Tolerance Limit,SH-35 (Kanakapura Rd),1,0.182,Light,False,65.4,50,0,0
162,SH-35 (Kanakapura Rd) Seg-3,Highway,High Misalignment,61,61,High Misalignment,0.5120726086592695,1.8569546303504795e-05,0.0032884667769192905,0.5120726086592695,0.4846203550175077,30,30,100.0,87.1,55.1,30,100.0,0,1.75,2.625,12.926153846153843,77.56230769230768,12.919230769230769,77.55846153846153,"LINESTRING(77.562308 12.926154, 77.558462 12.919231)",60,67.7,No,0,0,2,Good,Low,0.55,0.72,28.0,45.9,Moderate Risk,SEG-00162,SEG_000000162,51.1,30,77.2,Critical Misalignment,77.0,66.0,Significant Pedestrian Interaction,Urban,4,True,Commercial,Speed Limit Misaligned | High Pedestrian Interaction | Above Human Tolerance Limit,SH-35 (Kanakapura Rd),2,0.155,Light,False,60.0,30,0,0
163,SH-35 (Kanakapura Rd) Seg-4,Highway,Aligned,15,15,Aligned,0.6351101100783006,0.6351101100783006,0.34350699382745076,0.021360944193242016,2.1951901006841832e-05,67,67,100.0,20.0,23.3,80,56.4,0,2.625,3.5,12.919230769230769,77.55846153846153,12.912307692307692,77.55461538461537,"LINESTRING(77.558462 12.919231, 77.554615 12.912308)",90,11.8,No,0,0,0,Poor,High,0.47,1.0,0.0,26.4,Moderate Risk,SEG-00163,SEG_000000163,65.2,67,31.4,Moderate Misalignment,67.3,57.4,Separated Traffic,Urban,7,True,Commercial,Poor Infrastructure | Above Human Tolerance Limit,SH-35 (Kanakapura Rd),3,0.0,,False,60.9,67,0,0
164,SH-35 (Kanakapura Rd) Seg-5,Highway,Moderate Misalignment,23,23,Moderate Misalignment,0.6922738297072791,0.2683402330866979,0.6922738297072791,0.03874503344721334,0.00064090375880964,80,80,100.0,28.2,37.3,80,83.3,0,3.5,3.709,12.912307692307692,77.55461538461537,12.910651,77.55369499999999,"LINESTRING(77.554615 12.912308, 77.553695 12.910651)",90,30.2,No,0,0,1,Good,Medium,0.43,0.95,5.0,32.3,Moderate Risk,SEG-00164,SEG_000000164,61.9,80,39.6,Moderate Misalignment,94.3,68.4,Separated Traffic,Urban,8,True,Residential,Poor Infrastructure | Above Human Tolerance Limit,SH-35 (Kanakapura Rd),4,0.0,,False,78.9,80,0,0
165,SH-35 (Kanakapura Rd) Seg-6,Highway,Critical Misalignment,70,70,Critical Misalignment,0.9921817274223894,1.8916890423059314e-05,0.0035695098996534175,0.0042298457875340825,0.9921817274223894,30,30,100.0,61.2,44.9,30,81.9,0,3.709,4.375,12.910651,77.55369499999999,12.905384615384614,77.55076923076922,"LINESTRING(77.553695 12.910651, 77.550769 12.905385)",90,50.2,No,0,0,1,Good,Low,0.5,1.0,0.0,54.4,High Risk,SEG-00165,SEG_000000165,33.3,30,98.3,Critical Misalignment,84.9,58.8,Significant Pedestrian Interaction,Urban,5,True,Commercial,Speed Limit Misaligned | High Pedestrian Interaction | Above Human Tolerance Limit,SH-35 (Kanakapura Rd),5,0.0,,False,78.0,30,0,0
166,SH-35 (Kanakapura Rd) Seg-7,Highway,Aligned,8,8,Aligned,0.9547226855696097,0.9547226855696097,0.037463332193333476,0.007808848831069784,5.13340598710201e-06,68,68,100.0,12.9,20.8,80,74.9,0,4.375,5.25,12.905384615384614,77.55076923076922,12.898461538461538,77.54692307692306,"LINESTRING(77.550769 12.905385, 77.546923 12.898462)",70,4.1,No,0,0,0,Good,High,0.54,1.0,0.0,21.3,Safe,SEG-00166,SEG_000000166,71.5,68,18.5,Aligned,67.8,62.3,Separated Traffic,Urban,6,True,Mixed,Approach to Congestion (Tapered) | Poor Infrastructure,SH-35 (Kanakapura Rd),6,0.151,Light,True,53.3,68,0,0
167,SH-35 (Kanakapura Rd) Seg-8,Highway,High Misalignment,52,52,High Misalignment,0.9876174628021815,0.0021336638630244137,0.01021010699720133,0.9876174628021815,3.876633759261502e-05,50,50,100.0,9.4,25.8,50,3.6,0,5.25,6.125,12.898461538461538,77.54692307692306,12.89153846153846,77.54307692307692,"LINESTRING(77.546923 12.898462, 77.543077 12.891538)",80,9.6,No,0,0,0,Good,High,0.54,1.0,0.0,39.3,Moderate Risk,SEG-00167,SEG_000000167,46.2,50,59.5,High Misalignment,66.6,68.7,Side Impact Potential,Urban,4,False,Residential,Speed Limit Misaligned | Active Congestion | Poor Infrastructure,SH-35 (Kanakapura Rd),7,0.784,Severe,False,15.7,50,0,0
168,SH-35 (Kanakapura Rd) Seg-9,Highway,Aligned,11,11,Aligned,0.8124672083773211,0.8124672083773211,0.18334608049901613,0.00417657726089364,1.0133862769120779e-05,62,62,100.0,14.1,19.9,80,73.7,0,6.125,7.0,12.89153846153846,77.54307692307692,12.884615384615383,77.53923076923077,"LINESTRING(77.543077 12.891538, 77.539231 12.884615)",70,10.1,No,0,0,1,Poor,Low,0.38,1.0,0.0,20.8,Safe,SEG-00168,SEG_000000168,72.0,62,18.0,Aligned,62.0,48.9,Separated Traffic,Peri-Urban,4,True,Mixed,Poor Infrastructure,SH-35 (Kanakapura Rd),8,0.0,,False,52.5,62,0,0
169,SH-35 (Kanakapura Rd) Seg-10,Highway,Moderate Misalignment,19,19,Moderate Misalignment,0.5580203381352649,0.43255639152522657,0.5580203381352649,0.009349913975586944,7.33563639216455e-05,80,80,100.0,28.2,33.2,80,73.8,0,7.0,7.875,12.884615384615383,77.53923076923077,12.877692307692309,77.53538461538461,"LINESTRING(77.539231 12.884615, 77.535385 12.877692)",90,27.0,No,0,0,1,Good,Medium,0.54,1.0,0.0,29.0,Moderate Risk,SEG-00169,SEG_000000169,65.4,80,33.7,Moderate Misalignment,87.9,60.5,Separated Traffic,Peri-Urban,5,True,Industrial,Approach to Congestion (Tapered) | Poor Infrastructure | Above Human Tolerance Limit,SH-35 (Kanakapura Rd),9,0.0,,True,72.6,80,0,0
170,SH-35 (Kanakapura Rd) Seg-11,Highway,Moderate Misalignment,27,27,Moderate Misalignment,0.9200160026726236,0.06849180800724104,0.9200160026726236,0.011490129370596673,2.0599495386493523e-06,79,79,100.0,11.8,22.1,80,4.2,0,7.875,8.75,12.877692307692309,77.53538461538461,12.87076923076923,77.53153846153846,"LINESTRING(77.535385 12.877692, 77.531538 12.870769)",90,7.6,No,0,0,0,Poor,Medium,0.4,1.0,0.0,27.1,Moderate Risk,SEG-00170,SEG_000000170,63.2,79,32.0,Moderate Misalignment,79.3,60.8,Separated Traffic,Peri-Urban,8,True,Mixed,Active Congestion | Poor Infrastructure | Above Human Tolerance Limit,SH-35 (Kanakapura Rd),10,0.675,Severe,False,26.1,79,0,0
171,SH-35 (Kanakapura Rd) Seg-12,Highway,Aligned,10,10,Aligned,0.8385096719775854,0.8385096719775854,0.14782043436562767,0.013660585683319074,9.30797346795837e-06,48,48,100.0,10.6,22.1,80,53.2,0,8.75,9.625,12.87076923076923,77.53153846153846,12.863846153846154,77.5276923076923,"LINESTRING(77.531538 12.870769, 77.527692 12.863846)",70,14.4,No,0,0,0,Poor,High,0.39,1.0,0.0,22.1,Safe,SEG-00171,SEG_000000171,70.6,48,19.2,Aligned,47.6,49.1,Separated Traffic,Peri-Urban,8,True,Mixed,Poor Infrastructure,SH-35 (Kanakapura Rd),11,0.0,,False,38.8,48,0,0
172,SH-35 (Kanakapura Rd) Seg-13,Highway,Critical Misalignment,69,69,Critical Misalignment,0.9711585670566404,0.0016322092092794743,0.015715257503735983,0.011493966230344108,0.9711585670566404,50,50,100.0,14.1,31.2,50,87.3,0,9.625,10.5,12.863846153846154,77.5276923076923,12.856923076923076,77.52384615384615,"LINESTRING(77.527692 12.863846, 77.523846 12.856923)",80,27.4,No,0,0,1,Poor,Medium,0.47,0.73,27.0,49.6,Moderate Risk,SEG-00172,SEG_000000172,33.1,50,82.9,Critical Misalignment,101.3,56.4,Side Impact Potential,Peri-Urban,7,False,Industrial,Speed Limit Misaligned | Poor Infrastructure | Above Human Tolerance Limit,SH-35 (Kanakapura Rd),12,0.0,,False,88.5,50,0,0
173,SH-35 (Kanakapura Rd) Seg-14,Highway,Moderate Misalignment,24,24,Moderate Misalignment,0.8030446705823567,0.17662871727413018,0.8030446705823567,0.020286913942992913,3.9698200519973535e-05,59,59,100.0,24.7,26.0,80,38.9,0,10.5,11.375,12.856923076923076,77.52384615384615,12.85,77.52,"LINESTRING(77.523846 12.856923, 77.52 12.85)",90,16.1,No,0,0,0,Poor,Low,0.47,1.0,0.0,26.7,Moderate Risk,SEG-00173,SEG_000000173,65.9,59,31.7,Moderate Misalignment,58.6,58.4,Separated Traffic,Peri-Urban,6,True,Industrial,Poor Infrastructure | Above Human Tolerance Limit,SH-35 (Kanakapura Rd),13,0.0,,False,49.3,59,0,0
174,SH-35 (Kanakapura Rd) Seg-15,Highway,Moderate Misalignment,27,27,Moderate Misalignment,0.9095659684254469,0.07578895385468899,0.9095659684254469,0.01459791538030607,4.7162339558118765e-05,67,67,100.0,14.1,26.4,80,93.5,0,11.375,12.278,12.85,77.52,12.842941176470587,77.51588235294118,"LINESTRING(77.52 12.85, 77.515882 12.842941)",60,16.6,No,0,0,0,Poor,Low,0.42,0.88,12.0,26.2,Moderate Risk,SEG-00174,SEG_000000174,66.3,67,27.5,Moderate Misalignment,67.0,57.4,Separated Traffic,Peri-Urban,6,True,Residential,Poor Infrastructure,SH-35 (Kanakapura Rd),14,0.0,,False,55.7,67,0,0
175,SH-35 (Kanakapura Rd) Seg-16,Highway,Aligned,10,10,Aligned,0.8948540600425029,0.8948540600425029,0.09377762263529962,0.011356646490736182,1.1670831461336313e-05,40,40,100.0,23.5,24.6,80,60.5,0,12.278,13.181,12.842941176470587,77.51588235294118,12.835882352941177,77.51176470588236,"LINESTRING(77.515882 12.842941, 77.511765 12.835882)",60,19.0,No,0,0,0,Good,High,0.35,1.0,0.0,21.2,Safe,SEG-00175,SEG_000000175,73.7,40,18.4,Aligned,39.6,48.7,Separated Traffic,Peri-Urban,4,True,Residential,Poor Infrastructure,SH-35 (Kanakapura Rd),15,0.0,,False,33.7,40,0,0
176,SH-35 (Kanakapura Rd) Seg-17,Highway,Moderate Misalignment,28,28,Moderate Misalignment,0.9380513212322648,0.031369260625216104,0.9380513212322648,0.029364745553919047,0.0012146725886000706,77,77,100.0,24.7,31.2,80,94.6,0,13.181,14.084,12.835882352941177,77.51176470588236,12.828823529411764,77.50764705882352,"LINESTRING(77.511765 12.835882, 77.507647 12.828824)",60,30.1,No,0,0,1,Good,High,0.35,0.71,29.0,30.8,Moderate Risk,SEG-00176,SEG_000000176,61.8,77,38.6,Moderate Misalignment,77.4,50.8,Separated Traffic,Peri-Urban,5,True,Industrial,Poor Infrastructure,SH-35 (Kanakapura Rd),16,0.214,Light,False,56.4,77,0,0
177,SH-35 (Kanakapura Rd) Seg-18,Highway,High Misalignment,48,48,High Misalignment,0.7902268211890231,0.001081968711973711,0.204385237368685,0.7902268211890231,0.004305972730318094,30,30,100.0,62.4,45.0,30,78.2,0,14.084,14.987,12.828823529411764,77.50764705882352,12.821764705882352,77.5035294117647,"LINESTRING(77.507647 12.828824, 77.503529 12.821765)",60,57.6,No,0,0,2,Poor,Medium,0.39,0.97,3.0,39.4,Moderate Risk,SEG-00177,SEG_000000177,55.8,30,61.1,High Misalignment,61.7,52.9,Significant Pedestrian Interaction,Peri-Urban,8,False,Residential,Speed Limit Misaligned | High Pedestrian Interaction | Above Human Tolerance Limit,SH-35 (Kanakapura Rd),17,0.213,Light,False,45.5,30,0,0
178,SH-35 (Kanakapura Rd) Seg-19,Highway,Moderate Misalignment,26,26,Moderate Misalignment,0.8641740039536531,0.11506467448557657,0.8641740039536531,0.020694462748829988,6.685881194035913e-05,80,80,100.0,10.6,25.9,80,92.6,0,14.987,15.89,12.821764705882352,77.5035294117647,12.81470588235294,77.49941176470588,"LINESTRING(77.503529 12.821765, 77.499412 12.814706)",80,14.6,No,0,0,0,Good,Medium,0.31,0.9,10.0,26.9,Moderate Risk,SEG-00178,SEG_000000178,65.0,80,28.6,Moderate Misalignment,87.8,61.0,Separated Traffic,Peri-Urban,6,True,Residential,Poor Infrastructure,SH-35 (Kanakapura Rd),18,0.0,,False,75.1,80,0,0
179,SH-35 (Kanakapura Rd) Seg-20,Highway,Aligned,10,10,Aligned,0.8900202278538701,0.8900202278538701,0.10408075063300998,0.0058933025486777625,5.71896444217045e-06,63,63,100.0,5.9,15.1,80,59.4,0,15.89,16.793,12.81470588235294,77.49941176470588,12.807647058823528,77.49529411764706,"LINESTRING(77.499412 12.814706, 77.495294 12.807647)",80,9.1,No,0,0,0,Poor,High,0.35,1.0,0.0,20.1,Safe,SEG-00179,SEG_000000179,70.7,63,17.4,Aligned,63.4,34.2,Separated Traffic,Rural,5,True,Residential,Poor Infrastructure,SH-35 (Kanakapura Rd),19,0.0,,False,52.9,63,0,0
180,SH-35 (Kanakapura Rd) Seg-21,Highway,Moderate Misalignment,26,26,Moderate Misalignment,0.850178219033198,0.12319143279669312,0.850178219033198,0.026527249780489332,0.0001030983896194861,76,76,100.0,4.7,17.7,80,87.8,0,16.793000000000003,17.696,12.807647058823528,77.49529411764706,12.800588235294118,77.49117647058823,"LINESTRING(77.495294 12.807647, 77.491176 12.800588)",60,7.0,No,0,0,0,Poor,Medium,0.34,0.72,28.0,28.2,Moderate Risk,SEG-00180,SEG_000000180,59.6,76,35.6,Moderate Misalignment,76.5,46.5,Separated Traffic,Rural,5,True,Residential,Poor Infrastructure,SH-35 (Kanakapura Rd),20,0.0,,False,68.1,76,0,0
181,SH-35 (Kanakapura Rd) Seg-22,Highway,Moderate Misalignment,18,18,Moderate Misalignment,0.5026862678239442,0.49153354462263416,0.5026862678239442,0.005653276532552927,0.00012691102086870632,80,80,100.0,0.0,11.0,80,87.5,0,17.696,18.599,12.800588235294118,77.49117647058823,12.793529411764704,77.48705882352941,"LINESTRING(77.491176 12.800588, 77.487059 12.793529)",90,1.2,No,0,0,0,Poor,Low,0.28,1.0,0.0,24.6,Safe,SEG-00181,SEG_000000181,62.2,80,29.7,Moderate Misalignment,87.1,34.7,Separated Traffic,Rural,7,True,Industrial,Poor Infrastructure | Above Human Tolerance Limit,SH-35 (Kanakapura Rd),21,0.0,,False,81.7,80,0,0
182,SH-35 (Kanakapura Rd) Seg-23,Highway,Moderate Misalignment,29,29,Moderate Misalignment,0.7925648971393403,0.10314675269399405,0.7925648971393403,0.10420965078205006,7.869938461556849e-05,80,80,100.0,0.0,15.8,80,91.7,0,18.599,19.502,12.793529411764704,77.48705882352941,12.786470588235296,77.48294117647059,"LINESTRING(77.487059 12.793529, 77.482941 12.786471)",70,10.3,No,0,0,0,Poor,Medium,0.32,0.7,30.0,30.0,Moderate Risk,SEG-00182,SEG_000000182,56.0,80,40.0,Moderate Misalignment,90.8,33.2,Separated Traffic,Rural,4,True,Residential,Poor Infrastructure,SH-35 (Kanakapura Rd),22,0.0,,False,75.5,80,0,0
183,SH-35 (Kanakapura Rd) Seg-24,Highway,Moderate Misalignment,28,28,Moderate Misalignment,0.84841795682465,0.07741672691149644,0.84841795682465,0.07410934870141293,5.596756244064098e-05,80,80,100.0,0.0,15.8,80,93.0,0,19.502,20.405,12.786470588235296,77.48294117647059,12.779411764705882,77.47882352941177,"LINESTRING(77.482941 12.786471, 77.478824 12.779412)",90,9.5,No,0,0,0,Poor,High,0.25,1.0,0.0,26.5,Moderate Risk,SEG-00183,SEG_000000183,61.2,80,31.4,Moderate Misalignment,89.3,36.1,Separated Traffic,Rural,8,True,Industrial,Poor Infrastructure | Above Human Tolerance Limit,SH-35 (Kanakapura Rd),23,0.0,,False,85.3,80,0,0
184,SH-35 (Kanakapura Rd) Seg-25,Highway,Moderate Misalignment,28,28,Moderate Misalignment,0.9616881176262936,0.025070927825017363,0.9616881176262936,0.01321410070205681,2.685384663223171e-05,80,80,100.0,0.0,14.5,80,93.0,0,20.405,21.308,12.779411764705882,77.47882352941177,12.772352941176472,77.47470588235294,"LINESTRING(77.478824 12.779412, 77.474706 12.772353)",80,7.5,No,0,0,0,Poor,Medium,0.27,0.7,30.0,30.7,Moderate Risk,SEG-00184,SEG_000000184,54.4,80,42.7,Moderate Misalignment,103.9,35.4,Separated Traffic,Rural,8,True,Residential,Poor Infrastructure,SH-35 (Kanakapura Rd),24,0.0,,False,84.7,80,0,0