segment_id,road_name,road_type,risk_category,road_risk_score,segment_risk_score,ai_risk_label,ai_risk_probability,prob_low_risk,prob_medium_risk,prob_high_risk,prob_critical_risk,ai_recommended_speed,recommended_safe_speed,road_function_score,infrastructure_score,exposure_score,human_tolerance_limit,operating_speed_score,crash_risk_score,start_km,end_km,start_lat,start_lon,end_lat,end_lon,geometry,posted_speed_limit,pedestrian_exposure_score,blackspot_flag,crash_count,fatal_crashes,schools_count,lighting_quality,roadside_hazards,intersection_density,speed_compliance_rate,speed_violation_score,hotspot_score,hotspot_category,human_segment_id,internal_id,speed_safety_score,original_safe_speed,misalignment_score,misalignment_category,speed_p85,ptw_share_pct,exposure_tier,urban_rural_flag,lane_count,median_presence,land_use_type,top_ai_factors,corridor_base,corridor_seq,congestion_index,congestion_category,congestion_smoothed,operating_speed_mean,final_safe_speed,minor_crashes,major_crashes
185,SH-35 (Kanakapura Rd) Seg-26,Highway,Aligned,9,9,Aligned,0.8991859963419998,0.8991859963419998,0.0938759167796631,0.006928149136378792,9.937741958249278e-06,60,60,100.0,0.0,19.4,80,61.6,0,21.308,22.211,12.772352941176472,77.47470588235294,12.76529411764706,77.47058823529412,"LINESTRING(77.474706 12.772353, 77.470588 12.765294)",70,12.2,No,0,0,0,Good,Low,0.24,1.0,0.0,22.7,Safe,SEG-00185,SEG_000000185,68.2,60,19.7,Aligned,60.0,41.5,Separated Traffic,Rural,6,True,Residential,Poor Infrastructure,SH-35 (Kanakapura Rd),25,0.205,Light,False,44.4,60,0,0
186,SH-35 (Kanakapura Rd) Seg-27,Highway,High Misalignment,48,48,High Misalignment,0.8165989896642027,0.010697159923560146,0.17226466504999347,0.8165989896642027,0.0004391853622435336,50,50,100.0,0.0,16.0,50,85.1,0,22.211,23.114,12.76529411764706,77.47058823529412,12.758235294117648,77.4664705882353,"LINESTRING(77.470588 12.765294, 77.466471 12.758235)",80,4.4,No,0,0,0,Poor,Low,0.2,0.69,31.0,47.2,Moderate Risk,SEG-00186,SEG_000000186,30.1,50,83.1,Critical Misalignment,104.8,45.1,Side Impact Potential,Rural,6,False,Mixed,Speed Limit Misaligned | Poor Infrastructure | Above Human Tolerance Limit,SH-35 (Kanakapura Rd),26,0.0,,False,89.9,50,0,0
187,SH-35 (Kanakapura Rd) Seg-28,Highway,Aligned,9,9,Aligned,0.9036580205831584,0.9036580205831584,0.09271834961318995,0.003616401377258,7.228426393697278e-06,50,50,100.0,10.6,18.6,80,68.0,0,23.114,24.017,12.758235294117648,77.4664705882353,12.751176470588236,77.46235294117648,"LINESTRING(77.466471 12.758235, 77.462353 12.751176)",60,13.7,No,0,0,0,Poor,Low,0.2,1.0,0.0,20.8,Safe,SEG-00187,SEG_000000187,71.3,50,18.0,Aligned,50.2,37.0,Separated Traffic,Rural,7,True,Residential,Poor Infrastructure,SH-35 (Kanakapura Rd),27,0.166,Light,False,38.7,50,0,0
188,SH-35 (Kanakapura Rd) Seg-29,Highway,Aligned,10,10,Aligned,0.8311123270975453,0.8311123270975453,0.1606435816381645,0.008233003351305243,1.108791298471249e-05,50,50,100.0,0.0,17.5,80,57.1,0,24.017000000000003,24.92,12.751176470588236,77.46235294117648,12.744117647058824,77.45823529411764,"LINESTRING(77.462353 12.751176, 77.458235 12.744118)",70,8.5,No,0,0,0,Poor,Medium,0.19,1.0,0.0,22.0,Safe,SEG-00188,SEG_000000188,68.6,50,19.0,Aligned,50.1,43.3,Separated Traffic,Rural,6,True,Industrial,Poor Infrastructure,SH-35 (Kanakapura Rd),28,0.0,,False,41.4,50,0,0
189,SH-35 (Kanakapura Rd) Seg-30,Highway,Aligned,13,13,Aligned,0.7700324717332265,0.7700324717332265,0.1935049703719384,0.03645057047548641,1.198741934880304e-05,68,68,100.0,0.0,13.3,80,81.7,0,24.92,25.823,12.744117647058824,77.45823529411764,12.737058823529413,77.45411764705882,"LINESTRING(77.458235 12.744118, 77.454118 12.737059)",70,6.4,No,0,0,0,Good,Low,0.17,1.0,0.0,20.4,Safe,SEG-00189,SEG_000000189,69.4,68,17.6,Aligned,68.1,33.5,Separated Traffic,Rural,6,True,Mixed,Poor Infrastructure,SH-35 (Kanakapura Rd),29,0.0,,False,57.8,68,0,0
190,SH-35 (Kanakapura Rd) Seg-31,Highway,Aligned,10,10,Aligned,0.8842562485809284,0.8842562485809284,0.10775093230432511,0.007987302949235046,5.516165511399583e-06,67,67,100.0,0.0,15.3,80,61.9,0,25.823,26.726,12.737058823529413,77.45411764705882,12.73,77.45,"LINESTRING(77.454118 12.737059, 77.45 12.73)",80,9.6,No,0,0,0,Poor,Medium,0.13,1.0,0.0,21.1,Safe,SEG-00190,SEG_000000190,69.1,67,18.2,Aligned,67.0,33.1,Separated Traffic,Rural,5,True,Industrial,Poor Infrastructure,SH-35 (Kanakapura Rd),30,0.0,,False,54.6,67,0,0
191,SH-35 (Kanakapura Rd) Seg-32,Highway,Moderate Misalignment,27,27,Moderate Misalignment,0.9639131532060998,0.033271442045893766,0.9639131532060998,0.0027536016805785927,6.180306742775814e-05,80,80,100.0,0.0,12.4,80,88.1,0,26.726,27.642,12.73,77.45,12.722222222222223,77.44722222222222,"LINESTRING(77.45 12.73, 77.447222 12.722222)",70,0.9,No,0,0,0,Good,Low,0.17,0.72,28.0,28.0,Moderate Risk,SEG-00191,SEG_000000191,57.6,80,37.3,Moderate Misalignment,89.4,39.8,Separated Traffic,Rural,6,True,Residential,Poor Infrastructure,SH-35 (Kanakapura Rd),31,0.0,,False,77.9,80,0,0
192,SH-35 (Kanakapura Rd) Seg-33,Highway,Aligned,12,12,Aligned,0.7832415373021807,0.7832415373021807,0.19522776662040917,0.02045779693511846,0.001072899142291714,62,62,100.0,0.0,16.9,80,55.2,0,27.642,28.558,12.722222222222223,77.44722222222222,12.714444444444444,77.44444444444444,"LINESTRING(77.447222 12.722222, 77.444444 12.714444)",80,12.0,No,0,0,0,Poor,High,0.15,1.0,0.0,21.7,Safe,SEG-00192,SEG_000000192,68.7,62,18.8,Aligned,61.7,34.0,Separated Traffic,Rural,7,True,Residential,Poor Infrastructure,SH-35 (Kanakapura Rd),32,0.0,,False,50.1,62,0,0
193,SH-35 (Kanakapura Rd) Seg-34,Highway,Critical Misalignment,69,69,Critical Misalignment,0.9828882606807476,0.00043969032359720455,0.00731155114633773,0.009360497849317296,0.9828882606807476,50,50,100.0,0.0,17.3,50,86.6,0,28.558,29.474,12.714444444444444,77.44444444444444,12.706666666666669,77.44166666666666,"LINESTRING(77.444444 12.714444, 77.441667 12.706667)",90,10.6,No,0,0,0,Poor,Medium,0.1,0.88,12.0,47.2,Moderate Risk,SEG-00193,SEG_000000193,30.7,50,82.1,Critical Misalignment,100.9,37.7,Side Impact Potential,Rural,4,False,Residential,Speed Limit Misaligned | Poor Infrastructure | Above Human Tolerance Limit,SH-35 (Kanakapura Rd),33,0.0,,False,81.0,50,0,0
194,SH-35 (Kanakapura Rd) Seg-35,Highway,Aligned,10,10,Aligned,0.8601556026726334,0.8601556026726334,0.13577628174284412,0.004046460807144063,2.1654777378300925e-05,43,43,100.0,15.3,15.1,80,60.9,0,29.474,30.39,12.706666666666669,77.44166666666666,12.69888888888889,77.4388888888889,"LINESTRING(77.441667 12.706667, 77.438889 12.698889)",60,7.8,No,0,0,0,Poor,High,0.14,1.0,0.0,18.7,Safe,SEG-00194,SEG_000000194,73.3,43,16.2,Aligned,43.3,35.9,Separated Traffic,Rural,4,True,Residential,Poor Infrastructure,SH-35 (Kanakapura Rd),34,0.152,Light,False,34.0,43,0,0
195,SH-35 (Kanakapura Rd) Seg-36,Highway,High Misalignment,39,39,High Misalignment,0.5943136940056603,0.1721555140743666,0.23342600965621044,0.5943136940056603,0.00010478226376263394,80,80,100.0,0.0,16.1,80,86.0,0,30.39,31.306,12.69888888888889,77.4388888888889,12.69111111111111,77.43611111111112,"LINESTRING(77.438889 12.698889, 77.436111 12.691111)",90,9.2,No,0,0,0,Poor,High,0.12,0.74,26.0,36.5,Moderate Risk,SEG-00195,SEG_000000195,46.3,80,56.1,High Misalignment,113.8,36.4,Separated Traffic,Rural,7,True,Residential,Speed Limit Misaligned | Poor Infrastructure | Above Human Tolerance Limit,SH-35 (Kanakapura Rd),35,0.0,,False,99.3,80,0,0
196,SH-35 (Kanakapura Rd) Seg-37,Highway,Aligned,8,8,Aligned,0.9570138477479266,0.9570138477479266,0.042115205834114926,0.000867751847464022,3.194570494377814e-06,51,51,100.0,0.0,12.1,80,58.3,0,31.306,32.222,12.69111111111111,77.43611111111112,12.683333333333334,77.43333333333334,"LINESTRING(77.436111 12.691111, 77.433333 12.683333)",70,2.8,No,0,0,0,Poor,Medium,0.1,1.0,0.0,19.9,Safe,SEG-00196,SEG_000000196,69.7,51,17.1,Aligned,50.6,35.2,Separated Traffic,Rural,5,True,Residential,Poor Infrastructure,SH-35 (Kanakapura Rd),36,0.0,,False,42.2,51,0,0
197,SH-35 (Kanakapura Rd) Seg-38,Highway,Aligned,10,10,Aligned,0.86606763465383,0.86606763465383,0.1278341383083795,0.006088282199114728,9.944838675896289e-06,48,48,100.0,0.0,19.2,80,72.1,0,32.222,33.138,12.683333333333334,77.43333333333334,12.675555555555556,77.43055555555556,"LINESTRING(77.433333 12.683333, 77.430556 12.675556)",60,9.3,No,0,0,0,Poor,High,0.14,1.0,0.0,22.6,Safe,SEG-00197,SEG_000000197,68.2,48,19.6,Aligned,48.1,46.3,Separated Traffic,Rural,8,True,Residential,Poor Infrastructure,SH-35 (Kanakapura Rd),37,0.0,,False,41.4,48,0,0
198,SH-35 (Kanakapura Rd) Seg-39,Highway,Aligned,11,11,Aligned,0.7991161196709377,0.7991161196709377,0.19428958776654168,0.006449642835029968,0.0001446497274908541,73,73,100.0,0.0,12.1,80,88.6,0,33.138000000000005,34.054,12.675555555555556,77.43055555555556,12.667777777777776,77.42777777777778,"LINESTRING(77.430556 12.675556, 77.427778 12.667778)",70,1.7,No,0,0,0,Poor,Low,0.12,0.96,4.0,21.0,Safe,SEG-00198,SEG_000000198,68.1,73,19.9,Aligned,72.7,37.0,Separated Traffic,Rural,4,True,Residential,Poor Infrastructure,SH-35 (Kanakapura Rd),38,0.0,,False,62.4,73,0,0
199,SH-35 (Kanakapura Rd) Seg-40,Highway,Moderate Misalignment,20,20,Moderate Misalignment,0.6098806807084736,0.3762633281132313,0.6098806807084736,0.013847137688852828,8.853489442263963e-06,80,80,100.0,0.0,14.5,80,77.0,0,34.054,34.97,12.667777777777776,77.42777777777778,12.66,77.42500000000001,"LINESTRING(77.427778 12.667778, 77.425 12.66)",90,6.7,No,0,0,0,Poor,Medium,0.13,0.97,3.0,27.0,Moderate Risk,SEG-00199,SEG_000000199,59.9,80,33.5,Moderate Misalignment,92.5,36.9,Separated Traffic,Rural,8,True,Residential,Poor Infrastructure | Above Human Tolerance Limit,SH-35 (Kanakapura Rd),39,0.0,,False,74.7,80,0,0
200,SH-35 (Kanakapura Rd) Seg-41,Highway,Moderate Misalignment,20,20,Moderate Misalignment,0.5005326100655415,0.46124869125422224,0.5005326100655415,0.038206133912581444,1.2564767654724264e-05,80,80,100.0,0.0,13.0,80,81.7,0,34.970000000000006,35.886,12.66,77.42500000000001,12.652222222222225,77.42222222222223,"LINESTRING(77.425 12.66, 77.422222 12.652222)",90,1.6,No,0,0,0,Poor,Low,0.14,1.0,0.0,25.4,Moderate Risk,SEG-00200,SEG_000000200,61.8,80,30.4,Moderate Misalignment,86.3,40.4,Separated Traffic,Rural,4,True,Residential,Poor Infrastructure | Above Human Tolerance Limit,SH-35 (Kanakapura Rd),40,0.0,,False,77.8,80,0,0
201,SH-35 (Kanakapura Rd) Seg-42,Highway,Moderate Misalignment,26,26,Moderate Misalignment,0.8145563946775363,0.14855885608838768,0.8145563946775363,0.036838796847651074,4.5952386425070026e-05,80,80,100.0,0.0,17.8,80,91.0,0,35.886,36.802,12.652222222222225,77.42222222222223,12.644444444444444,77.41944444444445,"LINESTRING(77.422222 12.652222, 77.419444 12.644444)",90,10.2,No,0,0,0,Poor,Low,0.12,0.89,11.0,31.4,Moderate Risk,SEG-00201,SEG_000000201,54.6,80,42.3,Moderate Misalignment,99.9,41.3,Separated Traffic,Rural,6,True,Commercial,Poor Infrastructure | Above Human Tolerance Limit,SH-35 (Kanakapura Rd),41,0.0,,False,84.0,80,0,0
202,SH-35 (Kanakapura Rd) Seg-43,Highway,Aligned,11,11,Aligned,0.8281693956077882,0.8281693956077882,0.15847252274870569,0.01333571619686656,2.2365446639436305e-05,55,55,100.0,0.0,12.0,80,84.8,0,36.80200000000001,37.718,12.644444444444444,77.41944444444445,12.636666666666668,77.41666666666667,"LINESTRING(77.419444 12.644444, 77.416667 12.636667)",60,0.4,No,0,0,0,Good,Low,0.1,1.0,0.0,19.8,Safe,SEG-00202,SEG_000000202,69.7,55,17.1,Aligned,54.8,39.4,Separated Traffic,Rural,8,True,Commercial,Poor Infrastructure,SH-35 (Kanakapura Rd),42,0.0,,False,49.9,55,0,0
203,SH-35 (Kanakapura Rd) Seg-44,Highway,Aligned,12,12,Aligned,0.8281845496605047,0.8281845496605047,0.1127421510664159,0.05771537741312986,0.0013579218599497494,62,62,100.0,0.0,16.8,80,80.1,0,37.718,38.634,12.636666666666668,77.41666666666667,12.62888888888889,77.41388888888889,"LINESTRING(77.416667 12.636667, 77.413889 12.628889)",60,11.5,No,0,0,0,Poor,Low,0.14,0.96,4.0,22.6,Safe,SEG-00203,SEG_000000203,67.4,62,21.0,Aligned,62.2,35.9,Separated Traffic,Rural,4,True,Industrial,Poor Infrastructure,SH-35 (Kanakapura Rd),43,0.189,Light,False,46.8,62,0,0
204,SH-35 (Kanakapura Rd) Seg-45,Highway,Aligned,10,10,Aligned,0.8842562485809284,0.8842562485809284,0.10775093230432511,0.007987302949235046,5.516165511399583e-06,52,52,100.0,0.0,14.9,80,61.5,0,38.63400000000001,39.55,12.62888888888889,77.41388888888889,12.62111111111111,77.41111111111111,"LINESTRING(77.413889 12.628889, 77.411111 12.621111)",70,8.3,No,0,0,0,Poor,Low,0.13,1.0,0.0,21.0,Safe,SEG-00204,SEG_000000204,69.1,52,18.1,Aligned,52.4,35.4,Separated Traffic,Rural,7,True,Industrial,Approach to Congestion (Tapered) | Poor Infrastructure,SH-35 (Kanakapura Rd),44,0.0,,True,44.3,52,0,0
205,SH-35 (Kanakapura Rd) Seg-46,Highway,Aligned,8,8,Aligned,0.9293281682890637,0.9293281682890637,0.06750379529374059,0.0031571134362348824,1.092298096086999e-05,39,39,100.0,14.1,15.1,80,25.4,0,39.55,40.466,12.62111111111111,77.41111111111111,12.613333333333332,77.40833333333333,"LINESTRING(77.411111 12.621111, 77.408333 12.613333)",60,8.1,No,0,0,0,Poor,Low,0.14,1.0,0.0,18.9,Safe,SEG-00205,SEG_000000205,73.0,39,16.3,Aligned,39.1,34.8,Separated Traffic,Rural,7,True,Industrial,Active Congestion | Poor Infrastructure,SH-35 (Kanakapura Rd),45,0.742,Severe,False,10.3,39,0,0
206,SH-35 (Kanakapura Rd) Seg-47,Highway,Aligned,9,9,Aligned,0.9087209696592478,0.9087209696592478,0.08463693044587829,0.006633558795905655,8.54109896833799e-06,50,50,100.0,14.1,23.5,80,76.0,0,40.466,41.382,12.613333333333332,77.40833333333333,12.605555555555556,77.40555555555557,"LINESTRING(77.408333 12.613333, 77.405556 12.605556)",60,25.1,No,0,0,1,Poor,Low,0.11,1.0,0.0,22.1,Safe,SEG-00206,SEG_000000206,71.3,50,19.2,Aligned,50.0,33.4,Separated Traffic,Rural,6,True,Residential,Poor Infrastructure,SH-35 (Kanakapura Rd),46,0.0,,False,44.0,50,0,0
207,SH-35 (Kanakapura Rd) Seg-48,Highway,Aligned,10,10,Aligned,0.8843207377758854,0.8843207377758854,0.10943903397864312,0.005494114069812541,0.000746114175658864,51,51,100.0,9.4,16.9,80,57.9,0,41.382000000000005,42.298,12.605555555555556,77.40555555555557,12.597777777777775,77.40277777777779,"LINESTRING(77.405556 12.605556, 77.402778 12.597778)",70,6.2,No,0,0,0,Good,Medium,0.13,1.0,0.0,20.3,Safe,SEG-00207,SEG_000000207,71.3,51,17.6,Aligned,51.3,44.8,Separated Traffic,Rural,4,True,Mixed,Poor Infrastructure,SH-35 (Kanakapura Rd),47,0.0,,False,41.9,51,0,0
208,SH-35 (Kanakapura Rd) Seg-49,Highway,Moderate Misalignment,28,28,Moderate Misalignment,0.9630543273099704,0.02240546146180288,0.9630543273099704,0.01175732807323758,0.0027828831549890107,80,80,100.0,22.4,17.2,80,99.6,0,42.298,43.214,12.597777777777775,77.40277777777779,12.59,77.4,"LINESTRING(77.402778 12.597778, 77.4 12.59)",80,12.5,No,0,0,0,Poor,Medium,0.14,0.84,16.0,23.9,Safe,SEG-00208,SEG_000000208,66.7,80,29.7,Moderate Misalignment,93.2,33.9,Separated Traffic,Rural,6,True,Residential,Poor Infrastructure,SH-35 (Kanakapura Rd),48,0.0,,False,80.3,80,0,0
209,SH-87 (Magadi Rd) Seg-1,Highway,Aligned,13,13,Aligned,0.7930016386697508,0.7930016386697508,0.13574510356424188,0.07114293578229341,0.00011032198371393825,57,57,100.0,49.4,31.7,80,47.2,0,0.0,0.897,12.9716,77.565,12.973966666666668,77.55708333333334,"LINESTRING(77.565 12.9716, 77.557083 12.973967)",80,20.2,No,0,0,0,Good,Medium,0.55,1.0,0.0,20.0,Safe,SEG-00209,SEG_000000209,79.4,57,17.5,Aligned,56.6,68.3,Separated Traffic,Urban,6,True,Mixed,Meets Safe System Standards,SH-87 (Magadi Rd),0,0.147,Light,False,44.8,57,0,0
210,SH-87 (Magadi Rd) Seg-2,Highway,High Misalignment,43,43,High Misalignment,0.7701697009779885,0.163681873044069,0.06611201343894572,0.7701697009779885,3.641253899666871e-05,80,80,100.0,36.5,28.1,80,81.3,0,0.897,1.794,12.973966666666668,77.55708333333334,12.976333333333333,77.54916666666666,"LINESTRING(77.557083 12.973967, 77.549167 12.976333)",90,16.0,No,0,0,0,Good,Low,0.55,0.69,31.0,37.2,Moderate Risk,SEG-00210,SEG_000000210,51.5,80,59.6,High Misalignment,117.7,66.4,Separated Traffic,Urban,8,True,Residential,Speed Limit Misaligned | Above Human Tolerance Limit,SH-87 (Magadi Rd),1,0.0,,False,102.5,80,0,0
211,SH-87 (Magadi Rd) Seg-3,Highway,Aligned,10,10,Aligned,0.8813403126338485,0.8813403126338485,0.10362426246106306,0.014997192581057256,3.823232403114781e-05,40,40,100.0,23.5,29.5,80,60.3,0,1.7939999999999998,2.691,12.976333333333333,77.54916666666666,12.9787,77.54124999999999,"LINESTRING(77.549167 12.976333, 77.54125 12.9787)",60,16.8,No,0,0,0,Poor,Low,0.52,1.0,0.0,23.1,Safe,SEG-00211,SEG_000000211,72.6,40,20.1,Aligned,39.5,66.4,Separated Traffic,Urban,7,True,Commercial,Poor Infrastructure,SH-87 (Magadi Rd),2,0.0,,False,33.5,40,0,0
212,SH-87 (Magadi Rd) Seg-4,Highway,Moderate Misalignment,28,28,Moderate Misalignment,0.8631955085534277,0.06969395354269199,0.8631955085534277,0.06584532602841504,0.0012652118754651618,45,45,100.0,44.7,38.0,50,70.2,0,2.691,3.588,12.9787,77.54124999999999,12.981066666666669,77.53333333333333,"LINESTRING(77.54125 12.9787, 77.533333 12.981067)",60,38.9,No,0,0,1,Good,Low,0.44,1.0,0.0,28.4,Moderate Risk,SEG-00212,SEG_000000212,69.0,45,33.3,Moderate Misalignment,44.7,60.4,Side Impact Potential,Urban,5,True,Commercial,Above Human Tolerance Limit,SH-87 (Magadi Rd),3,0.0,,False,40.1,45,0,0
213,SH-87 (Magadi Rd) Seg-5,Highway,Aligned,18,18,Aligned,0.6449276072924186,0.6449276072924186,0.19689545643560347,0.15801314350020415,0.00016379277177371745,80,80,100.0,23.5,29.2,80,84.1,0,3.588,4.485,12.981066666666669,77.53333333333333,12.983433333333334,77.52541666666667,"LINESTRING(77.533333 12.981067, 77.525417 12.983433)",80,23.4,No,0,0,1,Good,High,0.48,0.89,11.0,26.6,Moderate Risk,SEG-00213,SEG_000000213,67.3,80,29.0,Moderate Misalignment,88.7,56.3,Separated Traffic,Urban,4,True,Residential,Poor Infrastructure,SH-87 (Magadi Rd),4,0.147,Light,False,69.4,80,0,0
214,SH-87 (Magadi Rd) Seg-6,Highway,Aligned,10,10,Aligned,0.8488672375322983,0.8488672375322983,0.1383613588701695,0.012736886481451444,3.451711608086654e-05,80,80,100.0,21.2,28.3,80,75.6,0,4.484999999999999,5.382,12.983433333333334,77.52541666666667,12.9858,77.5175,"LINESTRING(77.525417 12.983433, 77.5175 12.9858)",90,16.9,No,0,0,0,Good,Low,0.48,1.0,0.0,28.1,Moderate Risk,SEG-00214,SEG_000000214,64.5,80,32.9,Moderate Misalignment,85.3,65.4,Separated Traffic,Urban,6,True,Mixed,Poor Infrastructure | Above Human Tolerance Limit,SH-87 (Magadi Rd),5,0.0,,False,73.8,80,0,0
215,SH-87 (Magadi Rd) Seg-7,Highway,Critical Misalignment,70,70,Critical Misalignment,0.9917489280337752,9.281366698063004e-06,0.0010874336651747968,0.007154356934352048,0.9917489280337752,30,30,100.0,50.6,46.2,30,85.2,0,5.382,6.071999999999999,12.9858,77.5175,12.98762044,77.5114105,"LINESTRING(77.5175 12.9858, 77.51141 12.98762)",80,50.0,No,0,0,1,Poor,Medium,0.43,0.84,16.0,56.5,High Risk,SEG-00215,SEG_000000215,30.1,30,100.0,Critical Misalignment,92.4,59.7,Significant Pedestrian Interaction,Urban,5,False,Commercial,Speed Limit Misaligned | High Pedestrian Interaction | Above Human Tolerance Limit,SH-87 (Magadi Rd),6,0.178,Light,False,70.2,30,0,0
216,SH-87 (Magadi Rd) Seg-8,Highway,Moderate Misalignment,34,34,Moderate Misalignment,0.5942278398324975,0.10225067336188112,0.5942278398324975,0.30336216331849447,0.00015932348712696047,50,50,100.0,16.5,23.9,50,66.8,0,6.072,6.279,12.98762044,77.5114105,12.988166666666666,77.50958333333332,"LINESTRING(77.51141 12.98762, 77.509583 12.988167)",80,7.0,No,0,0,0,Poor,Medium,0.55,1.0,0.0,37.5,Moderate Risk,SEG-00216,SEG_000000216,48.6,50,57.9,High Misalignment,70.5,66.8,Side Impact Potential,Urban,7,False,Residential,Speed Limit Misaligned | Poor Infrastructure | Above Human Tolerance Limit,SH-87 (Magadi Rd),7,0.0,,False,57.9,50,0,0
217,SH-87 (Magadi Rd) Seg-9,Highway,Critical Misalignment,70,70,Critical Misalignment,0.9946895612987378,2.6237318021206094e-06,0.004676137145555859,0.0006316778239043885,0.9946895612987378,30,30,100.0,57.6,46.4,30,38.5,0,6.279,7.176,12.988166666666666,77.50958333333332,12.990533333333332,77.50166666666667,"LINESTRING(77.509583 12.988167, 77.501667 12.990533)",90,52.0,No,0,0,3,Good,Low,0.48,1.0,0.0,55.6,High Risk,SEG-00217,SEG_000000217,31.9,30,99.3,Critical Misalignment,61.1,59.6,Significant Pedestrian Interaction,Urban,8,True,Residential,Speed Limit Misaligned | High Pedestrian Interaction | Above Human Tolerance Limit,SH-87 (Magadi Rd),8,0.0,,False,49.0,30,0,0
218,SH-87 (Magadi Rd) Seg-10,Highway,Moderate Misalignment,28,28,Moderate Misalignment,0.9155587798670055,0.04363488160743291,0.9155587798670055,0.04078447362264899,2.1864902912555052e-05,74,74,100.0,0.0,19.4,80,97.2,0,7.176,8.073,12.990533333333332,77.50166666666667,12.9929,77.49375,"LINESTRING(77.501667 12.990533, 77.49375 12.9929)",60,7.4,No,0,0,0,Good,High,0.49,0.76,24.0,28.6,Moderate Risk,SEG-00218,SEG_000000218,59.4,74,34.4,Moderate Misalignment,74.2,51.5,Separated Traffic,Peri-Urban,5,True,Industrial,Poor Infrastructure,SH-87 (Magadi Rd),9,0.15,Light,False,58.1,74,0,0
219,SH-87 (Magadi Rd) Seg-11,Highway,Moderate Misalignment,19,19,Moderate Misalignment,0.5269304827974531,0.4618897246058,0.5269304827974531,0.011141205578372093,3.85870183748815e-05,80,80,100.0,24.7,26.7,80,64.9,0,8.073,8.97,12.9929,77.49375,12.995266666666666,77.48583333333333,"LINESTRING(77.49375 12.9929, 77.485833 12.995267)",90,21.0,No,0,0,1,Poor,Medium,0.42,1.0,0.0,27.0,Moderate Risk,SEG-00219,SEG_000000219,65.8,80,31.9,Moderate Misalignment,86.6,51.3,Separated Traffic,Peri-Urban,8,True,Industrial,Approach to Congestion (Tapered) | Poor Infrastructure | Above Human Tolerance Limit,SH-87 (Magadi Rd),10,0.161,Light,True,66.6,80,0,0
220,SH-87 (Magadi Rd) Seg-12,Highway,Moderate Misalignment,27,27,Moderate Misalignment,0.9532601910508366,0.03348698681473323,0.9532601910508366,0.01325083531375082,1.986820679595808e-06,78,78,100.0,4.7,21.5,80,0.0,0,8.97,9.867,12.995266666666666,77.48583333333333,12.997633333333331,77.47791666666666,"LINESTRING(77.485833 12.995267, 77.477917 12.997633)",90,12.5,No,0,0,0,Good,Medium,0.42,1.0,0.0,28.0,Moderate Risk,SEG-00220,SEG_000000220,61.3,78,32.7,Moderate Misalignment,77.8,49.2,Separated Traffic,Peri-Urban,6,True,Commercial,Active Congestion | Poor Infrastructure | Above Human Tolerance Limit,SH-87 (Magadi Rd),11,0.805,Severe,False,16.6,78,0,0
221,SH-87 (Magadi Rd) Seg-13,Highway,Moderate Misalignment,18,18,Moderate Misalignment,0.5197810406313003,0.4668215164852847,0.5197810406313003,0.013363375646822797,3.4067236592307626e-05,80,80,100.0,31.8,29.5,80,60.6,0,9.867,10.764,12.997633333333331,77.47791666666666,13.0,77.47,"LINESTRING(77.477917 12.997633, 77.47 13.0)",90,21.5,No,0,0,0,Poor,High,0.48,1.0,0.0,27.0,Moderate Risk,SEG-00221,SEG_000000221,67.2,80,32.0,Moderate Misalignment,82.4,61.4,Separated Traffic,Peri-Urban,6,True,Industrial,Poor Infrastructure | Above Human Tolerance Limit,SH-87 (Magadi Rd),12,0.158,Light,False,63.7,80,0,0
222,SH-87 (Magadi Rd) Seg-14,Highway,Aligned,12,12,Aligned,0.7739675421214325,0.7739675421214325,0.2105477652488675,0.015467563934552654,1.7128695147427122e-05,58,58,100.0,24.7,23.1,80,71.5,0,10.764,11.68,13.0,77.47,13.002666666666666,77.462,"LINESTRING(77.47 13.0, 77.462 13.002667)",70,15.2,No,0,0,0,Poor,Low,0.41,1.0,0.0,20.4,Safe,SEG-00222,SEG_000000222,74.3,58,17.7,Aligned,57.8,49.7,Separated Traffic,Peri-Urban,7,True,Industrial,Poor Infrastructure,SH-87 (Magadi Rd),13,0.0,,False,51.0,58,0,0