segment_id,road_name,road_type,risk_category,road_risk_score,segment_risk_score,ai_risk_label,ai_risk_probability,prob_low_risk,prob_medium_risk,prob_high_risk,prob_critical_risk,ai_recommended_speed,recommended_safe_speed,road_function_score,infrastructure_score,exposure_score,human_tolerance_limit,operating_speed_score,crash_risk_score,start_km,end_km,start_lat,start_lon,end_lat,end_lon,geometry,posted_speed_limit,pedestrian_exposure_score,blackspot_flag,crash_count,fatal_crashes,schools_count,lighting_quality,roadside_hazards,intersection_density,speed_compliance_rate,speed_violation_score,hotspot_score,hotspot_category,human_segment_id,internal_id,speed_safety_score,original_safe_speed,misalignment_score,misalignment_category,speed_p85,ptw_share_pct,exposure_tier,urban_rural_flag,lane_count,median_presence,land_use_type,top_ai_factors,corridor_base,corridor_seq,congestion_index,congestion_category,congestion_smoothed,operating_speed_mean,final_safe_speed,minor_crashes,major_crashes
223,SH-87 (Magadi Rd) Seg-15,Highway,Moderate Misalignment,29,29,Moderate Misalignment,0.8362132744085357,0.060779829400225964,0.8362132744085357,0.1028874682125645,0.00011942797867397832,43,43,100.0,9.4,18.5,50,65.1,0,11.68,12.596,13.002666666666666,77.462,13.005333333333333,77.454,"LINESTRING(77.462 13.002667, 77.454 13.005333)",60,7.1,No,0,0,0,Poor,Low,0.42,1.0,0.0,26.1,Moderate Risk,SEG-00223,SEG_000000223,63.2,43,31.1,Moderate Misalignment,43.3,49.2,Side Impact Potential,Peri-Urban,7,False,Industrial,Poor Infrastructure | Above Human Tolerance Limit,SH-87 (Magadi Rd),14,0.0,,False,36.8,43,0,0
224,SH-87 (Magadi Rd) Seg-16,Highway,Aligned,28,28,Aligned,0.42178486421857386,0.42178486421857386,0.2186549433977264,0.3594834981231547,7.669426054507516e-05,80,80,100.0,24.7,21.0,80,83.7,0,12.596,13.512,13.005333333333333,77.454,13.008,77.446,"LINESTRING(77.454 13.005333, 77.446 13.008)",90,9.7,No,0,0,0,Good,Low,0.38,0.78,22.0,33.1,Moderate Risk,SEG-00224,SEG_000000224,54.5,80,50.8,High Misalignment,110.1,52.7,Separated Traffic,Peri-Urban,8,True,Industrial,Speed Limit Misaligned | Approach to Congestion (Tapered) | Poor Infrastructure,SH-87 (Magadi Rd),15,0.233,Light,True,79.2,80,0,0
225,SH-87 (Magadi Rd) Seg-17,Highway,Aligned,10,10,Aligned,0.8676088308646036,0.8676088308646036,0.12176561268577471,0.010620263584976584,5.292864644933526e-06,44,44,100.0,16.5,23.6,80,32.9,0,13.512,14.428,13.008,77.446,13.010666666666667,77.438,"LINESTRING(77.446 13.008, 77.438 13.010667)",60,12.0,No,0,0,0,Poor,High,0.38,1.0,0.0,21.8,Safe,SEG-00225,SEG_000000225,71.9,44,19.0,Aligned,44.5,57.7,Separated Traffic,Peri-Urban,8,True,Commercial,Active Congestion | Poor Infrastructure,SH-87 (Magadi Rd),16,0.662,Severe,False,15.3,44,0,0
226,SH-87 (Magadi Rd) Seg-18,Highway,Aligned,12,12,Aligned,0.7906773791850791,0.7906773791850791,0.19338507634528715,0.015897018221238873,4.052624839472578e-05,43,43,100.0,25.9,28.4,80,57.5,0,14.428,15.344,13.010666666666667,77.438,13.013333333333334,77.42999999999999,"LINESTRING(77.438 13.010667, 77.43 13.013333)",60,18.5,No,0,0,0,Poor,Low,0.42,1.0,0.0,22.3,Safe,SEG-00226,SEG_000000226,73.5,43,19.4,Aligned,42.6,61.0,Separated Traffic,Peri-Urban,4,True,Residential,Poor Infrastructure,SH-87 (Magadi Rd),17,0.198,Light,False,31.7,43,0,0
227,SH-87 (Magadi Rd) Seg-19,Highway,Moderate Misalignment,28,28,Moderate Misalignment,0.966737024696855,0.010877125447205347,0.966737024696855,0.022342566392775473,4.3283463164176485e-05,80,80,100.0,24.7,26.1,80,95.8,0,15.344,16.26,13.013333333333334,77.42999999999999,13.016,77.422,"LINESTRING(77.43 13.013333, 77.422 13.016)",80,13.5,No,0,0,0,Good,High,0.31,0.83,17.0,27.3,Moderate Risk,SEG-00227,SEG_000000227,65.1,80,33.1,Moderate Misalignment,93.8,61.3,Separated Traffic,Peri-Urban,6,True,Residential,Poor Infrastructure,SH-87 (Magadi Rd),18,0.0,,False,82.8,80,0,0
228,SH-87 (Magadi Rd) Seg-20,Highway,Moderate Misalignment,36,36,Moderate Misalignment,0.6980115228527902,0.0062144167774501324,0.6980115228527902,0.21633298307531557,0.07944107729444418,50,50,100.0,0.0,16.4,50,98.7,0,16.26,17.176000000000002,13.016,77.422,13.018666666666666,77.414,"LINESTRING(77.422 13.016, 77.414 13.018667)",70,1.6,No,0,0,0,Good,High,0.33,0.92,8.0,34.1,Moderate Risk,SEG-00228,SEG_000000228,50.0,50,50.0,High Misalignment,75.3,51.9,Side Impact Potential,Peri-Urban,8,False,Industrial,Speed Limit Misaligned | Poor Infrastructure | Above Human Tolerance Limit,SH-87 (Magadi Rd),19,0.0,,False,69.2,50,0,0
229,SH-87 (Magadi Rd) Seg-21,Highway,Aligned,11,11,Aligned,0.8374683680282803,0.8374683680282803,0.11936906682679845,0.04310522017348686,5.73449714343065e-05,73,73,100.0,0.0,13.6,80,81.3,0,17.176,18.092,13.018666666666666,77.414,13.021333333333333,77.40599999999999,"LINESTRING(77.414 13.018667, 77.406 13.021333)",80,3.0,No,0,0,0,Poor,Medium,0.34,1.0,0.0,20.5,Safe,SEG-00229,SEG_000000229,69.4,73,17.7,Aligned,73.4,39.8,Separated Traffic,Rural,5,True,Residential,Poor Infrastructure,SH-87 (Magadi Rd),20,0.0,,False,67.5,73,0,0
230,SH-87 (Magadi Rd) Seg-22,Highway,Aligned,10,10,Aligned,0.840953093445287,0.840953093445287,0.1519605518604493,0.00707557278645902,1.0781907804783745e-05,72,72,100.0,7.1,19.7,80,72.6,0,18.092,19.008,13.021333333333333,77.40599999999999,13.024,77.398,"LINESTRING(77.406 13.021333, 77.398 13.024)",80,13.1,No,0,0,0,Good,Medium,0.25,1.0,0.0,21.7,Safe,SEG-00230,SEG_000000230,70.1,72,18.8,Aligned,71.9,41.0,Separated Traffic,Rural,4,True,Residential,Poor Infrastructure,SH-87 (Magadi Rd),21,0.0,,False,61.7,72,0,0
231,SH-87 (Magadi Rd) Seg-23,Highway,High Misalignment,43,43,High Misalignment,0.6269396626262332,0.00997197267486658,0.3494343655208046,0.6269396626262332,0.013653999178095504,50,50,100.0,0.0,15.7,50,90.7,0,19.008,19.924,13.024,77.398,13.026666666666666,77.39,"LINESTRING(77.398 13.024, 77.39 13.026667)",60,4.0,No,0,0,0,Poor,Low,0.34,0.67,33.0,34.7,Moderate Risk,SEG-00231,SEG_000000231,48.8,50,52.0,High Misalignment,79.9,44.8,Side Impact Potential,Rural,6,False,Residential,Speed Limit Misaligned | Poor Infrastructure | Above Human Tolerance Limit,SH-87 (Magadi Rd),22,0.0,,False,66.2,50,0,0
232,SH-87 (Magadi Rd) Seg-24,Highway,Moderate Misalignment,31,56,Moderate Misalignment,0.7396551326046308,0.24211130685057436,0.7396551326046308,0.018203038408934155,3.05221358608425e-05,80,75,100.0,0.0,12.9,80,85.1,25,19.924,20.84,13.026666666666666,77.39,13.029333333333332,77.38199999999999,"LINESTRING(77.39 13.026667, 77.382 13.029333)",90,0.6,No,1,0,0,Poor,Medium,0.27,0.86,14.0,36.8,Moderate Risk,SEG-00232,SEG_000000232,49.0,80,43.3,Moderate Misalignment,102.5,41.9,Separated Traffic,Rural,7,True,Industrial,Poor Infrastructure | Above Human Tolerance Limit,SH-87 (Magadi Rd),23,0.153,Light,False,80.1,75,0,1
233,SH-87 (Magadi Rd) Seg-25,Highway,Aligned,10,10,Aligned,0.9089126484627298,0.9089126484627298,0.05398725860027139,0.03639842754662556,0.0007016653903732012,57,57,100.0,4.7,16.8,80,59.2,0,20.84,21.756,13.029333333333332,77.38199999999999,13.032,77.374,"LINESTRING(77.382 13.029333, 77.374 13.032)",70,8.1,No,0,0,0,Poor,Low,0.23,1.0,0.0,21.0,Safe,SEG-00233,SEG_000000233,70.0,57,18.2,Aligned,57.4,42.1,Separated Traffic,Rural,7,True,Residential,Poor Infrastructure,SH-87 (Magadi Rd),24,0.201,Light,False,42.8,57,0,0
234,SH-87 (Magadi Rd) Seg-26,Highway,Moderate Misalignment,26,26,Moderate Misalignment,0.8410099239591659,0.13927216235950382,0.8410099239591659,0.019703119148100925,1.4794533229383308e-05,61,61,100.0,5.9,17.4,80,39.3,0,21.756,22.672,13.032,77.374,13.034666666666666,77.366,"LINESTRING(77.374 13.032, 77.366 13.034667)",90,7.9,No,0,0,0,Poor,High,0.27,1.0,0.0,26.2,Moderate Risk,SEG-00234,SEG_000000234,62.5,61,31.2,Moderate Misalignment,60.9,44.9,Separated Traffic,Rural,8,True,Commercial,Poor Infrastructure | Above Human Tolerance Limit,SH-87 (Magadi Rd),25,0.0,,False,49.5,61,0,0
235,SH-87 (Magadi Rd) Seg-27,Highway,High Misalignment,48,48,High Misalignment,0.8211888865204854,0.0015594276406063088,0.17724249080026516,0.8211888865204854,9.19503864310277e-06,50,50,100.0,0.0,14.8,50,45.2,0,22.672,23.588,13.034666666666666,77.366,13.037333333333333,77.35799999999999,"LINESTRING(77.366 13.034667, 77.358 13.037333)",80,4.8,No,0,0,0,Poor,Medium,0.26,1.0,0.0,36.5,Moderate Risk,SEG-00235,SEG_000000235,45.9,50,56.9,High Misalignment,54.2,40.7,Side Impact Potential,Rural,7,False,Residential,Speed Limit Misaligned | Poor Infrastructure | Above Human Tolerance Limit,SH-87 (Magadi Rd),26,0.0,,False,43.5,50,0,0
236,SH-87 (Magadi Rd) Seg-28,Highway,Aligned,10,10,Aligned,0.8709830100746767,0.8709830100746767,0.11199813579373308,0.017006619923394136,1.2234208196112575e-05,62,62,100.0,34.1,23.7,80,55.6,0,23.588,24.504,13.037333333333333,77.35799999999999,13.04,77.35,"LINESTRING(77.358 13.037333, 77.35 13.04)",80,21.9,No,0,0,1,Poor,High,0.22,1.0,0.0,19.2,Safe,SEG-00236,SEG_000000236,76.8,62,16.7,Aligned,61.9,37.9,Separated Traffic,Rural,4,True,Residential,Poor Infrastructure,SH-87 (Magadi Rd),27,0.0,,False,50.4,62,0,0
284,Sarjapur Road Seg-1,Highway,Moderate Misalignment,25,25,Moderate Misalignment,0.8323091771667973,0.14542268440149173,0.8323091771667973,0.02071560839654971,0.0015525300351612761,80,80,100.0,35.3,37.2,80,88.7,0,0.0,0.94,12.925,77.665,12.921428571428573,77.67285714285715,"LINESTRING(77.665 12.925, 77.672857 12.921429)",90,31.7,No,0,0,1,Good,High,0.42,0.96,4.0,30.8,Moderate Risk,SEG-00284,SEG_000000284,64.6,80,37.5,Moderate Misalignment,93.2,67.0,Separated Traffic,Urban,6,True,Industrial,Above Human Tolerance Limit,Sarjapur Road,0,0.0,,False,82.5,80,0,0
285,Sarjapur Road Seg-2,Highway,Moderate Misalignment,22,22,Moderate Misalignment,0.6238319061706682,0.3381227168707184,0.6238319061706682,0.038019753540678616,2.5623417934879865e-05,62,62,100.0,5.9,21.9,80,50.7,0,0.94,1.645,12.921428571428573,77.67285714285715,12.91875,77.67875000000001,"LINESTRING(77.672857 12.921429, 77.67875 12.91875)",90,12.9,No,0,0,0,Poor,Low,0.53,1.0,0.0,28.0,Moderate Risk,SEG-00285,SEG_000000285,61.6,62,32.7,Moderate Misalignment,62.2,49.3,Separated Traffic,Peri-Urban,8,True,Commercial,Poor Infrastructure | Above Human Tolerance Limit,Sarjapur Road,1,0.0,,False,57.1,62,0,0
286,Sarjapur Road Seg-3,Highway,Moderate Misalignment,18,18,Moderate Misalignment,0.5018824872383956,0.48867303823107955,0.5018824872383956,0.0094168163594755,2.7658171049409745e-05,80,80,100.0,28.2,24.9,80,76.1,0,1.645,1.88,12.91875,77.67875000000001,12.917857142857144,77.68071428571429,"LINESTRING(77.67875 12.91875, 77.680714 12.917857)",90,15.2,No,0,0,0,Poor,Low,0.51,1.0,0.0,25.8,Moderate Risk,SEG-00286,SEG_000000286,67.1,80,30.9,Moderate Misalignment,85.1,53.9,Separated Traffic,Peri-Urban,6,True,Residential,Poor Infrastructure | Above Human Tolerance Limit,Sarjapur Road,2,0.0,,False,74.1,80,0,0
287,Sarjapur Road Seg-4,Highway,Moderate Misalignment,27,27,Moderate Misalignment,0.8491164153396498,0.1142663963931262,0.8491164153396498,0.036582367798115606,3.4820469108461056e-05,80,80,100.0,21.2,24.1,80,93.2,0,1.88,2.82,12.917857142857144,77.68071428571429,12.914285714285716,77.68857142857144,"LINESTRING(77.680714 12.917857, 77.688571 12.914286)",90,17.1,No,0,0,0,Poor,High,0.4,0.93,7.0,29.0,Moderate Risk,SEG-00287,SEG_000000287,61.6,80,37.7,Moderate Misalignment,96.0,49.4,Separated Traffic,Peri-Urban,8,True,Residential,Poor Infrastructure | Above Human Tolerance Limit,Sarjapur Road,3,0.0,,False,85.5,80,0,0
288,Sarjapur Road Seg-5,Highway,Moderate Misalignment,27,27,Moderate Misalignment,0.9250650607784411,0.05189206665114945,0.9250650607784411,0.023021637468008036,2.1235102401547097e-05,80,80,100.0,5.9,22.1,80,99.3,0,2.82,3.76,12.914285714285716,77.68857142857144,12.910714285714286,77.69642857142857,"LINESTRING(77.688571 12.914286, 77.696429 12.910714)",80,11.5,No,0,0,0,Good,High,0.4,0.8,20.0,29.5,Moderate Risk,SEG-00288,SEG_000000288,59.3,80,36.5,Moderate Misalignment,96.1,51.9,Separated Traffic,Peri-Urban,8,True,Residential,Poor Infrastructure,Sarjapur Road,4,0.0,,False,80.5,80,0,0
289,Sarjapur Road Seg-6,Highway,Aligned,10,10,Aligned,0.8540119265633647,0.8540119265633647,0.13988867346368278,0.006084638704999488,1.4761267952970052e-05,63,63,100.0,10.6,18.6,80,80.6,0,3.7599999999999993,4.699999999999999,12.910714285714286,77.69642857142857,12.907142857142858,77.70428571428572,"LINESTRING(77.696429 12.910714, 77.704286 12.907143)",70,4.1,No,0,0,0,Good,Medium,0.48,1.0,0.0,20.8,Safe,SEG-00289,SEG_000000289,71.3,63,18.0,Aligned,63.1,55.1,Separated Traffic,Peri-Urban,5,True,Industrial,Poor Infrastructure,Sarjapur Road,5,0.0,,False,57.1,63,0,0
290,Sarjapur Road Seg-7,Highway,Aligned,9,9,Aligned,0.8981091098101669,0.8981091098101669,0.09644290330884236,0.005441279961632871,6.706919358070047e-06,71,71,100.0,10.6,21.1,80,62.3,0,4.699999999999999,5.639999999999999,12.907142857142858,77.70428571428572,12.903571428571428,77.71214285714285,"LINESTRING(77.704286 12.907143, 77.712143 12.903571)",80,10.5,No,0,0,0,Poor,Low,0.49,1.0,0.0,21.8,Safe,SEG-00290,SEG_000000290,70.8,71,18.9,Aligned,70.7,50.2,Separated Traffic,Peri-Urban,6,True,Residential,Poor Infrastructure,Sarjapur Road,6,0.166,Light,False,54.8,71,0,0
291,Sarjapur Road Seg-8,Highway,Moderate Misalignment,23,23,Moderate Misalignment,0.5658088314752773,0.33864647229651823,0.5658088314752773,0.0954538396851185,9.085654308606206e-05,60,60,100.0,29.4,23.8,80,92.4,0,5.640000000000001,6.58,12.903571428571428,77.71214285714285,12.9,77.72,"LINESTRING(77.712143 12.903571, 77.72 12.9)",60,15.2,No,0,0,0,Poor,High,0.46,1.0,0.0,20.0,Safe,SEG-00291,SEG_000000291,75.4,60,17.4,Aligned,59.9,52.4,Separated Traffic,Peri-Urban,7,True,Industrial,Poor Infrastructure,Sarjapur Road,7,0.0,,False,54.9,60,0,0
292,Sarjapur Road Seg-9,Highway,Aligned,13,13,Aligned,0.7038916166879075,0.7038916166879075,0.285193304113818,0.010893952419140228,2.112677913445565e-05,55,55,100.0,28.2,26.6,80,53.0,0,6.579999999999999,7.500999999999999,12.9,77.72,12.896666666666668,77.72777777777777,"LINESTRING(77.72 12.9, 77.727778 12.896667)",80,19.0,No,0,0,2,Poor,Medium,0.39,1.0,0.0,21.2,Safe,SEG-00292,SEG_000000292,74.5,55,18.5,Aligned,54.9,53.4,Separated Traffic,Peri-Urban,8,True,Industrial,Poor Infrastructure,Sarjapur Road,8,0.0,,False,48.7,55,0,0
293,Sarjapur Road Seg-10,Highway,Aligned,10,10,Aligned,0.8495496787900522,0.8495496787900522,0.14282205187896396,0.007618549833653072,9.71949733094871e-06,55,55,100.0,20.0,22.4,80,76.0,0,7.501,8.422,12.896666666666668,77.72777777777777,12.893333333333333,77.73555555555555,"LINESTRING(77.727778 12.896667, 77.735556 12.893333)",60,13.2,No,0,0,0,Poor,High,0.35,1.0,0.0,20.8,Safe,SEG-00293,SEG_000000293,73.1,55,18.1,Aligned,55.1,50.5,Separated Traffic,Peri-Urban,4,True,Residential,Poor Infrastructure,Sarjapur Road,9,0.133,Light,False,44.0,55,0,0
294,Sarjapur Road Seg-11,Highway,Moderate Misalignment,26,36,Moderate Misalignment,0.7190188629207366,0.2525629021098443,0.7190188629207366,0.028399095395315592,1.91395741034492e-05,65,63,100.0,5.9,21.2,80,50.9,10,8.422,9.343,12.893333333333333,77.73555555555555,12.89,77.74333333333334,"LINESTRING(77.735556 12.893333, 77.743333 12.89)",80,11.7,No,1,0,0,Poor,High,0.35,1.0,0.0,25.0,Moderate Risk,SEG-00294,SEG_000000294,67.5,65,19.5,Aligned,64.9,50.5,Separated Traffic,Peri-Urban,4,True,Residential,Poor Infrastructure,Sarjapur Road,10,0.214,Light,False,47.3,63,1,0
295,Sarjapur Road Seg-12,Highway,High Misalignment,55,75,High Misalignment,0.8679527408589471,0.011335675143489819,0.12059392666778848,0.8679527408589471,0.00011765732977472477,50,46,100.0,47.1,28.7,50,50.6,20,9.343,10.264,12.89,77.74333333333334,12.886666666666668,77.75111111111111,"LINESTRING(77.743333 12.89, 77.751111 12.886667)",90,21.0,No,2,0,0,Poor,Medium,0.3,1.0,0.0,44.9,Moderate Risk,SEG-00295,SEG_000000295,44.3,50,68.6,High Misalignment,66.3,60.2,Side Impact Potential,Peri-Urban,5,False,Residential,Speed Limit Misaligned | Above Human Tolerance Limit,Sarjapur Road,11,0.0,,False,57.1,46,2,0
296,Sarjapur Road Seg-13,Highway,Aligned,9,9,Aligned,0.9142470604191741,0.9142470604191741,0.0792991992055902,0.00644697955461698,6.760820618639618e-06,58,58,100.0,15.3,22.9,80,69.4,0,10.264,11.185,12.886666666666668,77.75111111111111,12.883333333333333,77.75888888888889,"LINESTRING(77.751111 12.886667, 77.758889 12.883333)",70,9.9,No,0,0,0,Good,High,0.33,1.0,0.0,21.8,Safe,SEG-00296,SEG_000000296,71.7,58,18.9,Aligned,57.7,59.7,Separated Traffic,Peri-Urban,6,True,Residential,Poor Infrastructure,Sarjapur Road,12,0.0,,False,49.6,58,0,0
297,Sarjapur Road Seg-14,Highway,Aligned,20,20,Aligned,0.47370709613769996,0.47370709613769996,0.4702111401648457,0.04306145900629354,0.013020304691160868,59,59,100.0,0.0,16.7,80,41.4,0,11.185,12.106,12.883333333333333,77.75888888888889,12.88,77.76666666666667,"LINESTRING(77.758889 12.883333, 77.766667 12.88)",90,8.6,No,0,0,0,Good,High,0.28,1.0,0.0,26.9,Moderate Risk,SEG-00297,SEG_000000297,61.0,59,31.7,Moderate Misalignment,59.1,40.5,Separated Traffic,Rural,4,True,Industrial,Poor Infrastructure | Above Human Tolerance Limit,Sarjapur Road,13,0.0,,False,50.9,59,0,0
298,Sarjapur Road Seg-15,Highway,Aligned,13,13,Aligned,0.7594385132865097,0.7594385132865097,0.2236625300232742,0.016885063015713662,1.3893674502555938e-05,49,49,100.0,0.0,19.3,80,55.9,0,12.106,13.027,12.88,77.76666666666667,12.876666666666669,77.77444444444446,"LINESTRING(77.766667 12.88, 77.774444 12.876667)",70,10.6,No,0,0,0,Poor,Low,0.26,1.0,0.0,22.7,Safe,SEG-00298,SEG_000000298,68.2,49,19.6,Aligned,48.6,46.0,Separated Traffic,Rural,6,True,Commercial,Poor Infrastructure,Sarjapur Road,14,0.0,,False,40.6,49,0,0
299,Sarjapur Road Seg-16,Highway,High Misalignment,45,45,High Misalignment,0.6880469092956075,0.005680135577919277,0.30620455947531366,0.6880469092956075,6.839565115956011e-05,50,50,100.0,16.5,16.3,50,46.1,0,13.027,13.948,12.876666666666669,77.77444444444446,12.873333333333331,77.78222222222223,"LINESTRING(77.774444 12.876667, 77.782222 12.873333)",80,11.0,No,0,0,0,Poor,Medium,0.27,1.0,0.0,34.5,Moderate Risk,SEG-00299,SEG_000000299,50.1,50,55.3,High Misalignment,55.0,35.0,Side Impact Potential,Rural,6,False,Residential,Speed Limit Misaligned | Poor Infrastructure | Above Human Tolerance Limit,Sarjapur Road,15,0.0,,False,44.1,50,0,0
300,Sarjapur Road Seg-17,Highway,Moderate Misalignment,24,24,Moderate Misalignment,0.7573616176478476,0.20824484078512792,0.7573616176478476,0.03435432094317624,3.9220623848144734e-05,67,67,100.0,14.1,22.0,80,91.0,0,13.948,14.869,12.873333333333331,77.78222222222223,12.87,77.79,"LINESTRING(77.782222 12.873333, 77.79 12.87)",60,14.6,No,0,0,0,Poor,High,0.22,0.88,12.0,24.6,Safe,SEG-00300,SEG_000000300,67.0,67,26.3,Moderate Misalignment,67.3,46.2,Separated Traffic,Rural,8,True,Industrial,Poor Infrastructure,Sarjapur Road,16,0.0,,False,54.0,67,0,0
301,Sarjapur Road Seg-18,Highway,Aligned,13,13,Aligned,0.7624088444333454,0.7624088444333454,0.1963183912557944,0.041265750603273664,7.0137075863780745e-06,63,63,100.0,5.9,15.8,80,75.9,0,14.869,15.748,12.87,77.79,12.867777777777777,77.79777777777778,"LINESTRING(77.79 12.87, 77.797778 12.867778)",70,9.0,No,0,0,0,Poor,High,0.25,1.0,0.0,20.4,Safe,SEG-00301,SEG_000000301,70.6,63,17.7,Aligned,62.9,35.7,Separated Traffic,Rural,7,True,Mixed,Approach to Congestion (Tapered) | Poor Infrastructure,Sarjapur Road,17,0.0,,True,53.9,63,0,0
302,Sarjapur Road Seg-19,Highway,Moderate Misalignment,29,29,Moderate Misalignment,0.9006855434574685,0.027574048937841673,0.9006855434574685,0.07171137779476122,2.9029809928424715e-05,44,44,100.0,0.0,13.2,50,28.7,0,15.748,16.627,12.867777777777777,77.79777777777778,12.865555555555554,77.80555555555556,"LINESTRING(77.797778 12.867778, 77.805556 12.865556)",60,2.0,No,0,0,0,Poor,Medium,0.26,1.0,0.0,25.5,Moderate Risk,SEG-00302,SEG_000000302,61.7,44,30.5,Moderate Misalignment,44.1,40.3,Side Impact Potential,Rural,5,False,Residential,Active Congestion | Poor Infrastructure | Above Human Tolerance Limit,Sarjapur Road,18,0.724,Severe,False,12.5,44,0,0
303,Sarjapur Road Seg-20,Highway,High Misalignment,49,49,High Misalignment,0.8699425570467096,0.007777867053960452,0.1220606396420065,0.8699425570467096,0.0002189362573234926,50,50,100.0,10.6,16.5,50,47.2,0,16.627,17.506,12.865555555555554,77.80555555555556,12.863333333333332,77.81333333333333,"LINESTRING(77.805556 12.865556, 77.813333 12.863333)",90,5.0,No,0,0,0,Good,Medium,0.24,1.0,0.0,40.7,Moderate Risk,SEG-00303,SEG_000000303,40.7,50,69.1,High Misalignment,68.2,45.9,Side Impact Potential,Rural,7,False,Residential,Speed Limit Misaligned | Poor Infrastructure | Above Human Tolerance Limit,Sarjapur Road,19,0.0,,False,54.8,50,0,0
304,Sarjapur Road Seg-21,Highway,Moderate Misalignment,29,29,Moderate Misalignment,0.9005769441376991,0.023148127535164518,0.9005769441376991,0.07620982696305688,6.510136407974023e-05,80,80,100.0,0.0,15.7,80,99.5,0,17.506,18.385,12.863333333333332,77.81333333333333,12.86111111111111,77.82111111111111,"LINESTRING(77.813333 12.863333, 77.821111 12.861111)",70,10.9,No,0,0,0,Poor,High,0.26,0.67,33.0,30.8,Moderate Risk,SEG-00304,SEG_000000304,54.7,80,42.1,Moderate Misalignment,92.9,34.1,Separated Traffic,Rural,8,True,Residential,Poor Infrastructure,Sarjapur Road,20,0.183,Light,False,69.7,80,0,0
305,Sarjapur Road Seg-22,Highway,Moderate Misalignment,27,27,Moderate Misalignment,0.8761188118043947,0.09656604887988027,0.8761188118043947,0.02730615919890227,8.980116822658569e-06,80,80,100.0,0.0,12.4,80,81.5,0,18.385,19.264,12.86111111111111,77.82111111111111,12.858888888888888,77.8288888888889,"LINESTRING(77.821111 12.861111, 77.828889 12.858889)",80,4.8,No,0,0,0,Poor,Medium,0.23,0.68,32.0,30.6,Moderate Risk,SEG-00305,SEG_000000305,53.7,80,43.8,Moderate Misalignment,105.6,33.1,Separated Traffic,Rural,7,True,Residential,Poor Infrastructure,Sarjapur Road,21,0.0,,False,92.3,80,0,0
306,Sarjapur Road Seg-23,Highway,Moderate Misalignment,18,18,Moderate Misalignment,0.5161522737353467,0.47400896534357484,0.5161522737353467,0.009825891428723725,1.2869492354714646e-05,70,70,100.0,0.0,13.4,80,45.1,0,19.264,20.143,12.858888888888888,77.8288888888889,12.856666666666666,77.83666666666667,"LINESTRING(77.828889 12.858889, 77.836667 12.856667)",90,1.9,No,0,0,0,Good,Low,0.2,1.0,0.0,25.6,Moderate Risk,SEG-00306,SEG_000000306,61.7,70,30.5,Moderate Misalignment,69.5,41.4,Separated Traffic,Rural,7,True,Residential,Approach to Congestion (Tapered) | Poor Infrastructure | Above Human Tolerance Limit,Sarjapur Road,22,0.164,Light,True,53.4,70,0,0
307,Sarjapur Road Seg-24,Highway,Aligned,10,10,Aligned,0.9144256481017884,0.9144256481017884,0.052888163227158363,0.032680836150898306,5.352520155013281e-06,78,78,100.0,0.0,14.1,80,22.5,0,20.143,21.022,12.856666666666666,77.83666666666667,12.854444444444445,77.84444444444445,"LINESTRING(77.836667 12.856667, 77.844444 12.854444)",80,0.3,No,0,0,0,Poor,Medium,0.2,1.0,0.0,20.6,Safe,SEG-00307,SEG_000000307,69.3,78,17.8,Aligned,78.5,46.6,Separated Traffic,Rural,5,True,Residential,Active Congestion | Poor Infrastructure,Sarjapur Road,23,0.644,Severe,False,28.3,78,0,0
308,Sarjapur Road Seg-25,Highway,Aligned,8,8,Aligned,0.9581995640379046,0.9581995640379046,0.03912222693507246,0.002674764414146747,3.444612876046985e-06,80,80,100.0,10.6,19.4,80,25.8,0,21.022,21.901,12.854444444444445,77.84444444444445,12.852222222222222,77.85222222222222,"LINESTRING(77.844444 12.854444, 77.852222 12.852222)",80,11.4,No,0,0,0,Poor,High,0.16,0.93,7.0,23.3,Safe,SEG-00308,SEG_000000308,67.8,80,23.8,Aligned,85.3,44.5,Separated Traffic,Rural,7,True,Residential,Active Congestion | Poor Infrastructure,Sarjapur Road,24,0.639,Severe,False,30.6,80,0,0
309,Sarjapur Road Seg-26,Highway,Moderate Misalignment,21,21,Moderate Misalignment,0.6273176462566568,0.3528474786063136,0.6273176462566568,0.019827305681570033,7.569455459656384e-06,76,76,100.0,0.0,15.2,80,53.7,0,21.901,22.78,12.852222222222222,77.85222222222222,12.85,77.86,"LINESTRING(77.852222 12.852222, 77.86 12.85)",90,8.2,No,0,0,0,Poor,Low,0.16,1.0,0.0,26.3,Moderate Risk,SEG-00309,SEG_000000309,61.3,76,31.2,Moderate Misalignment,75.5,36.2,Separated Traffic,Rural,4,True,Industrial,Poor Infrastructure | Above Human Tolerance Limit,Sarjapur Road,25,0.152,Light,False,59.1,76,0,0